rank,name,address,type,ca_name,placement_score,need,reach,recent_deaths_400m,nearest_nax_km,blight_score,hardship,transit_adjacent
1,Light Cafe Incorporated,4015 W HARRISON ST 1ST,Corner store / food mart,WEST GARFIELD PARK,109.3,72.8,1.5,46,0.67,24.7,92,True
2,SAVE-A-LOT  #859,420 S PULASKI RD,Corner store / food mart,WEST GARFIELD PARK,99.8,66.5,1.5,42,0.53,24.7,92,True
3,CRAZY PHILLY EXPRESS LLC,3903-3905 W HARRISON ST 1,Corner store / food mart,WEST GARFIELD PARK,87.9,58.6,1.5,37,0.69,24.7,92,True
4,OUR NEIGHBORHOOD QUICK STOP,346 S PULASKI RD 1ST,Corner store / food mart,WEST GARFIELD PARK,84.8,56.5,1.5,44,0.41,24.7,92,True
5,MJ FOOD MART,734 S PULASKI RD,Corner store / food mart,WEST GARFIELD PARK,83.1,55.4,1.5,35,0.7,24.7,92,True
6,JEWELEAN RESTAURANT,819 S PULASKI RD,Corner store / food mart,WEST GARFIELD PARK,68.9,45.9,1.5,29,0.62,24.7,92,True
7,"VAN-LOV, INC.",4058 W VAN BUREN ST 1ST,Tobacco / vape,WEST GARFIELD PARK,60.2,57.4,1.05,37,0.49,24.7,92,True
8,CICERO FOOD CENTER,519 S CICERO AVE,Corner store / food mart,AUSTIN,58.2,38.8,1.5,24,1.27,50.4,73,True
9,KING OF SOUL FOOD CUISINE & BAKERY,8103 S COTTAGE GROVE AVE,Corner store / food mart,CHATHAM,56.1,56.1,1.0,40,0.88,20.3,60,False
10,JERK TACO MAN,4001 W JACKSON BLVD 1ST,Corner store / food mart,WEST GARFIELD PARK,53.8,35.9,1.5,43,0.26,24.7,92,True
11,RCJ'S,8140 S COTTAGE GROVE AVE 1,Corner store / food mart,CHATHAM,53.3,53.3,1.0,38,0.92,20.3,60,False
12,SAMMY'S GRILL,6359 S DR MARTIN LUTHER KING JR DR,Corner store / food mart,WOODLAWN,51.6,34.4,1.5,25,0.74,17.2,58,True
13,"FAMILY FOOD MART, INC",8000 S COTTAGE GROVE AVE,Corner store / food mart,CHATHAM,50.5,50.5,1.0,36,0.78,20.3,60,False
14,LOTUS RESTAURANT,814-816 E 79TH ST,Corner store / food mart,GREATER GRAND CROSSING,49.7,49.7,1.0,33,0.83,35.0,66,False
15,C.C.' S CONVENIENCE STORE,4316 W MADISON ST,Corner store / food mart,WEST GARFIELD PARK,47.5,47.5,1.0,30,0.72,24.7,92,False
16,SNACK SHACK & WIRELESS INC.,1445 W 63RD ST 1ST,Corner store / food mart,WEST ENGLEWOOD,47.2,31.4,1.5,17,0.61,80.9,89,True
17,WASHINGTON GROCERY,4139 W FIFTH AVE 1ST,Tobacco / vape,WEST GARFIELD PARK,46.6,44.3,1.05,28,0.63,24.7,92,True
18,ALAMANA SUPER MARKET,6435 S DR MARTIN LUTHER KING JR DR,Corner store / food mart,WOODLAWN,45.4,30.3,1.5,22,0.77,17.2,58,True
19,NEW MADISON SUBMARINE,4403 W MADISON ST,Corner store / food mart,WEST GARFIELD PARK,44.3,44.3,1.0,28,0.87,24.7,92,False
20,B P,749 S CICERO AVE,Corner store / food mart,AUSTIN,43.7,29.1,1.5,18,0.99,50.4,73,True
21,NEW PHILADELPHIA C.O.G.I.C.,205 S CICERO AVE 1ST,Corner store / food mart,AUSTIN,43.7,43.7,1.0,27,1.64,50.4,73,False
22,H TOWN FOOD MART INC.,3839 W AUGUSTA BLVD,Corner store / food mart,HUMBOLDT PARK,43.2,43.2,1.0,27,1.23,34.9,85,False
23,TALA,3454 W 16TH ST,Corner store / food mart,NORTH LAWNDALE,43.0,43.0,1.0,27,0.6,31.5,87,False
24,REDD'S FOOD,1501 S CENTRAL PARK AVE 1,Corner store / food mart,NORTH LAWNDALE,43.0,43.0,1.0,27,0.58,31.5,87,False
25,MIDWEST GAS,10 N KILBOURN AVE,Corner store / food mart,WEST GARFIELD PARK,42.8,42.8,1.0,27,1.07,24.7,92,False
26,the original maxwell street,3801 W HARRISON ST,Corner store / food mart,WEST GARFIELD PARK,42.8,42.8,1.0,27,0.77,24.7,92,False
27,DEBBIES SOUL FOOD,5658 W MADISON ST,Corner store / food mart,AUSTIN,42.0,42.0,1.0,26,0.98,50.4,73,False
28,NEW WAY FOOD,3524 W CHICAGO AVE,Corner store / food mart,HUMBOLDT PARK,41.6,41.6,1.0,26,0.69,34.9,85,False
29,BLUE  MARLIN,1025-39 N PULASKI RD,Corner store / food mart,HUMBOLDT PARK,41.6,41.6,1.0,26,1.33,34.9,85,False
30,N K FOOD,146 S KILDARE AVE 1ST,Corner store / food mart,WEST GARFIELD PARK,41.2,41.2,1.0,26,0.66,24.7,92,False
31,MURRAY'S FISH AND CHICKEN,3359 W HARRISON ST 1ST,Corner store / food mart,EAST GARFIELD PARK,40.7,27.1,1.5,18,0.85,18.6,83,True
32,HEAL THYSELF HEALTH STORE,7907 S EVANS AVE,Corner store / food mart,CHATHAM,40.6,40.6,1.0,29,0.68,20.3,60,False
33,LUTHERAN FAMILY MISSION,4920 W MADISON ST,Corner store / food mart,AUSTIN,40.4,40.4,1.0,25,1.64,50.4,73,False
34,SHARKS FISH & CHICKEN,325 S CICERO AVE,Corner store / food mart,AUSTIN,40.4,40.4,1.0,25,1.55,50.4,73,False
35,ROCKIES CANDY STORE,1100 N PULASKI RD  1,Corner store / food mart,HUMBOLDT PARK,40.0,40.0,1.0,25,1.21,34.9,85,False
36,FINE FAIR FOOD & LIQUOR,3357-3359 W 16TH ST,Corner store / food mart,NORTH LAWNDALE,39.8,39.8,1.0,25,0.6,31.5,87,False
37,CHURCH'S CHICKEN # 1053,1151 S INDEPENDENCE BLVD,Corner store / food mart,NORTH LAWNDALE,39.8,39.8,1.0,25,0.8,31.5,87,False
38,OSAMA FOODS,1308 S CENTRAL PARK AVE,Corner store / food mart,NORTH LAWNDALE,39.7,39.7,1.0,28,0.45,31.5,87,False
39,TAKE-A-PIC,306 S KOSTNER AVE 1,Corner store / food mart,WEST GARFIELD PARK,39.6,39.6,1.0,25,0.89,24.7,92,False
40,H & A SHRIMP SHOP,432 E 63RD ST,Corner store / food mart,WOODLAWN,39.2,26.1,1.5,19,0.62,17.2,58,True
41,79TH FOOD & DELI,857 E 79TH ST 1ST,Corner store / food mart,CHATHAM,39.2,39.2,1.0,28,0.96,20.3,60,False
42,ONE STOP FOOD MARKET,8222 S COTTAGE GROVE AVE 1ST,Corner store / food mart,CHATHAM,39.2,39.2,1.0,28,1.01,20.3,60,False
43,MC GEE ENTERPRISES INC,5719 W MADISON ST  1,Corner store / food mart,AUSTIN,38.8,38.8,1.0,24,1.03,50.4,73,False
44,McDonald's Restaurant,5015 W MADISON ST,Corner store / food mart,AUSTIN,38.8,38.8,1.0,24,1.58,50.4,73,False
45,MOBIL GAS,4804 W MADISON ST,Gas / filling station,AUSTIN,38.8,38.8,1.0,24,1.64,50.4,73,False
46,HABILITATIVE SYSTEMS INC,415 S KILPATRICK AVE  1ST,Corner store / food mart,AUSTIN,38.8,25.9,1.5,16,1.37,50.4,73,True
47,SAYD FOOD MART,218 S KILPATRICK AVE,Corner store / food mart,AUSTIN,38.8,38.8,1.0,24,1.47,50.4,73,False
48,KJS FOOD MART INC,1401 W 63RD ST,Corner store / food mart,WEST ENGLEWOOD,38.8,25.9,1.5,14,0.75,80.9,89,True
49,TD MARKET INC.,6129 S ASHLAND AVE 1ST,Corner store / food mart,WEST ENGLEWOOD,38.8,25.9,1.5,14,0.5,80.9,89,True
50,EGGSPLOSION ROLLS,3652 W CHICAGO AVE,Corner store / food mart,HUMBOLDT PARK,38.4,38.4,1.0,24,0.74,34.9,85,False
51,PETE'S ITALIAN BEEF & WINGS,3807 W CHICAGO AVE,Corner store / food mart,HUMBOLDT PARK,38.4,38.4,1.0,24,0.84,34.9,85,False
52,THRESHOLDS AUSTIN APTS.,334 N MENARD AVE  1,Corner store / food mart,AUSTIN,38.4,25.6,1.5,18,0.44,50.4,73,True
53,Soule' Chicago Corp,3615 W ROOSEVELT RD 1 AND MEZZ,Corner store / food mart,NORTH LAWNDALE,38.2,38.2,1.0,24,0.53,31.5,87,False
54,JEFFERY SUB,2020 E 71ST ST,Corner store / food mart,SOUTH SHORE,38.0,38.0,1.0,27,1.06,26.8,55,False
55,VALLEY JERK SPOT,936 E 79TH ST 1ST,Corner store / food mart,GREATER GRAND CROSSING,37.6,37.6,1.0,25,1.1,35.0,66,False
56,LAYMON'S,4667 W WASHINGTON BLVD 1ST,Corner store / food mart,AUSTIN,37.2,37.2,1.0,23,1.47,50.4,73,False
57,MOO & OINK INC,4848 W MADISON ST,Corner store / food mart,AUSTIN,37.2,37.2,1.0,23,1.64,50.4,73,False
58,SUBWAY,6920 S ASHLAND AVE  D,Corner store / food mart,WEST ENGLEWOOD,37.0,37.0,1.0,20,0.89,80.9,89,False
59,WINDY CITY SMOKED MEATS,6427 S ASHLAND AVE 1 R,Corner store / food mart,WEST ENGLEWOOD,37.0,24.7,1.5,15,0.45,80.9,89,True
60,MID TOWN FOODS,3855 W DIVISION ST 1ST,Corner store / food mart,HUMBOLDT PARK,36.8,36.8,1.0,23,1.21,34.9,85,False
61,SINYA MEDITERRANEAN,3725 W CHICAGO AVE GROUND,Corner store / food mart,HUMBOLDT PARK,36.8,36.8,1.0,23,0.77,34.9,85,False
62,WHALE FISH & CHICKEN,3600 W CHICAGO AVE 1ST,Corner store / food mart,HUMBOLDT PARK,36.8,36.8,1.0,23,0.7,34.9,85,False
63,GOESINTOS,5901 W CORCORAN PL,Corner store / food mart,AUSTIN,36.4,24.3,1.5,15,0.56,50.4,73,True
64,MARVIN RESTAURANT,901 S CICERO AVE,Corner store / food mart,AUSTIN,36.4,24.3,1.5,15,0.85,50.4,73,True
65,MISSISSIPPI FISH HOUSE,3001 W JACKSON BLVD,Corner store / food mart,EAST GARFIELD PARK,36.2,36.2,1.0,24,0.57,18.6,83,False
66,ELBERT FOOD MARKET,311 S KEDZIE AVE 1ST,Corner store / food mart,EAST GARFIELD PARK,36.1,24.1,1.5,20,0.4,18.6,83,True
67,ROSE AVE FOOD,304 N CENTRAL AVE 1ST,Corner store / food mart,AUSTIN,35.8,23.9,1.5,21,0.35,50.4,73,True
68,CHINA EXPRESS,6239 S ASHLAND AVE 1ST,Corner store / food mart,WEST ENGLEWOOD,35.8,23.8,1.5,17,0.38,80.9,89,True
69,SHARKS FISH & CHICKEN,2640 E 75TH ST,Corner store / food mart,SOUTH SHORE,35.6,35.6,1.0,27,0.47,26.8,55,False
70,MARTINS FOOD STORE INC,913 N PULASKI RD,Corner store / food mart,HUMBOLDT PARK,35.2,35.2,1.0,22,1.28,34.9,85,False
71,MICHELE'S LOUNGE,6317 S DR MARTIN LUTHER KING JR DR 1ST,Corner store / food mart,WOODLAWN,35.1,23.4,1.5,17,0.72,17.2,58,True
72,ELBO'S BAR-B-QUE HOUSE,3600 W 16TH ST,Corner store / food mart,NORTH LAWNDALE,35.0,35.0,1.0,22,0.57,31.5,87,False
73,BIG SHARKS,2553 E 75TH ST 1ST,Corner store / food mart,SOUTH SHORE,34.3,34.3,1.0,29,0.42,26.8,55,False
74,MAXINES 1 LLC,4731 W MADISON ST 1,Corner store / food mart,AUSTIN,34.0,34.0,1.0,21,1.56,50.4,73,False
75,NICHOLAS HIGH QUALITY MEATS INC.,4619 W HARRISON ST 1ST,Corner store / food mart,AUSTIN,34.0,22.6,1.5,14,1.17,50.4,73,True
76,SEASHELL FISH & CHICKEN,7131 S JEFFERY BLVD,Corner store / food mart,SOUTH SHORE,33.8,33.8,1.0,24,1.07,26.8,55,False
77,"ITALIAN FIESTA PIZZERIA, INC",1919 E 71ST ST # 1ST,Corner store / food mart,SOUTH SHORE,33.8,33.8,1.0,24,1.25,26.8,55,False
78,CARRIE'S FAST FOOD  & SOUL FOOD RESTAURANT,3441 W CHICAGO AVE,Corner store / food mart,HUMBOLDT PARK,33.6,33.6,1.0,21,0.57,34.9,85,False
79,TMB FOOD STORE INC,1101 N RIDGEWAY AVE,Corner store / food mart,HUMBOLDT PARK,33.6,33.6,1.0,21,1.35,34.9,85,False
80,LA ESMERALDA DELI,1147 N PULASKI RD 1,Corner store / food mart,HUMBOLDT PARK,33.6,33.6,1.0,21,1.11,34.9,85,False
81,EDDY'S GRILLE HOUSE INC.,3825 W ROOSEVELT RD 1ST,Corner store / food mart,NORTH LAWNDALE,33.4,33.4,1.0,21,0.76,31.5,87,False
82,HAROLD'S CHICKEN SHACK,6843 S ASHLAND AVE 1ST,Corner store / food mart,WEST ENGLEWOOD,33.3,33.3,1.0,18,0.87,80.9,89,False
83,"WEST SIDE MARATHON, INC.",340 S SACRAMENTO BLVD,Gas / filling station,EAST GARFIELD PARK,33.2,33.2,1.0,22,0.65,18.6,83,False
84,FILL MORE FOOD MART INC,1101 S PULASKI RD,Corner store / food mart,NORTH LAWNDALE,32.9,32.9,1.0,22,0.47,31.5,87,False
85,Touba Caribbean connexion,1964 E 73RD ST 1,Corner store / food mart,SOUTH SHORE,32.4,32.4,1.0,23,1.08,26.8,55,False
86,"NEW CHINA EXPRESS, INC",2101 E 71ST ST,Corner store / food mart,SOUTH SHORE,32.4,32.4,1.0,23,0.92,26.8,55,False
87,HAROLD'S CHICKEN #5,2142 E 71ST ST,Corner store / food mart,SOUTH SHORE,32.4,32.4,1.0,23,0.83,26.8,55,False
88,TERRY'S,5950 W MADISON ST,Corner store / food mart,AUSTIN,32.3,32.3,1.0,20,1.18,50.4,73,False
89,WHAT'S POPPIN,5431 W MADISON ST,Corner store / food mart,AUSTIN,32.3,32.3,1.0,20,1.05,50.4,73,False
90,MADISON EXPRESS MINI MART,5900 W MADISON ST 1ST,Corner store / food mart,AUSTIN,32.3,32.3,1.0,20,1.1,50.4,73,False
91,J & J FISH & CHICKEN,5612 W MADISON ST 1ST,Corner store / food mart,AUSTIN,32.3,32.3,1.0,20,0.97,50.4,73,False
92,"OMAR'S CONVENIENT STORE, INC.",1019 E 82ND ST 1,Corner store / food mart,CHATHAM,32.2,32.2,1.0,23,1.08,20.3,60,False
93,ACE FOOD MARKET,657 E 79TH ST 1ST,Corner store / food mart,CHATHAM,32.2,32.2,1.0,23,0.56,20.3,60,False
94,LYON'S BEVERAGE EXPRESS,3034 W ROOSEVELT RD,Corner store / food mart,NORTH LAWNDALE,31.9,31.9,1.0,20,0.71,31.5,87,False
95,PAPA JOE'S,610 S CENTRAL PARK AVE 1ST,Corner store / food mart,EAST GARFIELD PARK,31.7,31.7,1.0,21,1.04,18.6,83,False
96,GUS REMUS,4236 W MADISON ST 1ST,Corner store / food mart,WEST GARFIELD PARK,31.7,31.7,1.0,20,0.58,24.7,92,False
97,CALIFORNIA QUICK STOP INC.,340 S CALIFORNIA AVE 1ST,Corner store / food mart,EAST GARFIELD PARK,31.7,31.7,1.0,21,0.97,18.6,83,False
98,Herban Foundation,2900 W VAN BUREN ST,Corner store / food mart,EAST GARFIELD PARK,31.7,31.7,1.0,21,0.81,18.6,83,False
99,"K TOWN FOOD I, INC.",402 S KOSTNER AVE 1,Corner store / food mart,WEST GARFIELD PARK,31.7,31.7,1.0,20,0.97,24.7,92,False
100,SOUTH SHORE CELLULAR & MORE INC,2541 E 79TH ST 1,Corner store / food mart,SOUTH CHICAGO,31.6,31.6,1.0,20,1.21,40.7,75,False
101,"FISH & CHICKEN ON ROOSEVELT, INC.",3537 W ROOSEVELT RD 1 1,Corner store / food mart,NORTH LAWNDALE,31.6,31.6,1.0,24,0.41,31.5,87,False
102,Mommy Mo's Inc.,5944 W LAKE ST 1,Corner store / food mart,AUSTIN,31.5,21.0,1.5,13,0.67,50.4,73,True
103,MS FOOD,1525 W 69TH ST,Corner store / food mart,WEST ENGLEWOOD,31.4,31.4,1.0,17,0.76,80.9,89,False
104,Food 4 Less Midwest #552,7030 S ASHLAND AVE,Corner store / food mart,WEST ENGLEWOOD,31.4,31.4,1.0,17,0.93,80.9,89,False
105,MODERN DAY DEVELOPMENT INC,7847 S ESSEX AVE 1ST,Corner store / food mart,SOUTH SHORE,31.0,31.0,1.0,22,1.14,26.8,55,False
106,FALCOLN  #1,8301-8311 S COTTAGE GROVE AVE,Gas / filling station,CHATHAM,30.8,30.8,1.0,22,1.12,20.3,60,False
107,"QUENCH, THE EXPERIENCE",5815 W MADISON ST 1 1,Corner store / food mart,AUSTIN,30.7,30.7,1.0,19,1.07,50.4,73,False
108,FAMILY GROCERY,4910 W WEST END AVE 1ST,Corner store / food mart,AUSTIN,30.7,30.7,1.0,19,1.35,50.4,73,False
109,ROTHSCHILD LIQUORS,118 S CICERO AVE 1ST,Tobacco / vape,AUSTIN,30.6,43.7,0.7,27,1.66,50.4,73,False
110,QUAISEMAH FOOD MART INC.,3900 W CHICAGO AVE,Corner store / food mart,HUMBOLDT PARK,30.4,30.4,1.0,19,0.98,34.9,85,False
111,RAMOS GROCERY INC.,3759 W OHIO ST 1ST,Corner store / food mart,HUMBOLDT PARK,30.4,30.4,1.0,19,0.54,34.9,85,False
112,MONTICELLO FOOD MART,1000 N MONTICELLO AVE 1ST,Corner store / food mart,HUMBOLDT PARK,30.4,30.4,1.0,19,1.1,34.9,85,False
113,MR BABAZ,3805 W DIVISION ST,Corner store / food mart,HUMBOLDT PARK,30.4,30.4,1.0,19,1.33,34.9,85,False
114,MA'S & PA'S GROCERY SNACK SHOP,804 S CALIFORNIA AVE  1,Corner store / food mart,EAST GARFIELD PARK,30.2,30.2,1.0,20,0.91,18.6,83,False
115,MAMA'S  HOUSE,3451 W HARRISON ST,Corner store / food mart,EAST GARFIELD PARK,30.2,30.2,1.0,20,0.94,18.6,83,False
116,BROTHER FOOD & LIQUOR,4259 W VAN BUREN ST,Corner store / food mart,WEST GARFIELD PARK,30.1,30.1,1.0,19,0.78,24.7,92,False
117,MCDONALD'S,7800 S COTTAGE GROVE AVE 1ST,Corner store / food mart,GREATER GRAND CROSSING,30.1,30.1,1.0,20,0.79,35.0,66,False
118,Y & M 69TH ST FOOD MART,1638 W 69TH ST,Liquor / package goods,WEST ENGLEWOOD,30.0,33.3,0.9,18,1.0,80.9,89,False
119,MIDWEST,7050 S DAMEN AVE 1ST,Corner store / food mart,WEST ENGLEWOOD,29.6,29.6,1.0,16,1.61,80.9,89,False
120,"NADIA FISH & CHICKEN, INC.",2704 E 75TH ST 1,Corner store / food mart,SOUTH SHORE,29.6,29.6,1.0,21,0.51,26.8,55,False
121,DUNKIN DONUTS,7119 S ASHLAND AVE,Corner store / food mart,WEST ENGLEWOOD,29.6,29.6,1.0,16,0.97,80.9,89,False
122,AMER FOOD MART,3458 W LAKE ST,Corner store / food mart,EAST GARFIELD PARK,29.4,19.6,1.5,13,0.52,18.6,83,True
123,GREAT BURRITO,701 S KEDZIE AVE,Corner store / food mart,EAST GARFIELD PARK,29.4,19.6,1.5,13,0.87,18.6,83,True
124,B & H FOOD & GROCERY,713 S ALBANY AVE,Corner store / food mart,EAST GARFIELD PARK,29.4,19.6,1.5,13,0.95,18.6,83,True
125,TONYS PANTRY MART INC.,745 S KEDZIE AVE 1ST,Corner store / food mart,EAST GARFIELD PARK,29.4,19.6,1.5,13,0.87,18.6,83,True
126,FRANK FOOD MARKET #3 INC,5050 W MADISON ST,Corner store / food mart,AUSTIN,29.1,29.1,1.0,18,1.47,50.4,73,False
127,SNAPPY SNACKS,317 N CICERO AVE 1,Corner store / food mart,AUSTIN,29.1,19.4,1.5,12,1.05,50.4,73,True
128,FANTASTIC FOOD MART INC.,2453 E 75TH ST 1,Corner store / food mart,SOUTH SHORE,29.1,29.1,1.0,26,0.4,26.8,55,False
129,LILLIE WRIGHT,2961 W FIFTH AVE,Tobacco / vape,EAST GARFIELD PARK,29.1,41.6,0.7,29,0.48,18.6,83,False
130,BABY BABA INC.,3944 W CHICAGO AVE 1ST,Corner store / food mart,HUMBOLDT PARK,28.8,28.8,1.0,18,1.07,34.9,85,False
131,"HO FAT LEE CHINESE KITCHEN, I NC.",1114 S KEDZIE AVE,Corner store / food mart,NORTH LAWNDALE,28.7,28.7,1.0,18,0.52,31.5,87,False
132,CERMAK FOOD MART,4156 W CERMAK RD 1,Corner store / food mart,NORTH LAWNDALE,28.7,19.1,1.5,12,0.62,31.5,87,True
133,KENNEDY'S SON INC,3563 W FIFTH AVE,Liquor / package goods,EAST GARFIELD PARK,28.5,31.7,0.9,21,0.9,18.6,83,False
134,GATEWAY FOUNDATION RESIDENTIAL,3828 W TAYLOR ST  1ST,Corner store / food mart,WEST GARFIELD PARK,28.5,28.5,1.0,18,0.8,24.7,92,False
135,CITGO,7600 S EXCHANGE AVE,Gas / filling station,SOUTH SHORE,28.2,28.2,1.0,20,0.74,26.8,55,False
136,GAS PLUS MOBIL/BUDDY BEAR CAR WASH,3940 W WASHINGTON BLVD 1ST,Gas / filling station,WEST GARFIELD PARK,27.8,18.5,1.5,39,0.08,24.7,92,True
137,FAMILY FOOD,6510 S ASHLAND AVE  1ST,Corner store / food mart,WEST ENGLEWOOD,27.7,18.5,1.5,10,0.53,80.9,89,True
138,ASHLAND WHOLESALE INC.,6803 S ASHLAND AVE 1ST,Corner store / food mart,WEST ENGLEWOOD,27.7,27.7,1.0,15,0.89,80.9,89,False
139,"MEAT WHOLESALE FOR PUBLIC, INC",3362 W OGDEN AVE,Corner store / food mart,NORTH LAWNDALE,27.5,27.5,1.0,18,0.48,31.5,87,False
140,HAP'S GRILL,6859 S LOOMIS BLVD 1ST B,Corner store / food mart,WEST ENGLEWOOD,27.3,27.3,1.0,16,0.46,80.9,89,False
141,"IN & OUT GROCERY, INC.",3929 W GRAND AVE 1 1,Corner store / food mart,HUMBOLDT PARK,27.2,27.2,1.0,17,0.91,34.9,85,False
142,MCDONALD'S RESTAURANT,6336 S ASHLAND AVE,Corner store / food mart,WEST ENGLEWOOD,27.2,18.1,1.5,14,0.35,80.9,89,True
143,"YOYO FOOD MART, INC.",2801 W HARRISON ST 1ST,Corner store / food mart,EAST GARFIELD PARK,27.1,27.1,1.0,18,1.06,18.6,83,False
144,GENIN FOOD & LIQUOR,2917 W HARRISON ST 1ST,Corner store / food mart,EAST GARFIELD PARK,27.1,27.1,1.0,18,0.97,18.6,83,False
145,HOLLA BACK SUPERMARKET,159 N HOMAN BLVD,Corner store / food mart,EAST GARFIELD PARK,27.1,18.1,1.5,12,0.59,18.6,83,True
146,FREDINE REYNOLDS,3334 W CHICAGO AVE,Corner store / food mart,HUMBOLDT PARK,27.0,27.0,1.0,23,0.37,34.9,85,False
147,HALE FAMILY MCDONALD'S,2425 E 79TH ST,Corner store / food mart,SOUTH CHICAGO,26.8,26.8,1.0,17,1.21,40.7,75,False
148,CRANDON SUPER MARKET,2238 E 71ST ST,Corner store / food mart,SOUTH SHORE,26.8,26.8,1.0,19,0.67,26.8,55,False
149,ROYLAND GROCERY,158 N LARAMIE AVE,Corner store / food mart,AUSTIN,26.7,17.8,1.5,11,1.03,50.4,73,True
150,FIESTA BURGER HEAVEN,7832 S ASHLAND AVE 1,Corner store / food mart,AUBURN GRESHAM,26.6,26.6,1.0,17,1.03,39.4,74,False
151,FIREHOUSE / CAPTAIN HOOKS,1642 W 79TH ST 1 D & E,Corner store / food mart,AUBURN GRESHAM,26.6,26.6,1.0,17,1.18,39.4,74,False
152,HERB'S GROCERY'S,3659 W OHIO ST  1,Corner store / food mart,HUMBOLDT PARK,26.5,26.5,1.0,22,0.38,34.9,85,False
153,BIG TONY FAST FOOD,5519 W CORCORAN PL,Corner store / food mart,AUSTIN,26.5,17.7,1.5,22,0.25,50.4,73,True
154,KEELER FOOD,1945 S KEELER AVE 1ST,Corner store / food mart,NORTH LAWNDALE,26.3,17.5,1.5,11,0.89,31.5,87,True
155,WALGREENS #15507,3800 W MADISON ST  101,Corner store / food mart,WEST GARFIELD PARK,26.3,26.3,1.0,28,0.3,24.7,92,False
156,BEN'S HOTDOG STAND,3043 W FIFTH AVE,Corner store / food mart,EAST GARFIELD PARK,26.3,26.3,1.0,25,0.35,18.6,83,False
157,PARADISE CLUB,4300 W CERMAK RD,Corner store / food mart,NORTH LAWNDALE,26.3,17.5,1.5,11,0.77,31.5,87,True
158,UNCLE REMUS,4144 W MADISON ST 1ST,Corner store / food mart,WEST GARFIELD PARK,26.1,26.1,1.0,20,0.41,24.7,92,False
159,FADI INCORPORATED,656 N HOMAN AVE 1ST,Corner store / food mart,HUMBOLDT PARK,25.9,25.9,1.0,18,0.45,34.9,85,False
160,LARAMIE FOOD & LIQUOR,200 S LARAMIE AVE  1,Corner store / food mart,AUSTIN,25.9,25.9,1.0,16,1.47,50.4,73,False
161,ADAM FOOD MART,1547 N LONG AVE 1,Corner store / food mart,AUSTIN,25.9,25.9,1.0,16,0.68,50.4,73,False
162,ANM FOOD MART,1951 W GARFIELD BLVD,Corner store / food mart,WEST ENGLEWOOD,25.9,25.9,1.0,14,1.56,80.9,89,False
163,J. AND J. FISH AND CHICKEN,1252 N PULASKI RD,Corner store / food mart,HUMBOLDT PARK,25.6,25.6,1.0,16,0.91,34.9,85,False
164,FAMILY DOLLAR STORE #6280,4118 W DIVISION ST,Corner store / food mart,HUMBOLDT PARK,25.6,25.6,1.0,16,0.91,34.9,85,False
165,"M & M MINI MARKET, INC.",4036 W DIVISION ST STOREFRONT,Corner store / food mart,HUMBOLDT PARK,25.6,25.6,1.0,16,0.97,34.9,85,False
166,pizza factory,201 W 111TH ST,Corner store / food mart,ROSELAND,25.6,25.6,1.0,17,0.86,48.9,52,False
167,CHAMP'S BAR B QUE,3654 W 16TH ST,Corner store / food mart,NORTH LAWNDALE,25.5,25.5,1.0,16,0.6,31.5,87,False
168,SAVE UP FOOD MARKET,3241 W 16TH ST,Corner store / food mart,NORTH LAWNDALE,25.5,25.5,1.0,16,0.65,31.5,87,False
169,DOLLAR GENERAL STORE # 11565,2649 E 79TH ST 1ST,Corner store / food mart,SOUTH CHICAGO,25.3,25.3,1.0,16,1.25,40.7,75,False
170,CHICAGO EATS SWEET HONEY TEA & LEMONADE,4100 W MADISON ST STO,Corner store / food mart,WEST GARFIELD PARK,25.2,25.2,1.0,27,0.29,24.7,92,False
171,NEW POP-IN,413 S KEDZIE AVE,Corner store / food mart,EAST GARFIELD PARK,24.9,16.6,1.5,11,0.57,18.6,83,True
172,AMOCO GAS STATION,5201 W JACKSON BLVD 1ST,Corner store / food mart,AUSTIN,24.3,24.3,1.0,15,1.65,50.4,73,False
173,THE  ORiGINAL MAXWELL ST,601 S SACRAMENTO BLVD,Corner store / food mart,EAST GARFIELD PARK,24.1,24.1,1.0,16,0.89,18.6,83,False
174,DEBORAH'S PLACE,2822 W JACKSON BLVD,Corner store / food mart,EAST GARFIELD PARK,24.1,24.1,1.0,16,0.85,18.6,83,False
175,SUBWAY,116 W 111TH ST 1ST,Corner store / food mart,ROSELAND,24.1,24.1,1.0,16,0.74,48.9,52,False
176,S & M FOOD MARKET,5600 S WOOD ST,Corner store / food mart,WEST ENGLEWOOD,24.0,24.0,1.0,13,1.23,80.9,89,False
177,SICILIA REST & PIZZA INC,5543 S DAMEN AVE,Corner store / food mart,WEST ENGLEWOOD,24.0,24.0,1.0,13,1.54,80.9,89,False
178,IYANNA'S,1809 W 69TH ST 1ST,Corner store / food mart,WEST ENGLEWOOD,24.0,24.0,1.0,13,1.19,80.9,89,False
179,GREEN GARDEN CAFE,3517 W ARTHINGTON ST 1ST,Corner store / food mart,NORTH LAWNDALE,23.9,23.9,1.0,15,0.68,31.5,87,False
180,NEW LIFE HEALTH FOODS,3141 W ROOSEVELT RD 1,Corner store / food mart,NORTH LAWNDALE,23.7,23.7,1.0,15,0.5,31.5,87,False
181,OWEN'S SMOOTHIES & SWEETS,2411 E 75TH ST,Corner store / food mart,SOUTH SHORE,23.5,23.5,1.0,19,0.44,26.8,55,False
182,JEFE DE TACOS,7753 S ASHLAND AVE,Corner store / food mart,AUBURN GRESHAM,23.5,23.5,1.0,15,0.92,39.4,74,False
183,ACADEMY BAKERY,1239 S PULASKI RD,Corner store / food mart,NORTH LAWNDALE,23.5,23.5,1.0,16,0.46,31.5,87,False
184,ONE ELEVEN FOOD & LIQUOR INC,111 N KEDZIE AVE,Corner store / food mart,EAST GARFIELD PARK,23.4,15.6,1.5,17,0.3,18.6,83,True
185,SHRIMP STOP,3849 W MADISON ST 1ST,Corner store / food mart,WEST GARFIELD PARK,23.1,23.1,1.0,36,0.2,24.7,92,False
186,63rd FAST FOOD INC,1624 W 63RD ST,Corner store / food mart,WEST ENGLEWOOD,22.9,15.2,1.5,16,0.26,80.9,89,True
187,"Sarah's Food, Inc.",1900 E 73RD ST,Tobacco / vape,SOUTH SHORE,22.7,32.4,0.7,23,1.29,26.8,55,False
188,CHOP SUEY KITCHEN,5353 W MADISON ST # 1ST,Corner store / food mart,AUSTIN,22.6,22.6,1.0,14,1.11,50.4,73,False
189,MAMA KEMET'S GROCERY STORE,5261 W NORTH AVE 1,Corner store / food mart,AUSTIN,22.6,22.6,1.0,14,0.91,50.4,73,False
190,LARAMIE FOOD,410 S LARAMIE AVE 1ST,Corner store / food mart,AUSTIN,22.6,22.6,1.0,14,1.5,50.4,73,False
191,MAY FOOD MARKET INC.,405 S LAVERGNE AVE,Corner store / food mart,AUSTIN,22.6,22.6,1.0,14,1.41,50.4,73,False
192,DOLLAR GENERAL STORE #13777,5454 W NORTH AVE 1ST,Corner store / food mart,AUSTIN,22.6,22.6,1.0,14,0.51,50.4,73,False
193,"WALLACE CATFISH, INC.",2800 W MADISON ST 1ST,Corner store / food mart,EAST GARFIELD PARK,22.6,15.1,1.5,10,0.84,18.6,83,True
194,RML CHICAGO,3435 W VAN BUREN ST 1 1,Corner store / food mart,EAST GARFIELD PARK,22.6,22.6,1.0,15,0.74,18.6,83,False
195,WISAM FOOD,252-54 N KEDZIE AVE,Corner store / food mart,EAST GARFIELD PARK,22.6,15.1,1.5,10,0.6,18.6,83,True
196,ROSELAND COMMUNITY HOSPITAL,45 W 111TH ST  1,Corner store / food mart,ROSELAND,22.6,22.6,1.0,15,0.61,48.9,52,False
197,E R ENTERPRISES,3110 W TAYLOR ST,Corner store / food mart,EAST GARFIELD PARK,22.6,22.6,1.0,15,0.76,18.6,83,False
198,FATHER & SON BBQ,2939 W MADISON ST 1ST,Corner store / food mart,EAST GARFIELD PARK,22.6,22.6,1.0,15,0.51,18.6,83,False
199,BROTHERS 6 INC,2901-2903 W MADISON ST,Corner store / food mart,EAST GARFIELD PARK,22.6,22.6,1.0,15,0.63,18.6,83,False
200,CJ'S EATERY,3839 W GRAND AVE 1,Corner store / food mart,HUMBOLDT PARK,22.4,22.4,1.0,14,1.12,34.9,85,False
201,AUGUSTA FOOD MART INC,958 N KARLOV AVE,Corner store / food mart,HUMBOLDT PARK,22.4,22.4,1.0,14,1.33,34.9,85,False
202,"CITY-LIFE, LTD.",712 E 83RD ST 1,Corner store / food mart,CHATHAM,22.4,22.4,1.0,16,0.99,20.3,60,False
203,PRINCE FOOD MART,2924 W ROOSEVELT RD 1,Corner store / food mart,NORTH LAWNDALE,22.3,22.3,1.0,14,0.91,31.5,87,False
204,CITGO GAS,6700 S ASHLAND AVE,Corner store / food mart,WEST ENGLEWOOD,22.2,22.2,1.0,12,0.85,80.9,89,False
205,THREE STARS FOOD & LIQUOR INC,308-314 N KOSTNER AVE 1ST,Corner store / food mart,WEST GARFIELD PARK,22.2,22.2,1.0,14,0.82,24.7,92,False
206,DAVE'S TACOHOUSE,7159 S ASHLAND AVE,Corner store / food mart,WEST ENGLEWOOD,22.2,22.2,1.0,12,1.0,80.9,89,False
207,WILBORN STEWART,1900 W 69TH ST 1ST,Corner store / food mart,WEST ENGLEWOOD,22.2,22.2,1.0,12,1.19,80.9,89,False
208,ARETHA'S DREAM,616 E 79TH ST 1ST,Corner store / food mart,GREATER GRAND CROSSING,22.0,22.0,1.0,17,0.43,35.0,66,False
209,AMEN SUPERMARKET INC,2534 W 63RD ST,Corner store / food mart,CHICAGO LAWN,22.0,22.0,1.0,14,1.37,34.7,80,False
210,RAINBOW GROCERY,2003 W 69TH ST  1ST,Tobacco / vape,WEST ENGLEWOOD,22.0,31.4,0.7,17,1.28,80.9,89,False
211,BON BON PIZZA,3938 W ROOSEVELT RD,Corner store / food mart,NORTH LAWNDALE,22.0,22.0,1.0,14,0.49,31.5,87,False
212,NELSON'S MINI-MART,608 E 61ST ST 1ST,Corner store / food mart,WOODLAWN,22.0,22.0,1.0,16,0.53,17.2,58,False
213,M & M EXPRESS FOOD MART INC,7701 S ASHLAND AVE 1ST,Corner store / food mart,AUBURN GRESHAM,21.9,21.9,1.0,14,0.84,39.4,74,False
214,FAMILY DOLLAR STORE # 7612,7927 S ASHLAND AVE,Corner store / food mart,AUBURN GRESHAM,21.9,21.9,1.0,14,1.14,39.4,74,False
215,AL'S BEEF / NANCY'S PIZZA,25 S PULASKI RD,Corner store / food mart,WEST GARFIELD PARK,21.9,21.9,1.0,46,0.06,24.7,92,False
216,SALAD'S N THINGS,1719 W 79TH ST,Corner store / food mart,AUBURN GRESHAM,21.9,21.9,1.0,14,1.29,39.4,74,False
217,SUN  SUMRINE FAST FOOD,321 N LARAMIE AVE,Corner store / food mart,AUSTIN,21.8,14.6,1.5,9,0.93,50.4,73,True
218,SHAKESPEAR ROSE CULINARY KITCHEN,6246 S ST LAWRENCE AVE,Corner store / food mart,WOODLAWN,21.6,14.4,1.5,15,0.35,17.2,58,True
219,COLES SUPPORTIVE LIVING,7419 S EXCHANGE AVE 1,Corner store / food mart,SOUTH SHORE,21.5,21.5,1.0,25,0.3,26.8,55,False
220,A & A FOOD MARKET,5000 W FULTON ST 1ST,Corner store / food mart,AUSTIN,21.0,21.0,1.0,13,1.08,50.4,73,False
221,"M & S # 2 FOOD MART, INC.",209 S LOTUS AVE 1,Corner store / food mart,AUSTIN,21.0,21.0,1.0,13,1.27,50.4,73,False
222,Doughlicious wraps,5237 W MADISON ST,Corner store / food mart,AUSTIN,21.0,21.0,1.0,13,1.24,50.4,73,False
223,AVALON EAT SHOP,1016 E 83RD ST,Corner store / food mart,CHATHAM,21.0,21.0,1.0,15,1.12,20.3,60,False
224,FAMILY DOLLAR #1629,8341 S COTTAGE GROVE AVE,Corner store / food mart,CHATHAM,21.0,21.0,1.0,15,1.21,20.3,60,False
225,ARTIST ROOM CAFE,5125 W MADISON ST 1ST,Corner store / food mart,AUSTIN,21.0,21.0,1.0,13,1.4,50.4,73,False
226,DUB J'S,459 N HAMLIN AVE,Corner store / food mart,HUMBOLDT PARK,20.9,20.9,1.0,14,0.47,34.9,85,False
227,JIMMY'S SANDWICH SHOP,4000 W GRAND AVE,Corner store / food mart,HUMBOLDT PARK,20.8,20.8,1.0,13,0.77,34.9,85,False
228,K & F FOOD CORP,957 N DRAKE AVE,Corner store / food mart,HUMBOLDT PARK,20.8,20.8,1.0,13,0.89,34.9,85,False
229,HAPPY HARRY'S MART,1401 N KARLOV AVE 1,Corner store / food mart,HUMBOLDT PARK,20.8,20.8,1.0,13,0.62,34.9,85,False
230,LA FOOD MART,2838 W ROOSEVELT RD 1 1,Corner store / food mart,NORTH LAWNDALE,20.7,20.7,1.0,13,0.97,31.5,87,False
231,AMAR FOODS,525 E MARQUETTE RD  1,Corner store / food mart,WOODLAWN,20.6,20.6,1.0,15,0.74,17.2,58,False
232,"PREMIUM FOOD MART, INC.",2432-2434 W 63RD ST 1,Corner store / food mart,CHICAGO LAWN,20.5,20.5,1.0,13,1.37,34.7,80,False
233,TEBISHAT,2627 W 63RD ST,Corner store / food mart,CHICAGO LAWN,20.5,20.5,1.0,13,1.19,34.7,80,False
234,LAGNIAPPE-A CREOLE CAJUN JOYNT,1525 W 79TH ST,Corner store / food mart,AUBURN GRESHAM,20.4,20.4,1.0,13,1.02,39.4,74,False
235,FALCOZ GROUP,2908 W LAKE ST,Corner store / food mart,EAST GARFIELD PARK,20.4,13.6,1.5,9,0.73,18.6,83,True
236,CVS/PHARMACY #8506,8025 S ASHLAND AVE,Corner store / food mart,AUBURN GRESHAM,20.4,20.4,1.0,13,1.3,39.4,74,False
237,"CHINA STAR OF CHICAGO, INC.",7117 S STATE ST 1ST,Corner store / food mart,GREATER GRAND CROSSING,20.3,13.5,1.5,9,1.52,35.0,66,True
238,DELLS CONVENIENCE STORE,50 W 71ST ST  1,Corner store / food mart,GREATER GRAND CROSSING,20.3,13.5,1.5,9,1.41,35.0,66,True
239,LOGGINS NEIGH GROCERY,7000 S WOOD ST 1ST,Corner store / food mart,WEST ENGLEWOOD,20.3,20.3,1.0,11,1.3,80.9,89,False
240,"BUTCHWAY TOBACCO & SNACKS, INC.",1724 W 69TH ST 1ST,Corner store / food mart,WEST ENGLEWOOD,20.3,20.3,1.0,11,1.17,80.9,89,False
241,SUBWAY SANDWICHES,33 E 71ST ST,Corner store / food mart,GREATER GRAND CROSSING,20.3,13.5,1.5,9,1.52,35.0,66,True
242,SEE THRU CHINESE KITCHEN,6720 S STONY ISLAND AVE 1ST D,Corner store / food mart,SOUTH SHORE,19.7,19.7,1.0,14,1.61,26.8,55,False
243,THE HOUSE OF BING,6930 S SOUTH SHORE DR  1,Corner store / food mart,SOUTH SHORE,19.7,19.7,1.0,14,0.76,26.8,55,False
244,KNIT & NATS,1741 E 71ST ST,Corner store / food mart,SOUTH SHORE,19.7,19.7,1.0,14,1.56,26.8,55,False
245,Eurest Dining Services @ Safer Foundation,3210 W ARTHINGTON ST 1ST,Corner store / food mart,EAST GARFIELD PARK,19.6,19.6,1.0,13,0.72,18.6,83,False
246,PRINCETON FOODS,256 W 115TH ST,Corner store / food mart,ROSELAND,19.6,19.6,1.0,13,1.02,48.9,52,False
247,WHIPPLE LIQUORS,3015 W MADISON ST 1ST #,Liquor / package goods,EAST GARFIELD PARK,19.6,21.8,0.9,19,0.38,18.6,83,False
248,HAYDEN PRODUCE & VARITIES,10957 S WENTWORTH AVE  1ST,Corner store / food mart,ROSELAND,19.6,19.6,1.0,13,0.82,48.9,52,False
249,"JAY'S SNACKS, INC.",6626 S DR MARTIN LUTHER KING JR DR,Corner store / food mart,GREATER GRAND CROSSING,19.6,19.6,1.0,13,1.0,35.0,66,False
250,DOLLAR GENERAL STORE # 15873,5518 W CHICAGO AVE 1ST,Corner store / food mart,AUSTIN,19.4,19.4,1.0,12,0.67,50.4,73,False
251,FAMILY DOLLAR #2458,5410 W CHICAGO AVE 1 #,Corner store / food mart,AUSTIN,19.4,19.4,1.0,12,0.77,50.4,73,False
252,HAPPY DOG AVENUE,5614 W CHICAGO AVE 1,Corner store / food mart,AUSTIN,19.4,19.4,1.0,12,0.66,50.4,73,False
253,Burger King #332,4910 W NORTH AVE,Corner store / food mart,AUSTIN,19.4,19.4,1.0,12,0.85,50.4,73,False
254,BY THE HAND - AUSTIN HARVEST (FORMERLY CALLED KIDS CLUB NORTH AMERICA),423 N LARAMIE AVE,Corner store / food mart,AUSTIN,19.4,12.9,1.5,8,0.88,50.4,73,True
255,SAWWII INC,4020 W ROOSEVELT RD,Corner store / food mart,NORTH LAWNDALE,19.3,19.3,1.0,17,0.36,31.5,87,False
256,Swan Grill,1463 N PULASKI RD 1,Corner store / food mart,HUMBOLDT PARK,19.2,19.2,1.0,12,0.69,34.9,85,False
257,SHOP 4 LESS,1532-1534 N PULASKI RD 1,Corner store / food mart,HUMBOLDT PARK,19.2,19.2,1.0,12,0.63,34.9,85,False
258,"UNION FOOD MARKET, INC.",4200 W DIVISION ST 1ST,Corner store / food mart,HUMBOLDT PARK,19.2,19.2,1.0,12,0.86,34.9,85,False
259,CITGO,4351 W CERMAK RD,Gas / filling station,NORTH LAWNDALE,19.1,12.7,1.5,8,0.89,31.5,87,True
260,OTIS HUNTER,3200 W OGDEN AVE,Corner store / food mart,NORTH LAWNDALE,19.1,19.1,1.0,12,0.8,31.5,87,False
261,21 ST. FOOD MARKET INC.,2022-24 S PULASKI RD,Corner store / food mart,NORTH LAWNDALE,19.1,12.7,1.5,8,0.72,31.5,87,True
262,CHARTWELLS THOMPSON HOSPITALITY,931 S HOMAN AVE 1ST,Corner store / food mart,NORTH LAWNDALE,19.1,19.1,1.0,12,0.55,31.5,87,False
263,ADVANCED PETROLEUM,3035-3041 W 63RD ST 1ST,Gas / filling station,CHICAGO LAWN,19.1,19.1,1.0,13,0.47,34.7,80,False
264,TREAT YOURSELF LLC,1138 S CALIFORNIA AVE,Corner store / food mart,NORTH LAWNDALE,19.1,19.1,1.0,12,0.86,31.5,87,False
265,BUFFALO SAM,508 S KOSTNER AVE STOREFRONT,Corner store / food mart,WEST GARFIELD PARK,19.0,19.0,1.0,12,0.95,24.7,92,False
266,ARTISON AND CO,6343 S WESTERN AVE 1ST,Corner store / food mart,CHICAGO LAWN,18.9,18.9,1.0,12,1.25,34.7,80,False
267,CHOP SUEY WOK,6812 S WESTERN AVE 1ST,Corner store / food mart,CHICAGO LAWN,18.9,18.9,1.0,12,1.63,34.7,80,False
268,VILLAGE FOOD MARKET INC.,1759 W 79TH ST 1ST,Corner store / food mart,AUBURN GRESHAM,18.8,18.8,1.0,12,1.4,39.4,74,False
269,SOUTHWOOD,5701 S WOOD ST 1ST,Corner store / food mart,WEST ENGLEWOOD,18.5,18.5,1.0,10,1.24,80.9,89,False
270,VERTIS LINDSEY,1202 W 63RD ST 1ST,Corner store / food mart,WEST ENGLEWOOD,18.5,18.5,1.0,10,1.1,80.9,89,False
271,DELIGHT,6729 S HERMITAGE AVE,Corner store / food mart,WEST ENGLEWOOD,18.5,18.5,1.0,10,0.87,80.9,89,False
272,A&G WHOLESALE FOODS LIQUORS,6945 S STATE ST 1ST,Liquor / package goods,GREATER GRAND CROSSING,18.3,13.5,1.35,9,1.23,35.0,66,True
273,FAMILY FOOD MART,3024 E CHELTENHAM PL,Corner store / food mart,SOUTH SHORE,18.3,18.3,1.0,13,1.5,26.8,55,False
274,COLES GROCERY & DOLLAR INC.,2800 E 76TH ST 1ST,Corner store / food mart,SOUTH SHORE,18.3,18.3,1.0,13,0.74,26.8,55,False
275,J FAMILY ENTERPRISES INC,1457 W MARQUETTE RD,Liquor / package goods,WEST ENGLEWOOD,18.3,20.3,0.9,11,0.78,80.9,89,False
276,79TH FOOD BASKET,2346 E 79TH ST,Corner store / food mart,SOUTH SHORE,18.3,18.3,1.0,13,1.21,26.8,55,False
277,PLAZA FOOD AND LIQUOR,3455-3459 W OGDEN AVE 1,Liquor / package goods,NORTH LAWNDALE,18.2,13.5,1.35,16,0.26,31.5,87,True
278,SANCHEZ TACOS,4001 W OGDEN AVE,Corner store / food mart,NORTH LAWNDALE,18.2,12.2,1.5,9,0.42,31.5,87,True
279,CANNONS JERK,442 E 75TH ST GROUND,Corner store / food mart,GREATER GRAND CROSSING,18.1,18.1,1.0,12,0.86,35.0,66,False
280,EFFIE BONNER,6714 S ADA ST,Tobacco / vape,WEST ENGLEWOOD,18.1,25.9,0.7,14,0.54,80.9,89,False
281,PHILLY STEAK & LEMONADE,5202 W WASHINGTON BLVD,Corner store / food mart,AUSTIN,17.8,17.8,1.0,11,1.14,50.4,73,False
282,C & P FRIED RICE 2,524 S LARAMIE AVE,Corner store / food mart,AUSTIN,17.8,17.8,1.0,11,1.37,50.4,73,False
283,GATE'S GROCERY,922 N PARKSIDE AVE 1ST,Corner store / food mart,AUSTIN,17.8,17.8,1.0,11,0.93,50.4,73,False
284,FORTY ACRES FRESH MARKET LLC,5705-5715 W CHICAGO AVE,Corner store / food mart,AUSTIN,17.8,17.8,1.0,11,0.66,50.4,73,False
285,JOE'S WHOLESALE,4048 W CHICAGO AVE,Corner store / food mart,HUMBOLDT PARK,17.6,17.6,1.0,11,1.08,34.9,85,False
286,BELLA VITA PIZZARIA,3737 W GRAND AVE 1ST,Corner store / food mart,HUMBOLDT PARK,17.6,17.6,1.0,11,1.27,34.9,85,False
287,"THE HEARTY BOYS CATERERS, INC.",3525 W GRAND AVE 1,Corner store / food mart,HUMBOLDT PARK,17.6,17.6,1.0,11,1.04,34.9,85,False
288,CAMACHO RESTAURANT,1155 N LAWNDALE AVE 1ST,Corner store / food mart,HUMBOLDT PARK,17.6,17.6,1.0,11,1.38,34.9,85,False
289,M & K FOODS,216 N KEELER AVE,Corner store / food mart,WEST GARFIELD PARK,17.6,17.6,1.0,12,0.46,24.7,92,False
290,"AB STATE PETROLEUM, INC.",11100 S STATE ST,Gas / filling station,ROSELAND,17.5,17.5,1.0,12,0.49,48.9,52,False
291,ROOSEVELT FOOD & DOLLAR,3902 W ROOSEVELT RD,Corner store / food mart,NORTH LAWNDALE,17.5,17.5,1.0,11,0.61,31.5,87,False
292,FALCON FUEL,43-57 N HOMAN BLVD 1ST,Gas / filling station,EAST GARFIELD PARK,17.4,17.4,1.0,14,0.41,18.6,83,False
293,N & S MARKET,1253 S KEDZIE AVE 1 1,Corner store / food mart,NORTH LAWNDALE,17.4,17.4,1.0,14,0.39,31.5,87,False
294,PETIE BOYS SNACK SHOP,6900 S WESTERN AVE,Corner store / food mart,CHICAGO LAWN,17.3,17.3,1.0,11,1.73,34.7,80,False
295,FAMILY DOLLAR  # 5195,6305 S WESTERN AVE 1ST,Corner store / food mart,CHICAGO LAWN,17.3,17.3,1.0,11,1.25,34.7,80,False
296,GOLDEN FOOD MART INC,6359 S KEDZIE AVE,Corner store / food mart,CHICAGO LAWN,17.3,17.3,1.0,11,0.53,34.7,80,False
297,MORRISON'S RESTAURANT,8127 S ASHLAND AVE 1ST,Corner store / food mart,AUBURN GRESHAM,17.2,17.2,1.0,11,1.47,39.4,74,False
298,NOAH IMPORT & EXPORT,4959 W AUGUSTA BLVD,Corner store / food mart,AUSTIN,17.0,17.0,1.0,13,0.41,50.4,73,False
299,CHUBBY'S BEEF,5235 W LAKE ST 1ST,Corner store / food mart,AUSTIN,17.0,11.3,1.5,7,0.79,50.4,73,True
300,MABA AFRICAN HAIR BRAIDING,5619 W CORCORAN PL 1,Barbershop / salon,AUSTIN,16.9,18.8,0.9,27,0.22,50.4,73,True
301,FAIR EXCHANGE,7701 S EXCHANGE AVE,Corner store / food mart,SOUTH SHORE,16.9,16.9,1.0,12,1.01,26.8,55,False
302,AMSTAR FUEL & MINI MART,1900 S PULASKI RD 1ST,Corner store / food mart,NORTH LAWNDALE,16.7,11.1,1.5,7,0.84,31.5,87,True
303,J & R FOODS,1300 S SPRINGFIELD AVE,Tobacco / vape,NORTH LAWNDALE,16.7,23.9,0.7,15,0.65,31.5,87,False
304,K & H SUPER STEAK AND HOAGY,5506 S ASHLAND AVE,Corner store / food mart,WEST ENGLEWOOD,16.6,16.6,1.0,9,0.81,80.9,89,False
305,BISHOP FOOD MART,1424 W 61ST ST,Corner store / food mart,WEST ENGLEWOOD,16.6,16.6,1.0,9,0.8,80.9,89,False
306,"ENGLEWOOD FOOD MART, INC.",5544 S HOYNE AVE 1,Corner store / food mart,WEST ENGLEWOOD,16.6,16.6,1.0,9,1.45,80.9,89,False
307,WALID FOOD MART,5700 S DAMEN AVE,Corner store / food mart,WEST ENGLEWOOD,16.6,16.6,1.0,9,1.33,80.9,89,False
308,SPECIAL O'CAJUN RESTAURANT & CATERING,3451 W MADISON ST,Corner store / food mart,EAST GARFIELD PARK,16.6,16.6,1.0,11,0.55,18.6,83,False
309,ARABIC TEMPLE #44 INC,7545-7547 S COTTAGE GROVE AVE 1ST,Corner store / food mart,GREATER GRAND CROSSING,16.6,16.6,1.0,11,0.71,35.0,66,False
310,STEVE FOOD MARKET,3424 W OHIO ST 1 1,Corner store / food mart,HUMBOLDT PARK,16.5,16.5,1.0,14,0.37,34.9,85,False
311,EXQUISITE CATERING & EVENTS LLC,501 E 61ST ST  1ST,Corner store / food mart,WOODLAWN,16.5,16.5,1.0,12,0.67,17.2,58,False
312,"PERRY FOOD, INC.",101 W 107TH ST 1ST,Corner store / food mart,ROSELAND,16.5,16.5,1.0,11,0.88,48.9,52,False
313,COTTAGE GROVE FOOD MARKET,6456 S COTTAGE GROVE AVE,Corner store / food mart,WOODLAWN,16.5,11.0,1.5,11,0.36,17.2,58,True
314,MCDONALDS RESTAURANT OF IL INC,5133 W NORTH AVE,Corner store / food mart,AUSTIN,16.2,16.2,1.0,10,0.94,50.4,73,False
315,POWER TEST FUEL,5335 W CHICAGO AVE,Corner store / food mart,AUSTIN,16.2,16.2,1.0,10,0.82,50.4,73,False
316,FRIENDS FOOD MART,5217 W NORTH AVE,Corner store / food mart,AUSTIN,16.2,16.2,1.0,10,1.0,50.4,73,False
317,ANDY'S SNACK SHOP,4258 W DIVISION ST,Corner store / food mart,HUMBOLDT PARK,16.0,16.0,1.0,10,0.84,34.9,85,False
318,CAVITOS LIQUORS INC,3825 W NORTH AVE 1,Corner store / food mart,HUMBOLDT PARK,16.0,16.0,1.0,10,0.94,34.9,85,False
319,CENTRAL BAKERY,3911 W NORTH AVE  1,Corner store / food mart,HUMBOLDT PARK,16.0,16.0,1.0,10,0.79,34.9,85,False
320,SUPER JIM'S,5147 W DIVISION ST 1ST,Corner store / food mart,AUSTIN,16.0,16.0,1.0,10,0.5,50.4,73,False
321,BIG AL'S BAR-B-QUE,1568 S KEDZIE AVE,Corner store / food mart,NORTH LAWNDALE,15.9,15.9,1.0,10,0.68,31.5,87,False
322,SACRED HEART HOSPITAL,3240 W FRANKLIN BLVD,Corner store / food mart,HUMBOLDT PARK,15.8,15.8,1.0,10,0.49,34.9,85,False
323,EVANS CORNER,6958 S WENTWORTH AVE,Corner store / food mart,GREATER GRAND CROSSING,15.8,10.5,1.5,7,1.16,35.0,66,True
324,"BREAKTHROUGH, THE BRIDGE CAFE",3219 W CARROLL AVE 1ST,Corner store / food mart,EAST GARFIELD PARK,15.8,10.6,1.5,7,0.71,18.6,83,True
325,ETC. GRILL,2674 W MADISON ST 1,Corner store / food mart,EAST GARFIELD PARK,15.8,10.6,1.5,7,1.05,18.6,83,True
326,COMMUNITY FOOD MART,8211 S ASHLAND AVE,Corner store / food mart,AUBURN GRESHAM,15.7,15.7,1.0,10,1.41,39.4,74,False
327,J & J FOOD & LIQUOR,2422 W MARQUETTE RD 1,Corner store / food mart,CHICAGO LAWN,15.7,15.7,1.0,10,1.54,34.7,80,False
328,ABEER FISH MARKET,6307 S RICHMOND ST,Corner store / food mart,CHICAGO LAWN,15.7,15.7,1.0,10,0.65,34.7,80,False
329,PEPES MEXICAN  MEXICAN RESTAURANT,6230 S WESTERN AVE,Corner store / food mart,CHICAGO LAWN,15.7,15.7,1.0,10,1.28,34.7,80,False
330,ALDI #70,7627 S ASHLAND AVE 1,Corner store / food mart,AUBURN GRESHAM,15.7,15.7,1.0,10,0.79,39.4,74,False
331,ABU JENNA INC.,135 S PULASKI RD 1ST,Corner store / food mart,WEST GARFIELD PARK,15.7,15.7,1.0,33,0.06,24.7,92,False
332,JACKSON PARK HOSPITAL,7531 S STONY ISLAND AVE  264,Corner store / food mart,SOUTH SHORE,15.5,15.5,1.0,11,1.28,26.8,55,False
333,MELON EXPRESS CATERING CO,7108 S OGLESBY AVE,Corner store / food mart,SOUTH SHORE,15.5,15.5,1.0,11,0.51,26.8,55,False
334,DUNKIN DONUTS / BR,7019 S STONY ISLAND AVE 1,Corner store / food mart,SOUTH SHORE,15.5,15.5,1.0,11,1.32,26.8,55,False
335,Popeye's#835,3457 W ROOSEVELT RD,Corner store / food mart,NORTH LAWNDALE,15.4,15.4,1.0,16,0.3,31.5,87,False
336,FRATERNITE NOTRE DAME INC,502 N CENTRAL AVE,Corner store / food mart,AUSTIN,15.3,10.2,1.5,21,0.06,50.4,73,True
337,TRUDY'S FAMILY GROCERY,1428 S KEDZIE AVE,Corner store / food mart,NORTH LAWNDALE,15.3,15.3,1.0,10,0.48,31.5,87,False
338,H & H FOOD MART,6700 S RHODES AVE 1ST,Corner store / food mart,WOODLAWN,15.1,15.1,1.0,11,0.91,17.2,58,False
339,FIVE LOAVES EATERY TOO,405 E 75TH ST 1ST,Corner store / food mart,GREATER GRAND CROSSING,15.1,15.1,1.0,10,0.82,35.0,66,False
340,DEBORAH SCOTT,1359 S KARLOV AVE,Corner store / food mart,NORTH LAWNDALE,15.1,15.1,1.0,10,0.47,31.5,87,False
341,CHICAGO WINGZ AROUND THE WORLD,557 E 75TH ST 1ST,Corner store / food mart,GREATER GRAND CROSSING,15.1,15.1,1.0,10,0.9,35.0,66,False
342,M'S,6717 S SOUTH CHICAGO AVE,Corner store / food mart,WOODLAWN,15.1,15.1,1.0,11,1.06,17.2,58,False
343,FAIR FOOD MART,133 E 69TH ST 1ST,Corner store / food mart,GREATER GRAND CROSSING,15.1,15.1,1.0,10,1.32,35.0,66,False
344,JOHN LIQUORS,260-264 N PULASKI RD 1ST,Corner store / food mart,WEST GARFIELD PARK,15.0,10.0,1.5,21,0.07,24.7,92,True
345,SARAH FOOD & LIQUOR,6008 S ASHLAND AVE,Liquor / package goods,WEST ENGLEWOOD,15.0,16.6,0.9,9,0.7,80.9,89,False
346,WALGREENS #05034,6315 S KEDZIE AVE 1ST,Corner store / food mart,CHICAGO LAWN,14.9,14.9,1.0,12,0.39,34.7,80,False
347,S.B.M. FOODS,1825 W 59TH ST,Corner store / food mart,WEST ENGLEWOOD,14.8,14.8,1.0,8,0.85,80.9,89,False
348,KNA FOOD & LIQUOR,2001 W MARQUETTE RD 1,Corner store / food mart,WEST ENGLEWOOD,14.8,14.8,1.0,8,0.91,80.9,89,False
349,HAROLD'S CHICKEN SHACK,5608-5610 S ASHLAND AVE 1ST,Corner store / food mart,WEST ENGLEWOOD,14.8,14.8,1.0,8,0.85,80.9,89,False
350,Wolcott Food,6601 S WOLCOTT AVE,Corner store / food mart,WEST ENGLEWOOD,14.8,14.8,1.0,8,0.63,80.9,89,False
351,A AND L VARIETY SHOP,6800 S DAMEN AVE 1,Corner store / food mart,WEST ENGLEWOOD,14.8,14.8,1.0,8,1.08,80.9,89,False
352,ROSELAND FOOD & LIQUOR,3407 W MADISON ST,Corner store / food mart,EAST GARFIELD PARK,14.7,14.7,1.0,12,0.41,18.6,83,False
353,PANADERIA TORRES BAKERY,3111 W 63RD ST,Corner store / food mart,CHICAGO LAWN,14.7,14.7,1.0,12,0.39,34.7,80,False
354,CHAS GROCERIES,5249 W CHICAGO AVE 1 1,Corner store / food mart,AUSTIN,14.6,14.6,1.0,9,0.8,50.4,73,False
355,THE AVE FOOD MART,5851 W CHICAGO AVE,Corner store / food mart,AUSTIN,14.6,14.6,1.0,9,0.82,50.4,73,False
356,FERDINAND FOOD,4956 W FERDINAND ST,Corner store / food mart,AUSTIN,14.6,14.6,1.0,9,0.66,50.4,73,False
357,A.A.A. FOOD AND MINI MART,5300 W HARRISON ST,Corner store / food mart,AUSTIN,14.6,14.6,1.0,9,1.46,50.4,73,False
358,NEW A CHAU,5015 W NORTH AVE,Corner store / food mart,AUSTIN,14.6,14.6,1.0,9,0.85,50.4,73,False
359,NEIGHBORHOOD SUPERMARKET INC,5450 W HARRISON ST,Corner store / food mart,AUSTIN,14.6,14.6,1.0,9,1.66,50.4,73,False
360,"DAT LOCAL MART,",5540 W NORTH AVE 1 1,Corner store / food mart,AUSTIN,14.6,14.6,1.0,13,0.35,50.4,73,False
361,FOOD 4 LESS #567 FUEL CENTER,4821 W NORTH AVE 1,Gas / filling station,AUSTIN,14.6,14.6,1.0,9,0.85,50.4,73,False
362,AUGUSTA FOOD,5858 W AUGUSTA BLVD,Corner store / food mart,AUSTIN,14.6,14.6,1.0,9,1.2,50.4,73,False
363,MJ'S BARBQ,5501 W DIVISION ST 1 1,Corner store / food mart,AUSTIN,14.6,14.6,1.0,9,0.94,50.4,73,False
364,GENESIS ON THE AVENUE,5811 W CHICAGO AVE 1ST,Corner store / food mart,AUSTIN,14.6,14.6,1.0,9,0.74,50.4,73,False
365,A & W / LONG JOHN SILVERS,13 N LARAMIE AVE,Corner store / food mart,AUSTIN,14.6,14.6,1.0,9,1.29,50.4,73,False
366,ICE CREAM,1450 N CICERO AVE  Z,Corner store / food mart,AUSTIN,14.6,14.6,1.0,9,0.66,50.4,73,False
367,MEL-BAY GROCERY,4401 W CORTEZ ST,Corner store / food mart,HUMBOLDT PARK,14.4,14.4,1.0,9,0.96,34.9,85,False
368,Wishful Grocers,3220 W GRAND AVE 1,Liquor / package goods,HUMBOLDT PARK,14.4,16.0,0.9,10,0.51,34.9,85,False
369,3956 W NORTH AVE INC,1609 N PULASKI RD 1ST,Corner store / food mart,HUMBOLDT PARK,14.4,14.4,1.0,9,0.65,34.9,85,False
370,BILL'S PLACE RESTUARANT,4359 W DIVISION ST 1ST,Corner store / food mart,HUMBOLDT PARK,14.4,14.4,1.0,9,0.88,34.9,85,False
371,TAURUS EXPRESS,541 E 79TH ST 1ST,Corner store / food mart,CHATHAM,14.4,14.4,1.0,17,0.3,20.3,60,False
372,DOLLAR BARGAINS & GROCERY,4041 W NORTH AVE 1,Corner store / food mart,HUMBOLDT PARK,14.3,14.3,1.0,9,0.5,34.9,85,False
373,DANIEL'S FOOD & LIQUOR CORP,1659 S CALIFORNIA BLVD,Corner store / food mart,NORTH LAWNDALE,14.3,9.6,1.5,6,1.16,31.5,87,True
374,CATER-BIZ CHICAGO,4300 W LAKE ST 1 1,Corner store / food mart,WEST GARFIELD PARK,14.3,14.3,1.0,9,0.61,24.7,92,False
375,Fresh Way Market,3240 W ROOSEVELT RD 1,Liquor / package goods,NORTH LAWNDALE,14.3,15.9,0.9,15,0.33,31.5,87,False
376,JORDAN FOOD & LIQUOR,6301 S WENTWORTH AVE 1,Corner store / food mart,GREATER GRAND CROSSING,14.3,9.6,1.5,12,0.26,35.0,66,True
377,LAGUNITAS BREWING COMPANY,1843 S WASHTENAW AVE 1-2,Corner store / food mart,NORTH LAWNDALE,14.3,9.6,1.5,6,1.18,31.5,87,True
378,SUPER STEAK SUB,2737 W 63RD ST,Corner store / food mart,CHICAGO LAWN,14.2,14.2,1.0,9,0.98,34.7,80,False
379,EMAD M. ABDALLA,2347 W MARQUETTE RD,Corner store / food mart,CHICAGO LAWN,14.2,14.2,1.0,9,1.44,34.7,80,False
380,TAQUERIA EL BURRITO FELIZ INC,2850 W 63RD ST,Corner store / food mart,CHICAGO LAWN,14.2,14.2,1.0,9,0.74,34.7,80,False
381,LENORE'S KITCHEN,2447 W LITHUANIAN PLAZA CT,Corner store / food mart,CHICAGO LAWN,14.2,14.2,1.0,9,1.84,34.7,80,False
382,JOHNNIE'S PIZZA,6558 S WESTERN AVE 1,Corner store / food mart,CHICAGO LAWN,14.2,14.2,1.0,9,1.39,34.7,80,False
383,FISH UNLIMITED,1419 W 79TH ST 1ST,Corner store / food mart,AUBURN GRESHAM,14.1,14.1,1.0,9,0.89,39.4,74,False
384,J & J FISH & CHICKEN,6814 S STONY ISLAND AVE 1ST,Corner store / food mart,SOUTH SHORE,14.1,14.1,1.0,10,1.49,26.8,55,False
385,PEPES MEXICAN RESTAURANT,1901 W 79TH ST,Corner store / food mart,AUBURN GRESHAM,14.1,14.1,1.0,9,1.58,39.4,74,False
386,FISHERMAN'S iSLAND,8259 S ASHLAND AVE,Corner store / food mart,AUBURN GRESHAM,14.1,14.1,1.0,9,1.26,39.4,74,False
387,"SOUTH SHORE MINI PANTRY,INC.",7447 S SOUTH SHORE DR 1,Corner store / food mart,SOUTH SHORE,14.1,14.1,1.0,10,0.51,26.8,55,False
388,J'S FOOD MART,6500 S UNIVERSITY AVE,Corner store / food mart,WOODLAWN,13.8,13.8,1.0,10,0.77,17.2,58,False
389,FLAMING FRANKS,411 E 61ST ST,Corner store / food mart,WOODLAWN,13.8,13.8,1.0,10,0.8,17.2,58,False
390,B L MATTERS FOOD MARKET,3952 W MADISON ST 1ST FL UNIT A,Tobacco / vape,WEST GARFIELD PARK,13.8,19.7,0.7,39,0.16,24.7,92,False
391,ROSELAND PANTRY,10658 S MICHIGAN AVE 1ST,Corner store / food mart,ROSELAND,13.5,13.5,1.0,9,0.68,48.9,52,False
392,LEM'S BAR-B-Q,311 E 75TH ST,Corner store / food mart,GREATER GRAND CROSSING,13.5,13.5,1.0,9,0.86,35.0,66,False
393,MCDONALDS,6900 S LAFAYETTE AVE,Corner store / food mart,GREATER GRAND CROSSING,13.5,9.0,1.5,6,1.03,35.0,66,True
394,NEW HONG KONG,658 E 75TH ST 1,Corner store / food mart,GREATER GRAND CROSSING,13.5,13.5,1.0,9,0.76,35.0,66,False
395,ROSE FOOD MART INC.,11300 S WENTWORTH AVE 1,Corner store / food mart,ROSELAND,13.5,13.5,1.0,9,0.93,48.9,52,False
396,BABAS FAMOUS STEAK & LEMONADE,7100 S MICHIGAN AVE,Corner store / food mart,GREATER GRAND CROSSING,13.5,13.5,1.0,9,1.58,35.0,66,False
397,"JIMMY'S FAMILY FOOD, INC.",102 E 79TH ST 1ST,Corner store / food mart,GREATER GRAND CROSSING,13.5,9.0,1.5,6,0.56,35.0,66,True
398,MAJ CHAS L HUNT POST 2024 VFW,742 E 75TH ST 1ST,Corner store / food mart,GREATER GRAND CROSSING,13.5,13.5,1.0,9,0.65,35.0,66,False
399,PEPE'S TACO,2 E 112TH PL,Corner store / food mart,ROSELAND,13.5,13.5,1.0,9,0.64,48.9,52,False
400,ALAADIN'S GROCERY,1724 W 61ST ST 1ST,Corner store / food mart,WEST ENGLEWOOD,13.5,13.5,1.0,8,0.46,80.9,89,False
401,SOSA WIRELESS INC,1358 S TRIPP AVE 1ST,Corner store / food mart,NORTH LAWNDALE,13.4,13.4,1.0,10,0.42,31.5,87,False
402,"CINEMAS ENTERTAINMENT, LLC",3330 W ROOSEVELT RD,Corner store / food mart,NORTH LAWNDALE,13.2,13.2,1.0,17,0.24,31.5,87,False
403,MYRTLE'S KITCHEN,5800 W DIVISION ST,Corner store / food mart,AUSTIN,12.9,12.9,1.0,8,0.84,50.4,73,False
404,LANDMARK DELI & RESTAURANT / CHEZ ROUE,5200 W CHICAGO AVE,Corner store / food mart,AUSTIN,12.9,12.9,1.0,8,0.64,50.4,73,False
405,R & S GROCERY,559 N LARAMIE AVE  1,Corner store / food mart,AUSTIN,12.9,12.9,1.0,8,0.77,50.4,73,False
406,MOMENTUM COFFEE,5100 W HARRISON ST FIRST,Corner store / food mart,AUSTIN,12.9,12.9,1.0,8,1.31,50.4,73,False
407,SUBWAY,1608 W 59TH ST 1,Corner store / food mart,WEST ENGLEWOOD,12.9,12.9,1.0,7,0.92,80.9,89,False
408,"KIM FOOD, DELI & FAST FOOD",6558 S ASHLAND AVE 1ST,Corner store / food mart,WEST ENGLEWOOD,12.9,12.9,1.0,7,0.66,80.9,89,False
409,MEGA SOUL MEAL & SAND,5757 S ASHLAND AVE 1ST,Corner store / food mart,WEST ENGLEWOOD,12.9,12.9,1.0,7,1.02,80.9,89,False
410,R&B FOOD & CLOTHING STORE,5658 S LOOMIS BLVD 1ST 1A,Corner store / food mart,WEST ENGLEWOOD,12.9,12.9,1.0,7,0.61,80.9,89,False
411,DEE'S DELI,5254 W DIVISION ST 1 1,Corner store / food mart,AUSTIN,12.9,12.9,1.0,8,0.73,50.4,73,False
412,BIG TWENTY CLUB,4510 W HARRISON ST 1ST,Corner store / food mart,WEST GARFIELD PARK,12.7,12.7,1.0,8,1.03,24.7,92,False
413,KFC,7445 S STONY ISLAND AVE 1ST,Corner store / food mart,SOUTH SHORE,12.7,12.7,1.0,9,1.28,26.8,55,False
414,BURGER KING #8312,7222 S STONY ISLAND AVE,Corner store / food mart,SOUTH SHORE,12.7,12.7,1.0,9,1.16,26.8,55,False
415,AMERICAN SUB,1559 S KOSTNER AVE,Corner store / food mart,NORTH LAWNDALE,12.7,12.7,1.0,8,0.9,31.5,87,False
416,A.P. DELI INC. XI,1759 E 75TH ST 1,Corner store / food mart,SOUTH SHORE,12.7,12.7,1.0,9,1.44,26.8,55,False
417,79TH FRESH FOOD & MEAT MARKET,2900 E 79TH ST 1ST,Corner store / food mart,SOUTH SHORE,12.7,12.7,1.0,9,1.41,26.8,55,False
418,SOUTH CHICAGO SEAFOOD,1536 E 75TH ST,Corner store / food mart,SOUTH SHORE,12.7,12.7,1.0,9,1.18,26.8,55,False
419,PHILLIPS RIBS,5048 W CHICAGO AVE,Corner store / food mart,AUSTIN,12.6,12.6,1.0,10,0.39,50.4,73,False
420,EL LAR'S,8431 S COTTAGE GROVE AVE # 1ST,Corner store / food mart,CHATHAM,12.6,12.6,1.0,9,1.35,20.3,60,False
421,ARAMARK EDUCATIONAL SERVICES,1817 W 80TH ST,Corner store / food mart,AUBURN GRESHAM,12.5,12.5,1.0,8,1.57,39.4,74,False
422,GOURMET GORILLA,1132 S HOMAN AVE 1ST,Corner store / food mart,NORTH LAWNDALE,12.5,12.5,1.0,12,0.33,31.5,87,False
423,R & I VARIETY STORE,816 W 77TH ST,Corner store / food mart,AUBURN GRESHAM,12.5,12.5,1.0,8,0.86,39.4,74,False
424,MOE'S MINI MART,11134 S MICHIGAN AVE,Corner store / food mart,ROSELAND,12.3,12.3,1.0,10,0.41,48.9,52,False
425,63 FOOD,3301 W 63RD ST,Corner store / food mart,CHICAGO LAWN,12.3,12.3,1.0,10,0.39,34.7,80,False
426,EUREST DINING SERVICES,401 N CICERO AVE  1,Corner store / food mart,AUSTIN,12.1,8.1,1.5,5,0.82,50.4,73,True
427,ROSE-RIDGE FOODS,10500 S MICHIGAN AVE,Corner store / food mart,ROSELAND,12.0,12.0,1.0,8,1.03,48.9,52,False
428,SHOP-N-SAVE,135 E 71ST ST,Corner store / food mart,GREATER GRAND CROSSING,12.0,12.0,1.0,8,1.65,35.0,66,False
429,Englewood Grocery Food,7200 S WENTWORTH AVE,Corner store / food mart,GREATER GRAND CROSSING,12.0,12.0,1.0,8,1.59,35.0,66,False
430,CRIB FOOD & LIQUORS,7041 S WENTWORTH AVE,Corner store / food mart,GREATER GRAND CROSSING,12.0,12.0,1.0,8,1.31,35.0,66,False
431,MS. KING CANDY STORE AND RESTAURANT,423 E 111TH ST,Corner store / food mart,ROSELAND,12.0,12.0,1.0,8,0.5,48.9,52,False
432,M & J CHICKEN & FISH,7643 S COTTAGE GROVE AVE,Corner store / food mart,GREATER GRAND CROSSING,12.0,12.0,1.0,8,0.88,35.0,66,False
433,SIMPLY DELICIOUS CUISINE,340 W 113TH ST 1ST,Corner store / food mart,ROSELAND,12.0,12.0,1.0,8,1.24,48.9,52,False
434,"A.P. DELI RESTAURANT GROUP, INC.",10758 S MICHIGAN AVE 1ST,Corner store / food mart,ROSELAND,11.9,11.9,1.0,8,0.49,48.9,52,False
435,NATIONAL FOOD MART,1800 S PULASKI RD 1,Corner store / food mart,NORTH LAWNDALE,11.9,8.0,1.5,5,0.9,31.5,87,True
436,D &  D FRIED RICE INC,5107 W DIVISION ST,Corner store / food mart,AUSTIN,11.7,11.7,1.0,10,0.36,50.4,73,False
437,CITY FOOD,6059 S WOLCOTT AVE 1ST,Tobacco / vape,WEST ENGLEWOOD,11.7,16.6,0.7,9,0.51,80.9,89,False
438,LEONARDO'S CATERING SERVICE,4152 W LAKE ST,Corner store / food mart,WEST GARFIELD PARK,11.7,11.7,1.0,10,0.37,24.7,92,False
439,OCEAN BROASTED CHICKEN,33 N KEDZIE AVE 1ST,Corner store / food mart,EAST GARFIELD PARK,11.7,7.8,1.5,16,0.16,18.6,83,True
440,FLORIDA FOOD & LIQUOR,4201 W AUGUSTA BLVD,Liquor / package goods,HUMBOLDT PARK,11.5,12.8,0.9,8,1.29,34.9,85,False
441,BCQ RESTAURANT INC.,501 N KEDZIE AVE  A & B,Corner store / food mart,HUMBOLDT PARK,11.4,11.4,1.0,8,0.45,34.9,85,False
442,OHIO FOOD MART,5345 W OHIO ST,Corner store / food mart,AUSTIN,11.3,11.3,1.0,7,0.55,50.4,73,False
443,BEST FOOD,5751 W AUGUSTA BLVD 1ST,Corner store / food mart,AUSTIN,11.3,11.3,1.0,7,1.09,50.4,73,False
444,CENTRAL & DIVISION CITGO,1201 N CENTRAL AVE,Corner store / food mart,AUSTIN,11.3,11.3,1.0,7,0.87,50.4,73,False
445,RAY RAY FOOD MART,5401 W AUGUSTA BLVD 1ST,Corner store / food mart,AUSTIN,11.3,11.3,1.0,7,1.04,50.4,73,False
446,AARON'S BUFFALO WINGS,5410 W DIVISION ST,Corner store / food mart,AUSTIN,11.3,11.3,1.0,7,1.01,50.4,73,False
447,GREEN ACRES FOOD & LIQUOR,1636 N CICERO AVE,Corner store / food mart,AUSTIN,11.3,11.3,1.0,7,0.99,50.4,73,False
448,ICE CREAM ON AUSTIN,1613 N AUSTIN AVE 1ST,Corner store / food mart,AUSTIN,11.3,11.3,1.0,7,0.52,50.4,73,False
449,JERK MAN,7723 S STATE ST,Corner store / food mart,GREATER GRAND CROSSING,11.3,7.5,1.5,5,0.89,35.0,66,True
450,EXXON,1932 E 75TH ST,Corner store / food mart,SOUTH SHORE,11.3,11.3,1.0,8,1.19,26.8,55,False
451,Good Blessings Discount Store,2200 E 73RD ST,Corner store / food mart,SOUTH SHORE,11.3,11.3,1.0,8,0.63,26.8,55,False
452,THREE J'S BBQ & RESTAURANT,1713 E 75TH ST,Corner store / food mart,SOUTH SHORE,11.3,11.3,1.0,8,1.4,26.8,55,False
453,QUICK STOP FOOD MART,2226 E 79TH ST 1ST,Corner store / food mart,SOUTH SHORE,11.3,11.3,1.0,8,1.29,26.8,55,False
454,A P DELI,2025 E 75TH ST,Corner store / food mart,SOUTH SHORE,11.3,11.3,1.0,8,1.03,26.8,55,False
455,STARBUCKS COFFEE # 2624,7101 S STONY ISLAND AVE 1 1,Corner store / food mart,SOUTH SHORE,11.3,11.3,1.0,8,1.27,26.8,55,False
456,FAMILY DOLLAR STORE #7156,1441 E 75TH ST,Corner store / food mart,SOUTH SHORE,11.3,11.3,1.0,8,1.02,26.8,55,False
457,THE RIDGELAND CORP,7330 S RIDGELAND AVE  BLDG,Corner store / food mart,SOUTH SHORE,11.3,11.3,1.0,8,1.49,26.8,55,False
458,MOBIL MART,3601 W GRAND AVE 1ST,Corner store / food mart,HUMBOLDT PARK,11.2,11.2,1.0,7,1.22,34.9,85,False
459,TACO EL JALICIENSE,2859 W CHICAGO AVE,Corner store / food mart,HUMBOLDT PARK,11.2,11.2,1.0,7,0.6,34.9,85,False
460,LEVELZ MANAGEMENT,4024 W MADISON ST 1,Barbershop / salon,WEST GARFIELD PARK,11.2,18.7,0.6,29,0.2,24.7,92,False
461,REGGIE'S STO,4310 W 16TH ST,Corner store / food mart,NORTH LAWNDALE,11.1,11.1,1.0,7,0.84,31.5,87,False
462,SPARRER SAUSAGE CO,4325 W OGDEN AVE 1,Corner store / food mart,NORTH LAWNDALE,11.1,11.1,1.0,7,0.61,31.5,87,False
463,WILLIAMS INN,5701 S ASHLAND AVE,Corner store / food mart,WEST ENGLEWOOD,11.1,11.1,1.0,6,0.91,80.9,89,False
464,OLD FASHION MEAT MARKET,1457 S KOSTNER AVE 1ST,Corner store / food mart,NORTH LAWNDALE,11.1,11.1,1.0,7,0.71,31.5,87,False
465,THE SOUL FOOD LOUNGE,3804 W 16TH ST,Corner store / food mart,NORTH LAWNDALE,11.1,11.1,1.0,7,0.72,31.5,87,False
466,SUBWAY,800 N KEDZIE AVE LST 301,Corner store / food mart,HUMBOLDT PARK,11.0,11.0,1.0,23,0.14,34.9,85,False
467,CICERO FOOD MART,547 N CICERO AVE 1ST,Corner store / food mart,AUSTIN,11.0,11.0,1.0,7,0.49,50.4,73,False
468,BURGER KING #5495,6448 S KEDZIE AVE,Corner store / food mart,CHICAGO LAWN,11.0,11.0,1.0,7,0.7,34.7,80,False
469,BP,8642-8650 S MORGAN ST 1ST,Corner store / food mart,AUBURN GRESHAM,11.0,11.0,1.0,7,0.88,39.4,74,False
470,AFC Sushi @ Jewel Osco #3082,6014 S COTTAGE GROVE AVE,Corner store / food mart,WOODLAWN,11.0,11.0,1.0,8,0.59,17.2,58,False
471,OSCO DRUG STORE #2465,7858 S HALSTED ST,Corner store / food mart,AUBURN GRESHAM,11.0,11.0,1.0,7,1.12,39.4,74,False
472,GREAT STEAK & POTATO CO.,7901 S DAMEN AVE,Corner store / food mart,AUBURN GRESHAM,11.0,11.0,1.0,7,1.74,39.4,74,False
473,MARQUETTE GROCERY STORE,2824 W MARQUETTE RD,Corner store / food mart,CHICAGO LAWN,11.0,11.0,1.0,7,1.35,34.7,80,False
474,NEILS FOOD INC,7757 S HALSTED ST,Corner store / food mart,AUBURN GRESHAM,11.0,11.0,1.0,7,1.02,39.4,74,False
475,MCDONALD'S,6515 S WESTERN AVE,Corner store / food mart,CHICAGO LAWN,11.0,11.0,1.0,7,1.32,34.7,80,False
476,ASI ES GUERRERO,4114 W NORTH AVE,Corner store / food mart,HUMBOLDT PARK,10.9,10.9,1.0,9,0.38,34.9,85,False
477,DOLLAR TREE #07661,3146 W MADISON ST 1ST,Corner store / food mart,EAST GARFIELD PARK,10.9,7.2,1.5,16,0.13,18.6,83,True
478,"N & M FOOD MART, INC.",5914 W NORTH AVE 1ST,Corner store / food mart,AUSTIN,10.8,10.8,1.0,9,0.37,50.4,73,False
479,D'S HOUSE,1708 W 63RD ST 1 1,Corner store / food mart,WEST ENGLEWOOD,10.8,7.2,1.5,13,0.12,80.9,89,True
480,FLAMING FRANK'S MUSIC & VARIETY,10846 S MICHIGAN AVE # 1ST,Corner store / food mart,ROSELAND,10.8,10.8,1.0,10,0.36,48.9,52,False
481,Kutten Up Inc.,5457 W CHICAGO AVE,Barbershop / salon,AUSTIN,10.7,17.8,0.6,11,0.68,50.4,73,False
482,CITY PRESS JUICE & BOTTLE,3026 W CARROLL AVE,Corner store / food mart,EAST GARFIELD PARK,10.6,10.6,1.0,7,0.81,18.6,83,False
483,Citgo Fuel & Mini-Mart,126-132 E 75TH ST 1ST,Gas / filling station,GREATER GRAND CROSSING,10.5,10.5,1.0,7,0.97,35.0,66,False
484,HAL SYLVERS,330 W 71ST ST,Corner store / food mart,GREATER GRAND CROSSING,10.5,10.5,1.0,7,1.38,35.0,66,False
485,BIG SAMS MINI MART,10658 S STATE ST 1,Corner store / food mart,ROSELAND,10.5,10.5,1.0,7,0.77,48.9,52,False
486,FRIENDLY FOOD MARKET,7122 S VINCENNES AVE 1 G,Corner store / food mart,GREATER GRAND CROSSING,10.5,10.5,1.0,7,1.47,35.0,66,False
487,UNCLE JOHN'S BAR-B-QUE,337 E 69TH ST,Corner store / food mart,GREATER GRAND CROSSING,10.5,10.5,1.0,7,1.48,35.0,66,False
488,REGGIE'S DOG HOUSE,11052 S COTTAGE GROVE AVE 1ST,Corner store / food mart,ROSELAND,10.5,10.5,1.0,7,0.68,48.9,52,False
489,HAROLD'S CHICKEN SHACK #2,6419 S COTTAGE GROVE AVE,Corner store / food mart,WOODLAWN,10.5,7.0,1.5,10,0.26,17.2,58,True
490,"FOOD EXPRESS,INC.",10659 S WENTWORTH AVE,Corner store / food mart,ROSELAND,10.5,10.5,1.0,7,1.03,48.9,52,False
491,M & H FOOD MART 1,1325 N CENTRAL AVE,Tobacco / vape,AUSTIN,10.2,14.6,0.7,9,0.6,50.4,73,False
492,CARRIBEAN COVE RESTAURANT,8020 S DR MARTIN LUTHER KING JR DR 1 FRONT,Corner store / food mart,CHATHAM,10.1,10.1,1.0,14,0.26,20.3,60,False
493,CELIS NUTRITION,3344 W 63RD ST,Corner store / food mart,CHICAGO LAWN,10.0,10.0,1.0,7,0.45,34.7,80,False
494,GOOSE ISLAND BEER COMPANY,603 N SACRAMENTO BLVD 1ST,Corner store / food mart,HUMBOLDT PARK,9.9,9.9,1.0,7,0.44,34.9,85,False
495,LAKESIDE COMMISSARY,7337 S SOUTH SHORE DR,Corner store / food mart,SOUTH SHORE,9.9,9.9,1.0,10,0.35,26.8,55,False
496,WALGREENS #2210,11040 S MICHIGAN AVE,Corner store / food mart,ROSELAND,9.9,9.9,1.0,11,0.3,48.9,52,False
497,HAROLD'S CHICKEN SHACK #87,7348 S STONY ISLAND AVE,Corner store / food mart,SOUTH SHORE,9.9,9.9,1.0,7,1.17,26.8,55,False
498,EVANS FOOD MART,726 E 63RD ST 1ST,Corner store / food mart,WOODLAWN,9.9,6.6,1.5,16,0.05,17.2,58,True
499,HERMITAGE  MINI MART INC.,6501 S HERMITAGE AVE 1ST,Corner store / food mart,WEST ENGLEWOOD,9.9,9.9,1.0,7,0.38,80.9,89,False
500,SUNRISE FOOD MART,6900 S STONY ISLAND AVE 1ST,Corner store / food mart,SOUTH SHORE,9.9,9.9,1.0,7,1.4,26.8,55,False
501,DANIA FOOD MART INC.,1400 N KILDARE AVE,Corner store / food mart,HUMBOLDT PARK,9.8,9.8,1.0,7,0.44,34.9,85,False
502,VAN-CENTRAL FOOD & LIQUOR,5575 W VAN BUREN ST,Corner store / food mart,AUSTIN,9.7,9.7,1.0,6,1.61,50.4,73,False
503,KENTUCKY FRIED CHICKEN,6034 W NORTH AVE,Corner store / food mart,AUSTIN,9.7,9.7,1.0,6,0.64,50.4,73,False
504,PEPE'S,4743 W GRAND AVE,Corner store / food mart,AUSTIN,9.7,9.7,1.0,6,0.98,50.4,73,False
505,TAQUERIA LOS MOLCAJETES #2,1729 N CICERO AVE,Corner store / food mart,AUSTIN,9.7,9.7,1.0,6,1.0,50.4,73,False
506,UNCLE REMUS CHICKEN,4650 W NORTH AVE,Corner store / food mart,AUSTIN,9.7,9.7,1.0,6,0.77,50.4,73,False
507,RAHAT SUPER MARKET,5556 W HARRISON ST,Corner store / food mart,AUSTIN,9.7,9.7,1.0,6,1.8,50.4,73,False
508,MARIN'S ICE CREAM SHOP,4737 1/2 W NORTH AVE 1ST,Corner store / food mart,AUSTIN,9.7,9.7,1.0,6,0.9,50.4,73,False
509,MOPED CAFE CAFE,3707 3709 W NORTH AVE 1ST,Corner store / food mart,HUMBOLDT PARK,9.6,9.6,1.0,6,1.18,34.9,85,False
510,LUIS RIVERA,1701 N KEYSTONE AVE,Corner store / food mart,HUMBOLDT PARK,9.6,9.6,1.0,6,0.58,34.9,85,False
511,LA PALMA RESTAURANT,1340 N HOMAN AVE  MAIN,Corner store / food mart,HUMBOLDT PARK,9.6,9.6,1.0,6,0.75,34.9,85,False
512,H & N FOODS LLC,4152 W CHICAGO AVE,Corner store / food mart,HUMBOLDT PARK,9.6,9.6,1.0,6,1.13,34.9,85,False
513,CHILLY.EEE PHILLY'S & BEEF'S,427 N KEDZIE AVE,Corner store / food mart,HUMBOLDT PARK,9.6,9.6,1.0,6,0.59,34.9,85,False
514,"HINKEY DINKY FOOD MART, INC.",3200-3206 W DIVISION ST,Corner store / food mart,HUMBOLDT PARK,9.6,9.6,1.0,6,0.84,34.9,85,False
515,SPOTLITE GROCERY,5001 W ERIE ST,Tobacco / vape,AUSTIN,9.6,13.6,0.7,10,0.42,50.4,73,False
516,A & K B P,6600 S STONY ISLAND AVE 1,Gas / filling station,WOODLAWN,9.6,9.6,1.0,7,1.78,17.2,58,False
517,BORINKEN CAKES,5328 S ARCHER AVE,Corner store / food mart,GARFIELD RIDGE,9.6,9.6,1.0,8,1.2,6.9,32,False
518,4 SISTERS RESTAURANT,3853 W OGDEN AVE,Corner store / food mart,NORTH LAWNDALE,9.6,6.4,1.5,4,0.59,31.5,87,True
519,ARNOLDS HOLDINGS,1865 S KOSTNER AVE,Corner store / food mart,NORTH LAWNDALE,9.6,6.4,1.5,4,1.18,31.5,87,True
520,ROBUST COFFEE LOUNGE LLC,6300 S WOODLAWN AVE 1ST,Corner store / food mart,WOODLAWN,9.6,9.6,1.0,7,0.87,17.2,58,False
521,KFC,8307 S SOUTH CHICAGO AVE 1ST,Corner store / food mart,SOUTH CHICAGO,9.5,9.5,1.0,6,0.95,40.7,75,False
522,HALA FOOD MARKET INC.,10809 S WENTWORTH AVE,Tobacco / vape,ROSELAND,9.5,13.5,0.7,9,0.9,48.9,52,False
523,SOUTH SHORE HOSPITAL,8012 S CRANDON AVE 1ST,Corner store / food mart,SOUTH CHICAGO,9.5,9.5,1.0,6,1.49,40.7,75,False
524,Chico's Oven/LS41 Consulting,3023 E 83RD ST 1,Corner store / food mart,SOUTH CHICAGO,9.5,9.5,1.0,6,1.58,40.7,75,False
525,BRANDON'S FOOD MART,8261 S BRANDON AVE 1ST,Corner store / food mart,SOUTH CHICAGO,9.5,9.5,1.0,6,1.62,40.7,75,False
526,MARQUETE MOBILE INC,7200 S WESTERN AVE,Corner store / food mart,CHICAGO LAWN,9.4,9.4,1.0,6,2.19,34.7,80,False
527,HALSTED CITGO,7600 S HALSTED ST,Corner store / food mart,AUBURN GRESHAM,9.4,9.4,1.0,6,0.85,39.4,74,False
528,HAROLD'S CHICKEN SHACK,917 W 87TH ST 1ST,Corner store / food mart,AUBURN GRESHAM,9.4,9.4,1.0,6,0.98,39.4,74,False
529,"MARQUETTE PARK FOOD, INC.",3132 W MARQUETTE RD,Corner store / food mart,CHICAGO LAWN,9.4,9.4,1.0,6,1.14,34.7,80,False
530,DUNKIN DONUTS,6100 S WESTERN AVE,Corner store / food mart,CHICAGO LAWN,9.4,9.4,1.0,6,1.35,34.7,80,False
531,SALAAM RESTAURANT AND BAKERY,700-706 W 79TH ST 1ST & 2ND,Corner store / food mart,AUBURN GRESHAM,9.4,9.4,1.0,6,1.28,39.4,74,False
532,ROGER'S FOOD,3200 W 65TH PL,Corner store / food mart,CHICAGO LAWN,9.4,9.4,1.0,6,0.83,34.7,80,False
533,"KEDZIE & OHIO GROCERY PLUS, INC.",549 N KEDZIE AVE 1,Corner store / food mart,HUMBOLDT PARK,9.2,9.2,1.0,10,0.29,34.9,85,False
534,ADA FOODS,1281 W 71ST ST 1ST,Corner store / food mart,WEST ENGLEWOOD,9.2,9.2,1.0,5,0.51,80.9,89,False
535,"MAGA WAREHOUSE, INC",7311 S ASHLAND AVE 1ST,Corner store / food mart,WEST ENGLEWOOD,9.2,9.2,1.0,5,0.86,80.9,89,False
536,CUTS BY TEZ,3544 W LAKE ST 1ST,Barbershop / salon,EAST GARFIELD PARK,9.2,10.2,0.9,7,0.49,18.6,83,True
537,SUNNY SUB,380 E 71ST ST,Corner store / food mart,GREATER GRAND CROSSING,9.0,9.0,1.0,6,1.3,35.0,66,False
538,CITGO ON FULTON,2959 W FULTON ST 1ST,Corner store / food mart,EAST GARFIELD PARK,9.0,9.0,1.0,6,0.78,18.6,83,False
539,HAROLD'S CHICKEN SHACK,7318 S VINCENNES AVE 1,Corner store / food mart,GREATER GRAND CROSSING,9.0,9.0,1.0,6,1.73,35.0,66,False
540,GRILLMASTER,512 E 71ST ST 1,Corner store / food mart,GREATER GRAND CROSSING,9.0,9.0,1.0,6,1.06,35.0,66,False
541,B & B FOOD MART,381 E 69TH ST 1ST,Corner store / food mart,GREATER GRAND CROSSING,9.0,9.0,1.0,6,1.41,35.0,66,False
542,76,6901-6915 S STATE ST,Corner store / food mart,GREATER GRAND CROSSING,9.0,6.0,1.5,4,1.11,35.0,66,True
543,CALIFORNIA VALLEY FOOD,133 N CALIFORNIA AVE,Corner store / food mart,EAST GARFIELD PARK,9.0,6.0,1.5,4,0.93,18.6,83,True
544,Crossover Grill,835 E 75TH ST 1,Corner store / food mart,GREATER GRAND CROSSING,9.0,9.0,1.0,6,0.54,35.0,66,False
545,IT'S OFFICIAL BARBER SHOP,1256 W 63RD ST,Barbershop / salon,WEST ENGLEWOOD,8.9,14.8,0.6,8,0.97,80.9,89,False
546,URSULA,5112 W NORTH AVE GROUND,Barbershop / salon,AUSTIN,8.7,14.6,0.6,9,0.91,50.4,73,False
547,"67TH ONE STOP FOOD & LIQUOR, INC.",1508 E 67TH ST 1ST,Liquor / package goods,WOODLAWN,8.7,9.6,0.9,7,1.57,17.2,58,False
548,EL BUN CUBANO,643 N KEDZIE AVE,Corner store / food mart,HUMBOLDT PARK,8.6,8.6,1.0,18,0.14,34.9,85,False
549,DAMEN CITGO,6300 S DAMEN AVE,Corner store / food mart,WEST ENGLEWOOD,8.6,8.6,1.0,5,0.47,80.9,89,False
550,MARSHALL GROCERIES,1258 S KEELER AVE,Corner store / food mart,NORTH LAWNDALE,8.6,8.6,1.0,13,0.21,31.5,87,False
551,WASHBURN CULINARY INSTITUTE,7059 S SOUTH SHORE DR 4,Corner store / food mart,SOUTH SHORE,8.5,8.5,1.0,6,0.51,26.8,55,False
552,DORCHESTER FOOD & LIQUOR INC,1357 E 75TH ST 1ST,Corner store / food mart,SOUTH SHORE,8.5,8.5,1.0,6,0.89,26.8,55,False
553,ISLAND DELITES FISH & HOAGY,2110 E 79TH ST,Corner store / food mart,SOUTH SHORE,8.5,8.5,1.0,6,1.25,26.8,55,False
554,MS GEORGIA'S COOKIN',2304 E 75TH ST,Corner store / food mart,SOUTH SHORE,8.5,8.5,1.0,6,0.55,26.8,55,False
555,BEGGARS PIZZA,5133 S CICERO AVE 1ST,Corner store / food mart,GARFIELD RIDGE,8.4,8.4,1.0,7,1.35,6.9,32,False
556,FAMILY FOOD MART,8900 S COTTAGE GROVE AVE 1ST,Corner store / food mart,CHATHAM,8.4,8.4,1.0,6,2.03,20.3,60,False
557,ST. REST COUNTRY KITCHEN,727 E 87TH ST 1,Corner store / food mart,CHATHAM,8.4,8.4,1.0,6,1.74,20.3,60,False
558,MATHER'S MORE THAN A CAFE,33 E 83RD ST 1ST,Corner store / food mart,CHATHAM,8.4,8.4,1.0,6,1.07,20.3,60,False
559,FAMILY DOLLAR STORE 1938,5018 S CICERO AVE 1ST,Corner store / food mart,GARFIELD RIDGE,8.4,8.4,1.0,7,1.37,6.9,32,False
560,"HEALTHY ORGANIC KIDS,INC.",1334 N CICERO AVE,Corner store / food mart,AUSTIN,8.3,8.3,1.0,6,0.43,50.4,73,False
561,67TH FOOD  MART INC,617 E 67TH ST 1ST,Corner store / food mart,WOODLAWN,8.3,8.3,1.0,6,0.84,17.2,58,False
562,CHRISTIAN FIELDS STYLE BAR,6550 S COTTAGE GROVE AVE 1ST,Corner store / food mart,WOODLAWN,8.3,8.3,1.0,6,0.55,17.2,58,False
563,COCINA FUSION,1900 N AUSTIN AVE 1 14E,Corner store / food mart,AUSTIN,8.1,8.1,1.0,5,0.8,50.4,73,False
564,SUNSET LIQUORS,5921-5927 W DIVISION ST 1ST,Corner store / food mart,AUSTIN,8.1,8.1,1.0,5,0.95,50.4,73,False
565,FLAVOR'S SOUTHERN COOKING,5721 W DIVISION ST 1ST,Corner store / food mart,AUSTIN,8.1,8.1,1.0,5,0.85,50.4,73,False
566,PEEPLES TACO'S,5944 W CHICAGO AVE,Corner store / food mart,AUSTIN,8.1,8.1,1.0,5,0.94,50.4,73,False
567,JJ FISH & CHICKEN,154 W 95TH ST,Corner store / food mart,ROSELAND,8.1,5.4,1.5,12,0.05,48.9,52,True
568,ADAM'S FOOD MART PLUS,1339 S HOMAN AVE 1ST,Corner store / food mart,NORTH LAWNDALE,8.1,8.1,1.0,17,0.12,31.5,87,False
569,MORAD FOODS INC,1700 N KIMBALL AVE,Corner store / food mart,HUMBOLDT PARK,8.0,8.0,1.0,5,0.57,34.9,85,False
570,J'S CORNER STORE,4259 W CORTEZ ST,Corner store / food mart,HUMBOLDT PARK,8.0,8.0,1.0,5,1.16,34.9,85,False
571,DAISY CAMIDA,854 N KILDARE AVE 1,Corner store / food mart,HUMBOLDT PARK,8.0,8.0,1.0,5,1.05,34.9,85,False
572,HOMAN FOOD MARKET,3358 W LE MOYNE ST 1,Corner store / food mart,HUMBOLDT PARK,8.0,8.0,1.0,5,0.58,34.9,85,False
573,WOLFGANG PUCK CATERING AND EVENTS,1116 N KEDZIE AVE,Corner store / food mart,HUMBOLDT PARK,8.0,8.0,1.0,5,0.8,34.9,85,False
574,"JR'S FOOD MART, INC.",3407 W NORTH AVE,Corner store / food mart,HUMBOLDT PARK,8.0,8.0,1.0,5,0.57,34.9,85,False
575,GODDESS ROCKS!,1036 N KILBOURN AVE GROUND,Corner store / food mart,HUMBOLDT PARK,8.0,8.0,1.0,5,0.81,34.9,85,False
576,"DIVISION FOOD & LIQUOR, INC.",3251 W DIVISION ST,Corner store / food mart,HUMBOLDT PARK,8.0,8.0,1.0,5,0.91,34.9,85,False
577,SCHWAB REHAB HOSPITAL&CARE NET,1401 S CALIFORNIA BLVD 1ST,Corner store / food mart,NORTH LAWNDALE,8.0,8.0,1.0,5,1.03,31.5,87,False
578,MOUNT SINAI HOSPITAL MEDICAL CENTER,2750 W 15TH PL 1ST,Corner store / food mart,NORTH LAWNDALE,8.0,8.0,1.0,5,1.18,31.5,87,False
579,BIG TONY SUB,1556 S KEELER AVE,Corner store / food mart,NORTH LAWNDALE,8.0,8.0,1.0,5,0.81,31.5,87,False
580,LITTLE BABA'S,2414 W 71ST ST 1ST,Corner store / food mart,CHICAGO LAWN,7.9,7.9,1.0,5,2.04,34.7,80,False
581,FISH & CHICKEN,2906 E 83RD ST,Corner store / food mart,SOUTH CHICAGO,7.9,7.9,1.0,5,1.63,40.7,75,False
582,PEPE'S MEXICAN RESTAURANTS,8227 S EXCHANGE AVE,Corner store / food mart,SOUTH CHICAGO,7.9,7.9,1.0,5,1.71,40.7,75,False
583,JC CARIBBEAN SOUL,2105 E 83RD ST,Corner store / food mart,SOUTH CHICAGO,7.9,7.9,1.0,5,1.11,40.7,75,False
584,POPEYE'S LOUISIANA KITCHEN,7250 S WESTERN AVE,Corner store / food mart,CHICAGO LAWN,7.9,7.9,1.0,5,2.32,34.7,80,False
585,FAMILY DOLLAR STORE #6850,2525 W 59TH ST,Corner store / food mart,CHICAGO LAWN,7.9,7.9,1.0,5,0.96,34.7,80,False
586,OGIE'S FOOD MARKET,2600-2604 W LITHUANIAN PLAZA CT 1,Corner store / food mart,CHICAGO LAWN,7.9,7.9,1.0,5,1.97,34.7,80,False
587,R & B'S PLACE INC.,3114 E 83RD ST,Corner store / food mart,SOUTH CHICAGO,7.9,7.9,1.0,5,1.61,40.7,75,False
588,JERUSALEM SUPERMARKET INC,1935 E 79TH ST 1ST FLOOR,Corner store / food mart,SOUTH CHICAGO,7.9,7.9,1.0,5,0.96,40.7,75,False
589,CHICAGO DOGS ON WHEELS,5606 S RACINE AVE 1ST,Corner store / food mart,WEST ENGLEWOOD,7.9,7.9,1.0,7,0.31,80.9,89,False
590,HAMPTONS CORNER,7200 S CAMPBELL AVE  1,Corner store / food mart,CHICAGO LAWN,7.9,7.9,1.0,5,2.32,34.7,80,False
591,"WENDY'S OLD FASHIONED HAMBURGERS OF NEW YORK, INC",7013-23 S WESTERN AVE 1ST,Corner store / food mart,CHICAGO LAWN,7.9,7.9,1.0,5,1.89,34.7,80,False
592,"ROXIE'S FOOD NO. 2, INC.",8027 S EXCHANGE AVE 1ST,Corner store / food mart,SOUTH CHICAGO,7.9,7.9,1.0,5,1.73,40.7,75,False
593,ALDI INC STORE #90,9017 S HALSTED ST  1ST,Corner store / food mart,AUBURN GRESHAM,7.8,7.8,1.0,5,1.04,39.4,74,False
594,ARCHIE THURMAN,6000 S LOOMIS BLVD  1,Tobacco / vape,WEST ENGLEWOOD,7.8,11.1,0.7,6,0.98,80.9,89,False
595,GOURMET JUNK FOOD,8458 S GREEN ST,Corner store / food mart,AUBURN GRESHAM,7.8,7.8,1.0,5,1.32,39.4,74,False
596,KO MART,6142 S WESTERN AVE,Tobacco / vape,CHICAGO LAWN,7.7,11.0,0.7,7,1.31,34.7,80,False
597,SUBWAY,3313 W NORTH AVE 1,Corner store / food mart,HUMBOLDT PARK,7.6,7.6,1.0,6,0.4,34.9,85,False
598,HAYGOOD LOOKING,2732 E 79TH ST 1ST,Barbershop / salon,SOUTH SHORE,7.6,12.7,0.6,9,1.29,26.8,55,False
599,HOMAN & CARROLL FOOD/LIQUORS,3358 W CARROLL AVE,Tobacco / vape,EAST GARFIELD PARK,7.6,10.8,0.7,9,0.4,18.6,83,False
600,S & J MOBIL OIL INC,7601 S STATE ST  1STFL,Corner store / food mart,GREATER GRAND CROSSING,7.5,7.5,1.0,5,1.03,35.0,66,False
601,"B & G HEINZ PHARMACY, INC",559 W 103RD ST 1ST,Corner store / food mart,ROSELAND,7.5,7.5,1.0,5,1.61,48.9,52,False
602,"NOAH'S ARK DOLLAR PLUS STORE,INC.",160 E MARQUETTE RD 1ST FLOOR 1,Corner store / food mart,GREATER GRAND CROSSING,7.5,7.5,1.0,5,1.05,35.0,66,False
603,SEVEN SEAS SUBMARINE,11216 S MICHIGAN AVE,Corner store / food mart,ROSELAND,7.5,7.5,1.0,5,0.53,48.9,52,False
604,L & L CONVENIENCE STORE,633 E 71ST ST 1ST,Corner store / food mart,GREATER GRAND CROSSING,7.5,7.5,1.0,5,0.81,35.0,66,False
605,MS. D'S CANDY SHOP,519 W 103RD ST,Corner store / food mart,ROSELAND,7.5,7.5,1.0,5,1.65,48.9,52,False
606,FAMILY DOLLAR,500 E 79TH ST 1,Corner store / food mart,GREATER GRAND CROSSING,7.4,7.4,1.0,14,0.18,35.0,66,False
607,"K & H SUPER STEAK, INC.",7354 S ASHLAND AVE,Corner store / food mart,WEST ENGLEWOOD,7.4,7.4,1.0,4,0.82,80.9,89,False
608,N & D GROCERY,6359 S SEELEY AVE,Corner store / food mart,WEST ENGLEWOOD,7.4,7.4,1.0,4,0.56,80.9,89,False
609,"LLOYD'S LOUNGE, INC.",6046 S RACINE AVE 1,Corner store / food mart,WEST ENGLEWOOD,7.4,7.4,1.0,4,1.2,80.9,89,False
610,Amplify Texture Studio,3032 W CHICAGO AVE 1ST,Barbershop / salon,HUMBOLDT PARK,7.3,12.1,0.6,12,0.32,34.9,85,False
611,The Corner Store Deli,4900 W WALTON ST,Corner store / food mart,AUSTIN,7.3,7.3,1.0,8,0.28,50.4,73,False
612,KENTUCKY FRIED CHICKEN,7350 S RACINE AVE,Corner store / food mart,WEST ENGLEWOOD,7.3,7.3,1.0,7,0.28,80.9,89,False
613,Farm on Ogden,3555 W OGDEN AVE,Corner store / food mart,NORTH LAWNDALE,7.2,4.8,1.5,10,0.08,31.5,87,True
614,BUY LOW FOOD & LIQUOR,847-853 W 87TH ST 1,Liquor / package goods,AUBURN GRESHAM,7.1,7.8,0.9,5,1.1,39.4,74,False
615,63RD AND DREXEL MOBIL,850 E 63RD ST,Gas / filling station,WOODLAWN,7.1,4.7,1.5,7,0.24,17.2,58,True
616,RONNIE RIBS,349 W 95TH ST,Corner store / food mart,ROSELAND,7.1,7.1,1.0,7,0.34,48.9,52,False
617,MARATHON GAS,8721 S COTTAGE GROVE AVE 1ST,Gas / filling station,CHATHAM,7.0,7.0,1.0,5,1.85,20.3,60,False
618,BP AM PM GAS STATION,6701 S JEFFERY BLVD,Gas / filling station,SOUTH SHORE,7.0,7.0,1.0,5,1.6,26.8,55,False
619,FRESH MART FOODS,400-404 E 83RD ST 1ST,Corner store / food mart,CHATHAM,7.0,7.0,1.0,5,0.78,20.3,60,False
620,K & M  GROCERIES,442 E 83RD ST,Corner store / food mart,CHATHAM,7.0,7.0,1.0,5,0.78,20.3,60,False
621,JACKS COTTAGE GROVE MINI MART INC.,9204 S COTTAGE GROVE AVE 1ST,Corner store / food mart,CHATHAM,7.0,7.0,1.0,5,1.73,20.3,60,False
622,HEALTH FOOD & GENERAL NURITION CENTER INC,8609 S COTTAGE GROVE AVE,Corner store / food mart,CHATHAM,7.0,7.0,1.0,5,1.63,20.3,60,False
623,WINDY CITY CHOPS INC.,2222 E 75TH ST 1ST,Corner store / food mart,SOUTH SHORE,7.0,7.0,1.0,5,0.66,26.8,55,False
624,H & M FOOD MART,9019 S COTTAGE GROVE AVE  1,Corner store / food mart,CHATHAM,7.0,7.0,1.0,5,1.91,20.3,60,False
625,D-C FOOD & LIQUOR,3624 W CERMAK RD,Liquor / package goods,NORTH LAWNDALE,7.0,5.2,1.35,6,0.27,31.5,87,True
626,THE SPOT,1368 E 70TH ST,Corner store / food mart,SOUTH SHORE,7.0,7.0,1.0,5,0.96,26.8,55,False
627,CHEF ALFREDO FAST FOOD,6658 S COTTAGE GROVE AVE 1,Corner store / food mart,WOODLAWN,6.9,6.9,1.0,5,0.77,17.2,58,False
628,ED'S GROCERY,5001 W CHICAGO AVE 1ST,Corner store / food mart,AUSTIN,6.8,6.8,1.0,9,0.23,50.4,73,False
629,79TH STATE SHELL,7859 S STATE ST 1,Corner store / food mart,GREATER GRAND CROSSING,6.8,4.5,1.5,3,0.82,35.0,66,True
630,SUPER NICK FOOD,4115 W ROOSEVELT RD,Corner store / food mart,NORTH LAWNDALE,6.8,6.8,1.0,13,0.16,31.5,87,False
631,Daleys Restaurant,6257 S COTTAGE GROVE AVE,Corner store / food mart,WOODLAWN,6.8,4.5,1.5,11,0.1,17.2,58,True
632,SUNSHINE FOOD MART.,1200 W 69TH ST,Corner store / food mart,WEST ENGLEWOOD,6.7,6.7,1.0,12,0.09,80.9,89,False
633,1935 - 1937 W 59TH ST INC,1935-1937 W 59TH ST  1FL,Liquor / package goods,WEST ENGLEWOOD,6.7,7.4,0.9,4,0.91,80.9,89,False
634,FLAJAE CAFE,644 N CICERO AVE 1ST,Corner store / food mart,AUSTIN,6.6,6.6,1.0,7,0.29,50.4,73,False
635,IRVIN'S HAIR GALLERY,2519 W LITHUANIAN PLAZA CT 1ST,Barbershop / salon,CHICAGO LAWN,6.6,11.0,0.6,7,1.94,34.7,80,False
636,TIM'S FRIED RICE,5637 W DIVISION ST,Corner store / food mart,AUSTIN,6.5,6.5,1.0,4,0.86,50.4,73,False
637,MIDWEST GROCERY,4530 W AUGUSTA BLVD,Corner store / food mart,HUMBOLDT PARK,6.4,6.4,1.0,4,0.67,34.9,85,False
638,THE CONTINENTAL LOUNGE,2801 W CHICAGO AVE 1&2,Corner store / food mart,HUMBOLDT PARK,6.4,6.4,1.0,4,0.79,34.9,85,False
639,EL PILON Y PIZZA RESTAURANT,3454 W NORTH AVE  1,Corner store / food mart,HUMBOLDT PARK,6.4,6.4,1.0,4,0.72,34.9,85,False
640,FOOD STORE,3500 W HIRSCH ST,Corner store / food mart,HUMBOLDT PARK,6.4,6.4,1.0,4,0.87,34.9,85,False
641,LA PRIMAVERA,1446 N ST LOUIS AVE,Corner store / food mart,HUMBOLDT PARK,6.4,6.4,1.0,4,0.81,34.9,85,False
642,Culver's of Chicago JPSTA,4347 W CHICAGO AVE,Corner store / food mart,HUMBOLDT PARK,6.4,6.4,1.0,4,0.9,34.9,85,False
643,PAULS SNACK SHOP,1556 S PULASKI RD 1ST,Corner store / food mart,NORTH LAWNDALE,6.4,6.4,1.0,4,0.91,31.5,87,False
644,CLOSEOUT MART,6242 S KEDZIE AVE,Tobacco / vape,CHICAGO LAWN,6.4,9.2,0.7,11,0.26,34.7,80,False
645,BEA'S TRAILER COURT SNACK SHOP,1437 S PULASKI RD,Corner store / food mart,NORTH LAWNDALE,6.4,6.4,1.0,4,0.7,31.5,87,False
646,BETH -ANNE PLACE,1143 N LAVERGNE AVE,Corner store / food mart,AUSTIN,6.3,6.3,1.0,13,0.12,50.4,73,False
647,META FOODS AND MEAT,8361 S BURLEY AVE,Corner store / food mart,SOUTH CHICAGO,6.3,6.3,1.0,4,1.45,40.7,75,False
648,MINI MARKET ACAMBARO,2959 E 88TH ST 1ST FLOOR 1,Corner store / food mart,SOUTH CHICAGO,6.3,6.3,1.0,4,0.59,40.7,75,False
649,LA ESPANOLA BAKERY,8712 S COMMERCIAL AVE,Corner store / food mart,SOUTH CHICAGO,6.3,6.3,1.0,4,0.75,40.7,75,False
650,EAGLE'S CORNER GROCERY,8302 S CARPENTER ST,Corner store / food mart,AUBURN GRESHAM,6.3,6.3,1.0,4,1.34,39.4,74,False
651,PALETERIA EL POTRILLO,8548 S COMMERCIAL AVE 1ST,Corner store / food mart,SOUTH CHICAGO,6.3,6.3,1.0,4,1.04,40.7,75,False
652,KWIK MART,3500 W 63RD ST,Corner store / food mart,CHICAGO LAWN,6.3,6.3,1.0,4,0.67,34.7,80,False
653,BIRRIERIA Y TAQUERIA LOPEZ,2705 W 59TH ST 1ST,Corner store / food mart,CHICAGO LAWN,6.3,6.3,1.0,4,0.82,34.7,80,False
654,MAXWELL STREET EXPRESS,1058 W 87TH ST,Corner store / food mart,AUBURN GRESHAM,6.3,6.3,1.0,4,0.69,39.4,74,False
655,DE ARCOS PIZZA & RESTAURANT,2832 E 87TH ST,Corner store / food mart,SOUTH CHICAGO,6.3,6.3,1.0,4,0.91,40.7,75,False
656,AFRICAN HOME FOOD MARKET,8462 S COMMERCIAL AVE,Corner store / food mart,SOUTH CHICAGO,6.3,6.3,1.0,4,1.27,40.7,75,False
657,HERITAGE CAFE,1849 E 79TH ST 1ST,Corner store / food mart,SOUTH CHICAGO,6.3,6.3,1.0,4,0.84,40.7,75,False
658,MAXWELL STREET GRILL LLC,7901 S SOUTH CHICAGO AVE,Corner store / food mart,SOUTH CHICAGO,6.3,6.3,1.0,4,0.58,40.7,75,False
659,META MINI MART,8058 S COLES AVE,Corner store / food mart,SOUTH CHICAGO,6.3,6.3,1.0,4,1.96,40.7,75,False
660,Andy's Deli Butcher Shop,4235-4245 W KINZIE ST 1,Corner store / food mart,WEST GARFIELD PARK,6.3,6.3,1.0,4,0.56,24.7,92,False
661,THE GARDEN DELI,8801 S HALSTED ST,Corner store / food mart,AUBURN GRESHAM,6.3,6.3,1.0,4,1.2,39.4,74,False
662,GO LO FUEL MARKET,8601-8615 S HALSTED ST,Gas / filling station,AUBURN GRESHAM,6.3,6.3,1.0,4,1.33,39.4,74,False
663,"ANGELS PLACE, INC",4504 W FIFTH AVE,Corner store / food mart,WEST GARFIELD PARK,6.3,6.3,1.0,4,0.73,24.7,92,False
664,TONY FREEZ,8622 S COMMERCIAL AVE 1ST,Corner store / food mart,SOUTH CHICAGO,6.3,6.3,1.0,4,0.92,40.7,75,False
665,ICE Theaters 62nd and Western,2258 W 62ND ST,Corner store / food mart,CHICAGO LAWN,6.3,6.3,1.0,4,1.08,34.7,80,False
666,ANU'S STORE CO.,231 E 79TH ST 1,Corner store / food mart,CHATHAM,6.3,6.3,1.0,7,0.32,20.3,60,False
667,SOUTHSIDE AFRICAN RESTAURANT,8311 S BALTIMORE AVE 1ST,Corner store / food mart,SOUTH CHICAGO,6.3,6.3,1.0,4,1.64,40.7,75,False
668,NEW REGAL THEATER,1645 E 79TH ST  1ST,Corner store / food mart,SOUTH CHICAGO,6.3,6.3,1.0,4,0.6,40.7,75,False
669,Taqueria Maravatio,2621 W 59TH ST,Corner store / food mart,CHICAGO LAWN,6.3,6.3,1.0,4,0.87,34.7,80,False
670,SUGAR & SPICE EVERYTHING NICE,2722 E 83RD ST,Corner store / food mart,SOUTH CHICAGO,6.3,6.3,1.0,4,1.73,40.7,75,False
671,BUY-A-LOT,8901 S LOWE AVE,Corner store / food mart,AUBURN GRESHAM,6.3,6.3,1.0,4,1.31,39.4,74,False
672,WALGREENS # 04147,1546 N CENTRAL AVE,Tobacco / vape,AUSTIN,6.2,8.9,0.7,11,0.25,50.4,73,False
673,SEE THRU CHINESE KITCHEN #15,9440 S LAFAYETTE AVE,Corner store / food mart,ROSELAND,6.1,4.1,1.5,9,0.08,48.9,52,True
674,MIDWAY AIRPORT CONCESSIONAIRES,5559-3 S ARCHER AVE,Corner store / food mart,GARFIELD RIDGE,6.0,6.0,1.0,5,1.65,6.9,32,False
675,MASTERS PANCAKE HOUSE,5265 S CICERO AVE,Corner store / food mart,GARFIELD RIDGE,6.0,6.0,1.0,5,1.3,6.9,32,False
676,BONFIRE GRILL,7100 S SOUTH CHICAGO AVE,Corner store / food mart,GREATER GRAND CROSSING,6.0,6.0,1.0,4,0.56,35.0,66,False
677,WALGREENS # 05123,10300 S MICHIGAN AVE,Corner store / food mart,ROSELAND,6.0,6.0,1.0,4,1.44,48.9,52,False
678,MEG'S KITCHEN LTD,7448 S VINCENNES AVE,Corner store / food mart,GREATER GRAND CROSSING,6.0,6.0,1.0,4,1.64,35.0,66,False
679,BLAK'S CORNER STORE,703 W 103RD ST,Corner store / food mart,ROSELAND,6.0,6.0,1.0,4,1.58,48.9,52,False
680,ROYAL FRESH RESTAURANT,352 W 75TH ST,Corner store / food mart,GREATER GRAND CROSSING,6.0,6.0,1.0,4,1.68,35.0,66,False
681,SAM TOCCI,1008 E 76TH ST 1ST,Corner store / food mart,GREATER GRAND CROSSING,6.0,6.0,1.0,4,0.63,35.0,66,False
682,"SUNSET INN,INC",5221 S CICERO AVE,Corner store / food mart,GARFIELD RIDGE,6.0,6.0,1.0,5,1.35,6.9,32,False
683,"SANJUSTIN'S KITCHEN, INC.",157 W 75TH ST GROUND,Corner store / food mart,GREATER GRAND CROSSING,6.0,6.0,1.0,4,1.47,35.0,66,False
684,ALEX 71,435 E 71ST ST,Corner store / food mart,GREATER GRAND CROSSING,6.0,6.0,1.0,4,1.18,35.0,66,False
685,"V.I.P. CHICKEN & BARBEQUE, INC.",1201 E 71ST ST 1ST 1,Corner store / food mart,GREATER GRAND CROSSING,6.0,6.0,1.0,4,0.52,35.0,66,False
686,NATACHA GROCERY,3300 W WABANSIA AVE,Corner store / food mart,HUMBOLDT PARK,5.7,5.7,1.0,4,0.44,34.9,85,False
687,ALDI INC.#94,6025 S WESTERN AVE  1ST,Liquor / package goods,CHICAGO LAWN,5.7,6.3,0.9,4,1.37,34.7,80,False
688,NEVEEN'S FOOD MARKET INC,1366 N HAMLIN AVE 1ST,Tobacco / vape,HUMBOLDT PARK,5.6,8.0,0.7,5,1.12,34.9,85,False
689,EVERGREEN CONVENIENT FOOD,3301 W EVERGREEN AVE 1 1,Tobacco / vape,HUMBOLDT PARK,5.6,8.0,0.7,5,0.65,34.9,85,False
690,COCULA RESTAURANT,8847 S COMMERCIAL AVE 1,Corner store / food mart,SOUTH CHICAGO,5.6,5.6,1.0,4,0.44,40.7,75,False
691,BONDS GROCERY,1512 S KENNETH AVE,Tobacco / vape,NORTH LAWNDALE,5.6,8.0,0.7,5,0.84,31.5,87,False
692,AMOCO GAS & FOOD,7603 S SOUTH CHICAGO AVE 1ST,Corner store / food mart,SOUTH SHORE,5.6,5.6,1.0,4,0.89,26.8,55,False
693,KUDUS HEALTH FOOD STORE,8515 S COTTAGE GROVE AVE 1,Corner store / food mart,CHATHAM,5.6,5.6,1.0,4,1.48,20.3,60,False
694,SHRIMP HOUSE,1800 E 79TH ST,Corner store / food mart,SOUTH SHORE,5.6,5.6,1.0,4,0.75,26.8,55,False
695,76TH AND JEFFERY INC,7601 S JEFFERY BLVD,Corner store / food mart,SOUTH SHORE,5.6,5.6,1.0,4,1.18,26.8,55,False
696,"CC BECKY'S CATERING, INC.",2131 E 75TH ST,Corner store / food mart,SOUTH SHORE,5.6,5.6,1.0,4,0.84,26.8,55,False
697,Dollar General Store #25059,1425 E 71ST ST 1,Corner store / food mart,SOUTH SHORE,5.6,5.6,1.0,4,0.93,26.8,55,False
698,"ORBIT STEAK, FISH & CHICKEN",9100 S COTTAGE GROVE AVE,Corner store / food mart,CHATHAM,5.6,5.6,1.0,4,1.82,20.3,60,False
699,MAMA MADE SWEET POTATA PIE,9259 S COTTAGE GROVE AVE 1ST REAR,Corner store / food mart,CHATHAM,5.6,5.6,1.0,4,1.7,20.3,60,False
700,EDEN SOUTH SHORE,7156 S DORCHESTER AVE 1-4,Corner store / food mart,SOUTH SHORE,5.6,5.6,1.0,4,0.79,26.8,55,False
701,Chartwells Higher Education / Cafe Logan,915 E 60TH ST 1,Corner store / food mart,WOODLAWN,5.5,5.5,1.0,4,0.68,17.2,58,False
702,"GREEN FOODS & LIQUOR, INC.",1026 E 67TH ST 1ST,Corner store / food mart,WOODLAWN,5.5,5.5,1.0,4,0.96,17.2,58,False
703,LEON'S BAR B QUE,1200-06 W 59TH ST,Corner store / food mart,WEST ENGLEWOOD,5.5,5.5,1.0,3,0.87,80.9,89,False
704,WALMART NEIGHBORHOOD MARKET #3110,7535 S ASHLAND AVE 1ST,Tobacco / vape,AUBURN GRESHAM,5.5,7.8,0.7,5,0.76,39.4,74,False
705,THE BAY,7915 S DR MARTIN LUTHER KING JR DR,Corner store / food mart,CHATHAM,5.5,5.5,1.0,13,0.04,20.3,60,False
706,MISS ANN'S,6652 S LANGLEY AVE,Corner store / food mart,WOODLAWN,5.5,5.5,1.0,4,0.76,17.2,58,False
707,Popeye's #866,7617 S RACINE AVE,Corner store / food mart,AUBURN GRESHAM,5.5,5.5,1.0,8,0.22,39.4,74,False
708,BIRDIES,6817 S SOUTH CHICAGO AVE,Corner store / food mart,WOODLAWN,5.5,5.5,1.0,4,1.14,17.2,58,False
709,FAULKNER SCHOOL,7110 S COLES AVE,Corner store / food mart,SOUTH SHORE,5.5,5.5,1.0,5,0.39,26.8,55,False
710,EULA PAYNE,1256 S CHRISTIANA AVE 1ST,Tobacco / vape,NORTH LAWNDALE,5.4,7.6,0.7,16,0.07,31.5,87,False
711,QUALITY MART LLC,9417 S STATE ST,Corner store / food mart,ROSELAND,5.4,3.6,1.5,8,0.13,48.9,52,True
712,MACK'S,333 W 70TH ST 1ST,Tobacco / vape,GREATER GRAND CROSSING,5.3,7.5,0.7,5,1.2,35.0,66,False
713,YUMMY'S GRILL,5609 W BLOOMINGDALE AVE,Corner store / food mart,AUSTIN,5.2,5.2,1.0,4,0.4,50.4,73,False
714,"FIVE NINE FOOD & GROCERIES, LLC",1434 W 59TH ST,Tobacco / vape,WEST ENGLEWOOD,5.2,7.4,0.7,4,1.0,80.9,89,False
715,EDDIE'S FOOD MART,1858 W 63RD ST  1ST,Tobacco / vape,WEST ENGLEWOOD,5.2,7.5,0.7,8,0.25,80.9,89,False
716,SHARKS FISH & CHICKEN,10956 S MICHIGAN AVE,Corner store / food mart,ROSELAND,5.2,5.2,1.0,7,0.25,48.9,52,False
717,KENNEDY FISH AND CHICKEN,2425 E 72ND ST,Corner store / food mart,SOUTH SHORE,5.1,5.1,1.0,7,0.26,26.8,55,False
718,O.T.'S PLACE,4815 W DIVISION ST,Corner store / food mart,AUSTIN,5.0,5.0,1.0,7,0.22,50.4,73,False
719,J & R BARBER SHOP,2240 E 73RD ST,Barbershop / salon,SOUTH SHORE,5.0,8.4,0.6,6,0.5,26.8,55,False
720,AFRICAN FOOD PALACE,8928 S COMMERCIAL AVE 1,Corner store / food mart,SOUTH CHICAGO,5.0,5.0,1.0,5,0.32,40.7,75,False
721,RISHI PHARMACY,4909 W DIVISION ST,Corner store / food mart,AUSTIN,4.9,4.9,1.0,10,0.04,50.4,73,False
722,WESTERN JERK,1334 W 87TH ST,Corner store / food mart,AUBURN GRESHAM,4.9,4.9,1.0,4,0.39,39.4,74,False
723,EL MOFONGUITO LLC,3625 W NORTH AVE 1,Corner store / food mart,HUMBOLDT PARK,4.8,4.8,1.0,3,1.03,34.9,85,False
724,DAYGLOW,1757 N KIMBALL AVE,Corner store / food mart,HUMBOLDT PARK,4.8,4.8,1.0,3,0.63,34.9,85,False
725,MOCA MASTER CUTS,3747 W NORTH AVE 1ST,Barbershop / salon,HUMBOLDT PARK,4.8,8.0,0.6,5,1.08,34.9,85,False
726,GUIDE'S SPORTS CLUB,5544 S ARCHER AVE 1ST,Corner store / food mart,GARFIELD RIDGE,4.8,4.8,1.0,4,1.78,6.9,32,False
727,NEW HOPE FOOD,1330 S WASHTENAW AVE,Corner store / food mart,NORTH LAWNDALE,4.8,4.8,1.0,3,0.79,31.5,87,False
728,EDDY'S FOOD MART,3661 W OGDEN AVE 1ST,Corner store / food mart,NORTH LAWNDALE,4.8,3.2,1.5,5,0.2,31.5,87,True
729,LOS PRIMOS FRESH MARKET & TAQUERIA LLC,4935-4937 W 47TH ST,Corner store / food mart,GARFIELD RIDGE,4.8,4.8,1.0,4,1.84,6.9,32,False
730,ONE CUT AT A TIME,7312 S COTTAGE GROVE AVE,Barbershop / salon,GREATER GRAND CROSSING,4.8,8.1,0.6,6,0.45,35.0,66,False
731,MAXWELL' S ON OGDEN,2600 W OGDEN AVE 1ST,Corner store / food mart,NORTH LAWNDALE,4.8,4.8,1.0,3,0.7,31.5,87,False
732,Ja'Grill,1407 S WASHTENAW AVE,Corner store / food mart,NORTH LAWNDALE,4.8,4.8,1.0,3,0.87,31.5,87,False
733,"DIVINE MEATS AND PRODUCE MARKET, LLC",4247 W ROOSEVELT RD 1ST,Corner store / food mart,NORTH LAWNDALE,4.8,4.8,1.0,10,0.14,31.5,87,False
734,Eccentric Trend Setters Hair Emporium,4372 W OGDEN AVE 1,Barbershop / salon,NORTH LAWNDALE,4.8,8.0,0.6,5,0.73,31.5,87,False
735,Eurest Dining Services @ Ryerson Tull,2602 W 16TH ST,Corner store / food mart,NORTH LAWNDALE,4.8,4.8,1.0,3,1.06,31.5,87,False
736,FALCON FUEL,8247-8259 S HALSTED ST 1ST,Gas / filling station,AUBURN GRESHAM,4.7,4.7,1.0,3,1.71,39.4,74,False
737,LAKE SHORE FOOD,8400 S BAKER AVE,Corner store / food mart,SOUTH CHICAGO,4.7,4.7,1.0,3,1.28,40.7,75,False
738,AMM MARATHON INC.,8158 S HALSTED ST,Gas / filling station,AUBURN GRESHAM,4.7,4.7,1.0,3,1.6,39.4,74,False
739,GAGE PARK CITGO & FOOD MART,2801 W 59TH ST,Gas / filling station,CHICAGO LAWN,4.7,4.7,1.0,3,0.8,34.7,80,False
740,SEKLYCIA LITHUANIAN MANOR INN,2711  -00015 W 71ST ST  1,Corner store / food mart,CHICAGO LAWN,4.7,4.7,1.0,3,2.2,34.7,80,False
741,REESE'S FAST FOOD,1823 W 87TH ST,Corner store / food mart,AUBURN GRESHAM,4.7,4.7,1.0,3,0.99,39.4,74,False
742,"SOUTH SHORE PRODUCE, INC.",7900 S SOUTH SHORE DR  1,Corner store / food mart,SOUTH CHICAGO,4.7,4.7,1.0,3,1.74,40.7,75,False
743,BEST SUB,8305 S RACINE AVE,Corner store / food mart,AUBURN GRESHAM,4.7,4.7,1.0,3,1.22,39.4,74,False
744,BLOCKBUSTER VIDEO #17031,5920 S WESTERN AVE,Corner store / food mart,CHICAGO LAWN,4.7,4.7,1.0,3,1.19,34.7,80,False
745,LULU FOOD MART,8401 S MUSKEGON AVE,Corner store / food mart,SOUTH CHICAGO,4.7,4.7,1.0,3,1.44,40.7,75,False
746,Barbara's,3030 E 79TH ST 1ST,Barbershop / salon,SOUTH CHICAGO,4.7,7.9,0.6,5,1.59,40.7,75,False
747,AHMAD MAROU - MARIO'S FOOD,2625 E 83RD ST  1ST,Corner store / food mart,SOUTH CHICAGO,4.7,4.7,1.0,3,1.78,40.7,75,False
748,LEO'S FOOD MART,8559 S ASHLAND AVE 1ST,Corner store / food mart,AUBURN GRESHAM,4.7,4.7,1.0,3,0.72,39.4,74,False
749,WASH N RELAX LAUNDROMAT,1364 W 79TH ST 1ST,Corner store / food mart,AUBURN GRESHAM,4.7,4.7,1.0,3,0.81,39.4,74,False
750,WESLEY' S PLACE,1713 E 79TH ST 1ST,Corner store / food mart,SOUTH CHICAGO,4.7,4.7,1.0,3,0.65,40.7,75,False
751,BEVERLY FOOD MART,8636 S ASHLAND AVE 1,Corner store / food mart,AUBURN GRESHAM,4.7,4.7,1.0,3,0.64,39.4,74,False
752,THE NEW LOOK,2544 E 83RD ST 1,Corner store / food mart,SOUTH CHICAGO,4.7,4.7,1.0,3,1.85,40.7,75,False
753,ELIZABETH'S,7351 S WESTERN AVE 1ST,Corner store / food mart,CHICAGO LAWN,4.7,4.7,1.0,3,2.38,34.7,80,False
754,LEMON'S ONE STOP FOOD MART,8357 S MARQUETTE AVE 1ST,Corner store / food mart,SOUTH CHICAGO,4.7,4.7,1.0,3,1.58,40.7,75,False
755,KENTUCKY FRIED CHICKEN,8700 S HALSTED ST,Corner store / food mart,AUBURN GRESHAM,4.7,4.7,1.0,3,1.22,39.4,74,False
756,MNJ MARTS,5822 W NORTH AVE 1ST,Corner store / food mart,AUSTIN,4.6,4.6,1.0,7,0.2,50.4,73,False
757,CARNICERIA TARANDA,3534 W WABANSIA AVE  1,Tobacco / vape,HUMBOLDT PARK,4.5,6.4,0.7,4,0.81,34.9,85,False
758,FUEL STAR,7602 S VINCENNES AVE,Gas / filling station,GREATER GRAND CROSSING,4.5,4.5,1.0,3,1.6,35.0,66,False
759,DEPENDABLE WASH STOP,2 E 103RD ST,Corner store / food mart,ROSELAND,4.5,4.5,1.0,3,1.51,48.9,52,False
760,4 & 1 CANDY STORE,6901 S WENTWORTH AVE,Corner store / food mart,GREATER GRAND CROSSING,4.5,3.0,1.5,2,0.98,35.0,66,True
761,75TH STATE SHELL,7449-7459 S STATE ST 1ST,Gas / filling station,GREATER GRAND CROSSING,4.5,4.5,1.0,3,1.2,35.0,66,False
762,DOLLAR FUNCTIONS INC,319 E 103RD ST,Corner store / food mart,ROSELAND,4.5,4.5,1.0,3,1.44,48.9,52,False
763,CITGO GAS,6661 S STATE ST,Corner store / food mart,GREATER GRAND CROSSING,4.5,4.5,1.0,3,0.74,35.0,66,False
764,DORIS FOOD MART,10501 S WENTWORTH AVE 1ST,Corner store / food mart,ROSELAND,4.5,4.5,1.0,3,1.31,48.9,52,False
765,50 YARD LINE,69 E 75TH ST 1,Corner store / food mart,GREATER GRAND CROSSING,4.5,4.5,1.0,3,1.02,35.0,66,False
766,PRETEND TOWN,420 W 111TH ST # 1ST,Corner store / food mart,ROSELAND,4.5,4.5,1.0,3,1.3,48.9,52,False
767,SOUTHSIDE MARKET INC.,7401 S STATE ST,Corner store / food mart,GREATER GRAND CROSSING,4.5,4.5,1.0,3,1.31,35.0,66,False
768,HERITAGE WOODS OF CHICAGO,2800 W FULTON ST,Corner store / food mart,EAST GARFIELD PARK,4.5,3.0,1.5,2,1.07,18.6,83,True
769,WALGREENS #5033,2015 E 79TH ST 1ST,Tobacco / vape,SOUTH CHICAGO,4.4,6.3,0.7,4,1.08,40.7,75,False
770,RICH'S FOOD MART,3240 E 91ST ST 1ST FLOOR 1,Corner store / food mart,SOUTH CHICAGO,4.4,4.4,1.0,4,0.35,40.7,75,False
771,STARBUCKS COFFEE #9942,160 W 87TH ST  D,Corner store / food mart,CHATHAM,4.2,2.8,1.5,2,1.59,20.3,60,True
772,ABBASSI FOOD & LIQUOR INC,7301 S EXCHANGE AVE 1ST,Liquor / package goods,SOUTH SHORE,4.2,4.6,0.9,11,0.06,26.8,55,False
773,W K R B FOOD & LIQUOR,9361 S COTTAGE GROVE AVE 1ST,Corner store / food mart,CHATHAM,4.2,4.2,1.0,3,1.67,20.3,60,False
774,STYLISH HAIR STUDIO,935 E 75TH ST 1ST,Barbershop / salon,GREATER GRAND CROSSING,4.2,6.9,0.6,5,0.46,35.0,66,False
775,HUNTER MOULTRY,1300  -01308 E 74TH ST 1ST,Corner store / food mart,SOUTH SHORE,4.2,4.2,1.0,3,0.63,26.8,55,False
776,ILLINOIS BOTTLED WATER CO,41 W 84TH ST,Corner store / food mart,CHATHAM,4.2,4.2,1.0,3,1.4,20.3,60,False
777,GRACE MISSION CHURCH,400 N ST LOUIS AVE  1ST,Corner store / food mart,HUMBOLDT PARK,4.1,4.1,1.0,8,0.16,34.9,85,False
778,65TH FOODS CORP.,6458 S STONY ISLAND AVE 1,Corner store / food mart,WOODLAWN,4.1,4.1,1.0,3,1.72,17.2,58,False
779,EVA FOOD MART,343 E 79TH ST 1,Corner store / food mart,CHATHAM,4.1,4.1,1.0,9,0.16,20.3,60,False
780,MISS BISCUITS REST,6767 S SOUTH CHICAGO AVE,Corner store / food mart,WOODLAWN,4.1,4.1,1.0,3,1.1,17.2,58,False
781,BIGI'S,4440 W NORTH AVE  1,Corner store / food mart,HUMBOLDT PARK,4.0,4.0,1.0,4,0.31,34.9,85,False
782,"BROS. DRUGS & LIQUORS, INC.",4201 W ROOSEVELT RD 1ST,Tobacco / vape,NORTH LAWNDALE,4.0,5.7,0.7,12,0.03,31.5,87,False
783,GATEWAY FOUNDATION-KEDZIE CENT,1706 N KEDZIE AVE 1ST,Corner store / food mart,HUMBOLDT PARK,3.9,3.9,1.0,5,0.24,34.9,85,False
784,TONY'S FOOD MART,2051 W 63RD ST,Tobacco / vape,WEST ENGLEWOOD,3.9,5.5,0.7,3,0.62,80.9,89,False
785,KARLA'S KITCHEN INC.,1002 N CICERO AVE STOREFRONT,Corner store / food mart,AUSTIN,3.8,3.8,1.0,3,0.39,50.4,73,False
786,SAVAD'S HAIR STUDIO INC.,8540 S RACINE AVE 1,Barbershop / salon,AUBURN GRESHAM,3.8,6.3,0.6,4,0.74,39.4,74,False
787,CAFETERIA Y NEVERIA FRUTILANDIA,9010 S COMMERCIAL AVE 1ST,Corner store / food mart,SOUTH CHICAGO,3.8,3.8,1.0,6,0.2,40.7,75,False
788,A & B TOBACCO INC.,4612 W 59TH ST  1,Corner store / food mart,GARFIELD RIDGE,3.6,2.4,1.5,2,1.23,6.9,32,True
789,HALINA'S PUB,7023 W ARCHER AVE 1ST,Corner store / food mart,GARFIELD RIDGE,3.6,3.6,1.0,3,1.43,6.9,32,False
790,CAFE TWO07,5842 S ARCHER AVE 1,Corner store / food mart,GARFIELD RIDGE,3.6,3.6,1.0,3,1.68,6.9,32,False
791,HUDSON NEWS AERO MART,5757 S CICERO AVE  CC-02,Corner store / food mart,GARFIELD RIDGE,3.6,2.4,1.5,2,1.28,6.9,32,True
792,BOBAK SAUSAGE COMPANY,5279 S ARCHER AVE 1ST,Corner store / food mart,GARFIELD RIDGE,3.6,3.6,1.0,3,1.01,6.9,32,False
793,CITGO,4520 S CICERO AVE,Gas / filling station,GARFIELD RIDGE,3.6,3.6,1.0,3,1.76,6.9,32,False
794,RED CARPET HAIR SALON,7522 S VINCENNES AVE 1 1,Barbershop / salon,GREATER GRAND CROSSING,3.6,6.0,0.6,4,1.61,35.0,66,False
795,DUNKIN DONUTS,5615 S HARLEM AVE,Corner store / food mart,GARFIELD RIDGE,3.6,3.6,1.0,3,1.78,6.9,32,False
796,K & M QUICK MART,11334 S MICHIGAN AVE,Corner store / food mart,ROSELAND,3.6,3.6,1.0,3,0.4,48.9,52,False
797,HAIR WE ARE,5434 S ARCHER AVE,Barbershop / salon,GARFIELD RIDGE,3.6,6.0,0.6,5,1.49,6.9,32,False
798,MARCO'S PALACE,5045 W 47TH ST,Corner store / food mart,GARFIELD RIDGE,3.6,3.6,1.0,3,2.06,6.9,32,False
799,DORSEY'S DEVELOPMENTAL INSTITUTE,2938 E 91ST ST,Corner store / food mart,SOUTH CHICAGO,3.6,3.6,1.0,7,0.16,40.7,75,False
800,BEST FOOD CENTER,722 N CICERO AVE,Corner store / food mart,AUSTIN,3.5,3.5,1.0,7,0.15,50.4,73,False
801,PETE'S PRODUCE,1411 W 87TH ST,Corner store / food mart,AUBURN GRESHAM,3.5,3.5,1.0,3,0.37,39.4,74,False
802,Dunkin Donuts,5705-5709 W NORTH AVE 1,Corner store / food mart,AUSTIN,3.4,3.4,1.0,7,0.05,50.4,73,False
803,NADER WHOLESALE GROCERS INC,5077 W LEXINGTON ST,Tobacco / vape,AUSTIN,3.4,4.9,0.7,3,1.05,50.4,73,False
804,EUGENE'S ULTIMATE SOUL FOOD,4924 W CHICAGO AVE 1,Corner store / food mart,AUSTIN,3.4,3.4,1.0,7,0.11,50.4,73,False
805,ROMA'S REST,9273 S SOUTH CHICAGO AVE,Corner store / food mart,SOUTH CHICAGO,3.4,3.4,1.0,3,0.36,40.7,75,False
806,SAYEL FOOD MART INC.,9127 S COMMERCIAL AVE 1ST,Corner store / food mart,SOUTH CHICAGO,3.4,3.4,1.0,6,0.18,40.7,75,False
807,MCDONALD'S RESTAURANT,9211 S COMMERCIAL AVE,Corner store / food mart,SOUTH CHICAGO,3.4,3.4,1.0,4,0.27,40.7,75,False
808,PETE'S QUALITY MEATS,255 W 95TH ST,Corner store / food mart,ROSELAND,3.4,3.4,1.0,7,0.16,48.9,52,False
809,THE ALOE SHOPPE,117 E 95TH ST,Corner store / food mart,ROSELAND,3.4,2.3,1.5,2,0.38,48.9,52,True
810,BIG KMART #9355,1740 N KOSTNER AVE,Corner store / food mart,HUMBOLDT PARK,3.3,3.3,1.0,3,0.34,34.9,85,False
811,GREEN LINE FOOD MART,7701 S RACINE AVE,Tobacco / vape,AUBURN GRESHAM,3.3,4.7,0.7,4,0.37,39.4,74,False
812,ALDI 16,1440 N KOSTNER AVE 1,Liquor / package goods,HUMBOLDT PARK,3.2,3.5,0.9,3,0.37,34.9,85,False
813,THE DEPOT,5840 W ROOSEVELT RD 1,Corner store / food mart,AUSTIN,3.2,3.2,1.0,2,1.96,50.4,73,False
814,KARLA' S KITCHEN,6204 W NORTH AVE 1ST,Corner store / food mart,AUSTIN,3.2,3.2,1.0,2,0.95,50.4,73,False
815,MAICOS TACOS AND BAKERY,5952 W ROOSEVELT RD 1ST,Corner store / food mart,AUSTIN,3.2,3.2,1.0,2,2.11,50.4,73,False
816,NICKS FOOD MART,2301 E 83RD ST,Corner store / food mart,SOUTH CHICAGO,3.2,3.2,1.0,2,1.49,40.7,75,False
817,"J & L FOOD MART, INC.",3036 E 87TH ST 1,Corner store / food mart,SOUTH CHICAGO,3.2,3.2,1.0,2,0.79,40.7,75,False
818,LONCARS,3201 E 92ND ST,Corner store / food mart,SOUTH CHICAGO,3.2,3.2,1.0,3,0.33,40.7,75,False
819,H & M MURPHY GROCERIES,8400 S KINGSTON AVE,Corner store / food mart,SOUTH CHICAGO,3.2,3.2,1.0,2,1.67,40.7,75,False
820,FRANCISCO ESPINOZA,8827 S ESCANABA AVE,Corner store / food mart,SOUTH CHICAGO,3.2,3.2,1.0,2,0.61,40.7,75,False
821,RAY'S FOOD INC.,8701 S MARQUETTE AVE,Corner store / food mart,SOUTH CHICAGO,3.2,3.2,1.0,2,0.97,40.7,75,False
822,THE COTTAGE BARBER SHOP,7228 S COTTAGE GROVE AVE 1ST,Barbershop / salon,GREATER GRAND CROSSING,3.2,5.4,0.6,4,0.45,35.0,66,False
823,GRANNY B'S,2632 W 71ST ST,Corner store / food mart,CHICAGO LAWN,3.1,3.1,1.0,2,2.25,34.7,80,False
824,87TH STREET JERK,1710 W 87TH ST 1,Corner store / food mart,AUBURN GRESHAM,3.1,3.1,1.0,2,0.78,39.4,74,False
825,Pacheco's Tacos Restaurant LLC,7301 S KEDZIE AVE,Corner store / food mart,CHICAGO LAWN,3.1,3.1,1.0,2,2.24,34.7,80,False
826,WINGZ IT IZ,2053 W 79TH ST,Corner store / food mart,AUBURN GRESHAM,3.1,3.1,1.0,2,1.91,39.4,74,False
827,PARKSIDE FOOD AND LIQUOR,3215 W 71ST ST,Corner store / food mart,CHICAGO LAWN,3.1,3.1,1.0,2,1.97,34.7,80,False
828,GAS FOR LESS,8510 S ASHLAND AVE,Corner store / food mart,AUBURN GRESHAM,3.1,3.1,1.0,2,0.86,39.4,74,False
829,LUNA'S,5901 S TROY ST,Corner store / food mart,CHICAGO LAWN,3.1,3.1,1.0,2,0.49,34.7,80,False
830,PRIME FISH,8022 S HALSTED ST 1ST,Corner store / food mart,AUBURN GRESHAM,3.1,3.1,1.0,2,1.34,39.4,74,False
831,CHARTWELLS THOMPSON HOSPITALITY,8748 S ABERDEEN ST 1ST,Corner store / food mart,AUBURN GRESHAM,3.1,3.1,1.0,2,0.6,39.4,74,False
832,SUBWAY,8711 S ASHLAND AVE,Corner store / food mart,AUBURN GRESHAM,3.1,3.1,1.0,2,0.54,39.4,74,False
833,FIREHOUSE STEAK & LEMONADE,1901 W 87TH ST,Corner store / food mart,AUBURN GRESHAM,3.1,3.1,1.0,2,1.1,39.4,74,False
834,GREAT SHARK,1950 W 87TH ST,Corner store / food mart,AUBURN GRESHAM,3.1,3.1,1.0,2,1.27,39.4,74,False
835,SNK,2801-2813 W 71ST ST 1ST,Gas / filling station,CHICAGO LAWN,3.1,3.1,1.0,2,2.13,34.7,80,False
836,DOLLAR GENERAL #15472,8201 S RACINE AVE,Corner store / food mart,AUBURN GRESHAM,3.1,3.1,1.0,2,1.38,39.4,74,False
837,SUNRISE GYROS INC.,8106 S RACINE AVE 1ST,Corner store / food mart,AUBURN GRESHAM,3.1,3.1,1.0,2,1.2,39.4,74,False
838,CRAWFORD SAUSAGE CO INC,2310 S PULASKI RD,Corner store / food mart,NORTH LAWNDALE,3.1,3.1,1.0,4,0.25,31.5,87,False
839,SANDRA'S FOOD INC.,2841 W 59TH ST,Corner store / food mart,CHICAGO LAWN,3.1,3.1,1.0,2,0.8,34.7,80,False
840,TRIPLE A SOULFOOD RESTAURANT,1111 W 79TH ST,Corner store / food mart,AUBURN GRESHAM,3.1,3.1,1.0,2,0.8,39.4,74,False
841,SANDERS GROCERY,8643 S RACINE AVE,Corner store / food mart,AUBURN GRESHAM,3.1,3.1,1.0,2,0.58,39.4,74,False
842,JMJ Choice,2650 W 69TH ST FIRST,Corner store / food mart,CHICAGO LAWN,3.1,3.1,1.0,2,1.87,34.7,80,False
843,"SODEXO AMERICA, LLC",8131 S MAY ST,Corner store / food mart,AUBURN GRESHAM,3.1,3.1,1.0,2,1.28,39.4,74,False
844,GRANNY'S FAMILY DINING,8414-8416 S ASHLAND AVE,Corner store / food mart,AUBURN GRESHAM,3.1,3.1,1.0,2,1.03,39.4,74,False
845,CITGO,10007 S MICHIGAN AVE,Corner store / food mart,ROSELAND,3.0,3.0,1.0,2,1.11,48.9,52,False
846,LITTLE PAPAS & LEMONADE INC,11315 S HALSTED ST,Corner store / food mart,ROSELAND,3.0,3.0,1.0,2,1.14,48.9,52,False
847,KENTUCKY FRIED CHICKEN 200 116,7508 S LAFAYETTE AVE  1ST,Corner store / food mart,GREATER GRAND CROSSING,3.0,3.0,1.0,2,1.26,35.0,66,False
848,POPEYE'S CHICKEN RESTAURANT,616 E 103RD ST,Corner store / food mart,ROSELAND,3.0,3.0,1.0,2,1.67,48.9,52,False
849,Krispy Krunchy Chicken,6659 S WENTWORTH AVE STORE FRONT -,Corner store / food mart,GREATER GRAND CROSSING,3.0,3.0,1.0,2,0.56,35.0,66,False
850,HI-LOW SUPERMARKET,445 E 103RD ST,Corner store / food mart,ROSELAND,3.0,3.0,1.0,2,1.51,48.9,52,False
851,BUY -N- SAVE,209 E 103RD ST GROUND,Corner store / food mart,ROSELAND,3.0,3.0,1.0,2,1.42,48.9,52,False
852,Checkers #6361,11449 S HALSTED ST 1,Corner store / food mart,ROSELAND,3.0,3.0,1.0,2,0.83,48.9,52,False
853,SLOPPY'S,401 E 103RD ST,Corner store / food mart,ROSELAND,3.0,3.0,1.0,2,1.47,48.9,52,False
854,EUREST DINING SERVICES,6800 S WENTWORTH AVE,Corner store / food mart,GREATER GRAND CROSSING,3.0,3.0,1.0,2,0.78,35.0,66,False
855,WENCES HAIR STUDIO,3540 W NORTH AVE,Barbershop / salon,HUMBOLDT PARK,2.9,4.8,0.6,3,0.87,34.9,85,False
856,DOLLAR TREE #08796,1550 N KOSTNER AVE 1ST,Corner store / food mart,HUMBOLDT PARK,2.9,2.9,1.0,4,0.23,34.9,85,False
857,UTOPIA UNISEX SALON,6118 W NORTH AVE 1ST,Barbershop / salon,AUSTIN,2.9,4.9,0.6,3,0.79,50.4,73,False
858,"SHOP RITE FOOD & DOLLAR, INC.",3207 W 59TH ST 1ST,Corner store / food mart,CHICAGO LAWN,2.9,2.9,1.0,2,0.47,34.7,80,False
859,TOWN FOOD & LIQUOR,1813 W 63RD ST,Corner store / food mart,WEST ENGLEWOOD,2.8,2.8,1.0,5,0.1,80.9,89,False
860,APOSTOLIC CHURCH OF GOD-DINING,6320 S DORCHESTER AVE  DININ,Corner store / food mart,WOODLAWN,2.8,2.8,1.0,2,1.26,17.2,58,False
861,PRIVILEGE,6947 S SOUTH CHICAGO AVE,Corner store / food mart,WOODLAWN,2.8,2.8,1.0,2,0.98,17.2,58,False
862,MAINLINE CONVENIENCE STORE,604 E 89TH PL,Corner store / food mart,CHATHAM,2.8,2.8,1.0,2,1.69,20.3,60,False
863,GRACIE'S HOUSE OF BEAUTY,8501 S RACINE AVE,Barbershop / salon,AUBURN GRESHAM,2.8,4.7,0.6,3,0.86,39.4,74,False
864,NICKS LIQUORS,8103-8107 S HALSTED ST,Liquor / package goods,AUBURN GRESHAM,2.8,3.1,0.9,2,1.46,39.4,74,False
865,TRE'S ORIGINAL PANCAKE HOUSE,1528 E 63RD ST  1ST F,Corner store / food mart,WOODLAWN,2.8,2.8,1.0,2,1.57,17.2,58,False
866,WOODLAWN DINING COMMONS,1156 E 61ST ST,Corner store / food mart,WOODLAWN,2.8,2.8,1.0,2,0.91,17.2,58,False
867,DOLLAR CENTRAL,457 W 79TH ST,Corner store / food mart,CHATHAM,2.8,2.8,1.0,2,1.66,20.3,60,False
868,Jamm Jackson's Hair Studio Chicago,8159 S SOUTH CHICAGO AVE 1ST,Barbershop / salon,SOUTH CHICAGO,2.8,4.7,0.6,3,0.66,40.7,75,False
869,CAFETERIA Y NEVERIA JIMENEZ,4204-4216 W NORTH AVE,Corner store / food mart,HUMBOLDT PARK,2.7,2.7,1.0,4,0.21,34.9,85,False
870,JEST CUT BARBER SHOP,714 W 115TH ST  B,Barbershop / salon,ROSELAND,2.7,4.5,0.6,3,0.83,48.9,52,False
871,JJ'S TOP DOG,16 E 95TH ST,Corner store / food mart,ROSELAND,2.7,1.8,1.5,4,0.1,48.9,52,True
872,THE KINGS OF KUTZ INCORPORATED,400 W 76TH ST 2 216,Barbershop / salon,GREATER GRAND CROSSING,2.7,4.5,0.6,3,1.65,35.0,66,False
873,YOSHIMIS FULL SERVICE HAIR AND SPA,10629 S HALSTED ST 1,Barbershop / salon,ROSELAND,2.7,4.5,0.6,3,2.15,48.9,52,False
874,AH VENDING & FOOD SERVICE,1819 N MAJOR AVE,Corner store / food mart,AUSTIN,2.6,2.6,1.0,2,0.4,50.4,73,False
875,SHARIF'S FOOD & LIQUORS INC.,5958 S RACINE AVE,Tobacco / vape,WEST ENGLEWOOD,2.6,3.7,0.7,2,1.07,80.9,89,False
876,LEE RAYBON,4402-4416 W ROOSEVELT RD,Corner store / food mart,NORTH LAWNDALE,2.6,2.6,1.0,2,0.4,31.5,87,False
877,HELLO CHICKEN,9056 S BRANDON AVE 1ST,Corner store / food mart,SOUTH CHICAGO,2.6,2.6,1.0,4,0.21,40.7,75,False
878,ROB'S,7158 S WOODLAWN AVE 1ST,Corner store / food mart,GREATER GRAND CROSSING,2.5,2.5,1.0,2,0.41,35.0,66,False
879,SHELTER LOUNGE,605 E 87TH ST,Liquor / package goods,CHATHAM,2.5,2.8,0.9,2,1.66,20.3,60,False
880,JENNIFER'S GROCERY,11415 S MICHIGAN AVE 1ST,Corner store / food mart,ROSELAND,2.5,2.5,1.0,3,0.28,48.9,52,False
881,K & M FOOD MART INC,3022-3024 W WABANSIA AVE,Corner store / food mart,HUMBOLDT PARK,2.4,2.4,1.0,3,0.25,34.9,85,False
882,JOYE CHOP SUEY,4829 W CHICAGO AVE FRONT,Corner store / food mart,AUSTIN,2.4,2.4,1.0,5,0.08,50.4,73,False
883,ORION RESTAURANT,5772 S ARCHER AVE,Corner store / food mart,GARFIELD RIDGE,2.4,2.4,1.0,2,1.94,6.9,32,False
884,BIG 4'S CHOP SUEY,5411 S HARLEM AVE 1ST,Corner store / food mart,GARFIELD RIDGE,2.4,2.4,1.0,2,1.76,6.9,32,False
885,JOE & FRANK'S MARKET,7147 W ARCHER AVE,Corner store / food mart,GARFIELD RIDGE,2.4,2.4,1.0,2,1.72,6.9,32,False
886,GELATINA'S CRIS#2,4725 S CICERO AVE,Corner store / food mart,GARFIELD RIDGE,2.4,2.4,1.0,2,1.51,6.9,32,False
887,L & M,5125 W 47TH ST,Corner store / food mart,GARFIELD RIDGE,2.4,2.4,1.0,2,2.2,6.9,32,False
888,"TAQUERIA PUEBLO NUEVO, INC.",4930 S CICERO AVE 1,Corner store / food mart,GARFIELD RIDGE,2.4,2.4,1.0,2,1.39,6.9,32,False
889,BROWNS CHICKEN,6909 W ARCHER AVE  1ST,Corner store / food mart,GARFIELD RIDGE,2.4,2.4,1.0,2,1.18,6.9,32,False
890,KENTUCKY FRIED CHICKEN Y200207,6040 S ARCHER AVE  1,Corner store / food mart,GARFIELD RIDGE,2.4,2.4,1.0,2,1.02,6.9,32,False
891,POTBELLY SANDWICH WORKS,5709 S HARLEM AVE,Corner store / food mart,GARFIELD RIDGE,2.4,2.4,1.0,2,1.82,6.9,32,False
892,PRZY KOMINKU,5730 S ARCHER AVE # 1ST,Corner store / food mart,GARFIELD RIDGE,2.4,2.4,1.0,2,2.1,6.9,32,False
893,BROADWAY FOOD MARKET INC,1876 S KEDZIE AVE,Corner store / food mart,NORTH LAWNDALE,2.4,1.6,1.5,1,0.66,31.5,87,True
894,SUPERMERCADO EL BARRIO,6115 S KEDZIE AVE 1ST,Corner store / food mart,CHICAGO LAWN,2.4,2.4,1.0,5,0.05,34.7,80,False
895,WENDY'S #001110,5679 S ARCHER AVE,Corner store / food mart,GARFIELD RIDGE,2.4,2.4,1.0,2,2.15,6.9,32,False
896,DUNKIN DONUTS,4649 S CICERO AVE,Corner store / food mart,GARFIELD RIDGE,2.4,2.4,1.0,2,1.57,6.9,32,False
897,LA MICHOACANA Y MAS INC.,6950 W ARCHER AVE  2,Corner store / food mart,GARFIELD RIDGE,2.4,2.4,1.0,2,1.31,6.9,32,False
898,ACADEMY FOR GLOBAL CITIZENSHIP CHARTER SCHOOL,4942 W 44TH ST,Corner store / food mart,GARFIELD RIDGE,2.4,2.4,1.0,2,2.2,6.9,32,False
899,CHURCH'S CHICKEN # 982,58 W 79TH ST,Corner store / food mart,GREATER GRAND CROSSING,2.3,1.5,1.5,1,1.03,35.0,66,True
900,MORRISON'S SOUL FOOD,148 W 79TH ST,Corner store / food mart,GREATER GRAND CROSSING,2.3,1.5,1.5,1,1.2,35.0,66,True
901,"CARNICERIA LA HACIENDA, INC.",3459 W 59TH ST,Tobacco / vape,CHICAGO LAWN,2.2,3.1,0.7,2,0.74,34.7,80,False
902,QUALITY FOOD ON 71 ST INC,2557 W 71ST ST,Tobacco / vape,CHICAGO LAWN,2.2,3.1,0.7,2,2.29,34.7,80,False
903,SOUTH CHICAGO FISH COMPANY INC,9133 S BALTIMORE AVE  1,Corner store / food mart,SOUTH CHICAGO,2.2,2.2,1.0,4,0.17,40.7,75,False
904,CHEN'S GARDEN,3221 W NORTH AVE  1ST,Corner store / food mart,HUMBOLDT PARK,2.1,2.1,1.0,3,0.21,34.9,85,False
905,87TH & SHELL,8659 S STATE ST 1ST,Gas / filling station,CHATHAM,2.1,1.4,1.5,1,1.61,20.3,60,True
906,WENDY'S,8740 S LAFAYETTE AVE,Corner store / food mart,CHATHAM,2.1,1.4,1.5,1,1.45,20.3,60,True
907,JEWEL FOOD STORE #3181,87 W 87TH ST 1,Corner store / food mart,CHATHAM,2.1,1.4,1.5,1,1.58,20.3,60,True
908,TAP THAT ASH CIGAR BAR,11157 S HALSTED ST,Tobacco / vape,ROSELAND,2.1,3.0,0.7,2,1.41,48.9,52,False
909,525 TOBACCO,525 E 103RD ST,Tobacco / vape,ROSELAND,2.1,3.0,0.7,2,1.57,48.9,52,False
910,"TJ CUFFEY'S CARRYOUT CATERING, INC.",352 E 115TH ST 1ST,Corner store / food mart,ROSELAND,2.1,2.1,1.0,2,0.35,48.9,52,False
911,LA JEREZANA,3022 E 91ST ST  1SDT,Tobacco / vape,SOUTH CHICAGO,2.0,2.8,0.7,6,0.06,40.7,75,False
912,M & M GROCERIES & LIQUORS INC,1401 E 73RD ST # 1ST,Tobacco / vape,SOUTH SHORE,2.0,2.8,0.7,2,0.79,26.8,55,False
913,THE BEDDING STORE,1515 W 87TH ST  1,Tobacco / vape,AUBURN GRESHAM,2.0,2.9,0.7,2,0.46,39.4,74,False
914,MCDONALDS #5471,4338 W NORTH AVE,Corner store / food mart,HUMBOLDT PARK,1.9,1.9,1.0,4,0.1,34.9,85,False
915,RACINE FOOD & GENERAL MERCHANDISE,5500 S RACINE AVE 1ST,Tobacco / vape,WEST ENGLEWOOD,1.9,2.8,0.7,5,0.12,80.9,89,False
916,QUALITY HAIR AND NAIL STUDIO  INC,2943 W 71ST ST FRONT,Barbershop / salon,CHICAGO LAWN,1.9,3.1,0.6,2,2.03,34.7,80,False
917,CUT IT OUT HAIR DESIGNS,3041 W 59TH ST 1 1,Barbershop / salon,CHICAGO LAWN,1.9,3.1,0.6,2,0.55,34.7,80,False
918,360 UNISEX SALON,3135 W 71ST ST 1ST,Barbershop / salon,CHICAGO LAWN,1.9,3.1,0.6,2,1.97,34.7,80,False
919,ESPINO FAMILY HAIR STUDIO,3339 W 59TH ST 1ST,Barbershop / salon,CHICAGO LAWN,1.9,3.1,0.6,2,0.56,34.7,80,False
920,RICHIES FAST FOOD INC,901 N CICERO AVE 1ST,Corner store / food mart,AUSTIN,1.8,1.8,1.0,3,0.18,50.4,73,False
921,GREEN TOMATO CAFE,3750 W OGDEN AVE 1ST,Corner store / food mart,NORTH LAWNDALE,1.8,1.2,1.5,1,0.38,31.5,87,True
922,CHAZAP INC.,325 W 103RD ST,Barbershop / salon,ROSELAND,1.8,3.0,0.6,2,1.69,48.9,52,False
923,ALL AMERICAN A HUMBLE BAR,3018 W NORTH AVE 1ST,Tobacco / vape,HUMBOLDT PARK,1.7,2.5,0.7,4,0.19,34.9,85,False
924,Fruteria Lina,4545 W DIVISION ST  XX,Corner store / food mart,HUMBOLDT PARK,1.6,1.6,1.0,1,0.73,34.9,85,False
925,LINDA MICHIOCANA,6808 W NORTH AVE 1,Corner store / food mart,AUSTIN,1.6,1.6,1.0,1,2.18,50.4,73,False
926,WALGREENS #04152,1606 N MOBILE AVE 1ST,Corner store / food mart,AUSTIN,1.6,1.6,1.0,1,1.21,50.4,73,False
927,AMC THEATRES GALEWOOD 14,5530 W HOMER ST 1ST,Corner store / food mart,AUSTIN,1.6,1.6,1.0,1,0.72,50.4,73,False
928,FUE CITY CHINESE RESTUARANT,6954 W NORTH AVE,Corner store / food mart,AUSTIN,1.6,1.6,1.0,1,2.49,50.4,73,False
929,"GUCKENHEIMER ENTERPRISES, INC.",2019 N OAK PARK AVE,Corner store / food mart,AUSTIN,1.6,1.6,1.0,1,2.3,50.4,73,False
930,GRAND SLAM PIZZA,6856 W NORTH AVE,Corner store / food mart,AUSTIN,1.6,1.6,1.0,1,2.33,50.4,73,False
931,J & K  FAMILY GROCERY,5236 W BLOOMINGDALE AVE,Corner store / food mart,AUSTIN,1.6,1.6,1.0,1,1.04,50.4,73,False
932,SALLIES LIQUORS,1000 W 79TH ST  FIRST,Corner store / food mart,AUBURN GRESHAM,1.6,1.6,1.0,1,0.87,39.4,74,False
933,RICHMOND FOOD & LIQUORS,2935-2937 W 59TH ST 1,Corner store / food mart,CHICAGO LAWN,1.6,1.6,1.0,1,0.7,34.7,80,False
934,LAVISH LYFE STAFFING,9316 S BALTIMORE AVE,Corner store / food mart,SOUTH CHICAGO,1.6,1.6,1.0,1,0.51,40.7,75,False
935,"PAL DOLLAR, GROCERY & CELLULAR, INC.",1259 W 79TH ST GROUND,Corner store / food mart,AUBURN GRESHAM,1.6,1.6,1.0,1,0.79,39.4,74,False
936,HOLY CROSS HOSPITAL,2701 W 68TH ST,Corner store / food mart,CHICAGO LAWN,1.6,1.6,1.0,1,1.7,34.7,80,False
937,FIRST CHURCH OF LOVE AND FAITH,2147 W 79TH ST,Corner store / food mart,AUBURN GRESHAM,1.6,1.6,1.0,1,2.08,39.4,74,False
938,TIP TOP LAUNDRY & DRY CLEANERS,8700 S SAGINAW AVE,Corner store / food mart,SOUTH CHICAGO,1.6,1.6,1.0,1,1.03,40.7,75,False
939,TACO BELL,4523 W NORTH AVE 1ST,Corner store / food mart,HUMBOLDT PARK,1.5,1.5,1.0,1,0.47,34.9,85,False
940,FANFARES CATERING,742 E 95TH ST,Corner store / food mart,ROSELAND,1.5,1.5,1.0,1,1.59,48.9,52,False
941,S & E DINER,11117 S HALSTED ST,Corner store / food mart,ROSELAND,1.5,1.5,1.0,1,1.53,48.9,52,False
942,CVS/pharmacy #4688,745 W 103RD ST 1,Corner store / food mart,ROSELAND,1.5,1.5,1.0,1,1.57,48.9,52,False
943,"CHOICE CHINA WOK, INC.",10341 S HALSTED ST,Corner store / food mart,ROSELAND,1.5,1.5,1.0,1,1.69,48.9,52,False
944,M AND Z FOOD MARKET INC.,501 W 111TH ST,Corner store / food mart,ROSELAND,1.5,1.5,1.0,1,1.45,48.9,52,False
945,TRI-M NUT COMPANY,11011 S HALSTED ST,Corner store / food mart,ROSELAND,1.5,1.5,1.0,1,1.75,48.9,52,False
946,POPCORN CORNER,418 W 79TH ST,Corner store / food mart,GREATER GRAND CROSSING,1.5,1.5,1.0,1,1.7,35.0,66,False
947,NORTH AVE BP,3138-3150 W NORTH AVE,Gas / filling station,HUMBOLDT PARK,1.4,1.4,1.0,3,0.07,34.9,85,False
948,RIB JOINT INC,432 E 87TH ST # 1ST,Corner store / food mart,CHATHAM,1.4,1.4,1.0,1,1.59,20.3,60,False
949,MIDWAY FOOD & LIQUORS NO. 2,1344 E 67TH ST 1,Corner store / food mart,WOODLAWN,1.4,1.4,1.0,1,1.37,17.2,58,False
950,DISCOUNT MEAT COMPANY,339   -00341 W 79TH ST  MAIN,Corner store / food mart,CHATHAM,1.4,1.4,1.0,1,1.57,20.3,60,False
951,THE STUDY AT UNIVERSITY OF CHICAGO/TRUTH BE TOLD,1227 E 60TH ST 1-12,Corner store / food mart,WOODLAWN,1.4,1.4,1.0,1,1.16,17.2,58,False
952,SOFT SHEEN/CARSON,8522 S LAFAYETTE AVE,Corner store / food mart,CHATHAM,1.4,1.4,1.0,1,1.59,20.3,60,False
953,"B' GABS GOODIES, LLC",6100 S BLACKSTONE AVE 1ST,Corner store / food mart,WOODLAWN,1.4,1.4,1.0,1,1.43,17.2,58,False
954,KERFOOT FOOD AND LIQUOR,8462 S VINCENNES AVE  1,Liquor / package goods,AUBURN GRESHAM,1.4,1.6,0.9,1,1.74,39.4,74,False
955,1155 CAFE,1155 E 60TH ST 1ST,Corner store / food mart,WOODLAWN,1.4,1.4,1.0,1,1.01,17.2,58,False
956,WALMART #5781,8431 S STEWART AVE,Corner store / food mart,CHATHAM,1.4,1.4,1.0,1,1.96,20.3,60,False
957,UNIVERSITY OF CHICAGO,1111 E 60TH ST 1ST,Corner store / food mart,WOODLAWN,1.4,1.4,1.0,1,0.9,17.2,58,False
958,The University of Chicago,6031 S ELLIS AVE 1ST,Corner store / food mart,WOODLAWN,1.4,1.4,1.0,1,0.72,17.2,58,False
959,HAIRE'S GULF SHRIMP,8112 S VINCENNES AVE 1ST,Corner store / food mart,CHATHAM,1.4,1.4,1.0,1,1.8,20.3,60,False
960,THE NATURAL CONNECTION,8517 S STATE ST,Corner store / food mart,CHATHAM,1.4,1.4,1.0,1,1.5,20.3,60,False
961,"J & A GRILL, INC.",8331 S STEWART AVE 1ST,Corner store / food mart,CHATHAM,1.4,1.4,1.0,1,1.86,20.3,60,False
962,FRESH 2 U CAFE,6330 S STONY ISLAND AVE 1ST,Corner store / food mart,WOODLAWN,1.4,1.4,1.0,1,1.68,17.2,58,False
963,GARY COMER YOUTH CENTER,7200 S INGLESIDE AVE,Corner store / food mart,GREATER GRAND CROSSING,1.3,1.3,1.0,2,0.22,35.0,66,False
964,MANNY'S CAFE MIDWAY,5700 S CICERO AVE CA-6,Corner store / food mart,GARFIELD RIDGE,1.2,1.2,1.0,1,1.24,6.9,32,False
965,"NICKY'S ON ARCHER, INC.",6142 S ARCHER AVE 1ST,Corner store / food mart,GARFIELD RIDGE,1.2,1.2,1.0,1,0.7,6.9,32,False
966,AFC SUSHI @ JEWEL OSCO #3721,6107 S ARCHER AVE,Corner store / food mart,GARFIELD RIDGE,1.2,1.2,1.0,1,0.82,6.9,32,False
967,SAMMYS COUNTRY KITCHEN,5542 W 55TH ST 1ST,Corner store / food mart,GARFIELD RIDGE,1.2,1.2,1.0,1,1.55,6.9,32,False
968,ROSA'S II,5859 S HARLEM AVE,Corner store / food mart,GARFIELD RIDGE,1.2,1.2,1.0,1,1.81,6.9,32,False
969,7-ELEVEN,5893 S ARCHER AVE 1,Corner store / food mart,GARFIELD RIDGE,1.2,1.2,1.0,1,1.5,6.9,32,False
970,KEAN BROS INC,5448 W 55TH ST,Gas / filling station,GARFIELD RIDGE,1.2,1.2,1.0,1,1.73,6.9,32,False
971,STAN'S CORNER INC,5960 S ARCHER AVE,Corner store / food mart,GARFIELD RIDGE,1.2,1.2,1.0,1,1.29,6.9,32,False
972,EL G-FE,4820 S CICERO AVE 1,Corner store / food mart,GARFIELD RIDGE,1.2,1.2,1.0,1,1.46,6.9,32,False
973,WONDER HOSTESS,5702 W 55TH ST  1ST,Corner store / food mart,GARFIELD RIDGE,1.2,1.2,1.0,1,1.29,6.9,32,False
974,BEEFY'S,5749 S HARLEM AVE 1,Corner store / food mart,GARFIELD RIDGE,1.2,1.2,1.0,1,1.86,6.9,32,False
975,WINGSTOP #587,6190 S ARCHER AVE 1,Corner store / food mart,GARFIELD RIDGE,1.2,1.2,1.0,1,0.52,6.9,32,False
976,GLORIA DEI LUTHERAN CHURCH,5259 S MAJOR AVE,Corner store / food mart,GARFIELD RIDGE,1.2,1.2,1.0,1,1.35,6.9,32,False
977,NUTS ON CLARK MIDWAY,5500 S CICERO AVE  CA11,Corner store / food mart,GARFIELD RIDGE,1.2,1.2,1.0,1,1.19,6.9,32,False
978,LOS PICOSITOS,6022 S KEDZIE AVE 1ST,Corner store / food mart,CHICAGO LAWN,1.2,1.2,1.0,2,0.2,34.7,80,False
979,N & A FOOD MARKET,1145 W 84TH ST 1,Tobacco / vape,AUBURN GRESHAM,1.1,1.6,0.7,1,1.06,39.4,74,False
980,"COLE IMPORTS, LTD.",7614 S GREENWOOD AVE,Tobacco / vape,GREATER GRAND CROSSING,1.1,1.5,0.7,1,0.7,35.0,66,False
981,CITGO,7283 S SOUTH CHICAGO AVE,Gas / filling station,GREATER GRAND CROSSING,0.9,0.9,1.0,2,0.06,35.0,66,False
982,VIANEY BEAUTY SALON,3547 W 63RD ST 1ST,Barbershop / salon,CHICAGO LAWN,0.9,1.6,0.6,1,0.81,34.7,80,False
983,THE ORIGINAL G & T MARGIE'S MAXWELL STREET,4646 W CHICAGO AVE,Corner store / food mart,AUSTIN,0.8,0.8,1.0,1,0.25,50.4,73,False
984,UP SCALES BEAUTY & BARBER SALON,247 W 79TH ST 1ST,Barbershop / salon,CHATHAM,0.8,1.4,0.6,1,1.39,20.3,60,False
985,"VAUNT FITNESS, LLC",6255 S ARCHER AVE 1ST & BASEMENT,Corner store / food mart,GARFIELD RIDGE,0.7,0.7,1.0,1,0.31,6.9,32,False
986,LEE'S UNLEADED BLUES CLUB,7401 S SOUTH CHICAGO AVE,Tobacco / vape,GREATER GRAND CROSSING,0.6,0.9,0.7,1,0.3,35.0,66,False
987,BOSE HAIR STUDIO,240 E 115TH ST 1ST,Barbershop / salon,ROSELAND,0.5,0.9,0.6,2,0.1,48.9,52,False
988,AMATO'S PIZZERIA INC,1745-1747 N HARLEM AVE  3,Corner store / food mart,AUSTIN,0.0,0.0,1.0,0,2.81,50.4,73,False
989,STARBUCKS COFFEE #2949,7112 W NORTH AVE,Corner store / food mart,AUSTIN,0.0,0.0,1.0,0,2.47,50.4,73,False
990,MARIA'S MEXICAN RESTAURANT,1905 N HARLEM AVE 1ST,Corner store / food mart,AUSTIN,0.0,0.0,1.0,0,2.85,50.4,73,False
991,FIREHOUSE AND CAPTAIN HOOKS,5648 W ROOSEVELT RD 1,Corner store / food mart,AUSTIN,0.0,0.0,1.0,0,1.6,50.4,73,False
992,HOW YOU DOIN' CAFE,2360 N NEVA AVE,Corner store / food mart,AUSTIN,0.0,0.0,1.0,0,2.17,50.4,73,False
993,OSCO DRUG #5540,1819 N HARLEM AVE 1,Tobacco / vape,AUSTIN,0.0,0.0,0.7,0,2.86,50.4,73,False
994,ALDI INC STORE 14,5629 W FILLMORE ST,Liquor / package goods,AUSTIN,0.0,0.0,0.9,0,1.6,50.4,73,False
995,AJ STYLES SALON,6624 W NORTH AVE 1,Barbershop / salon,AUSTIN,0.0,0.0,0.6,0,1.84,50.4,73,False
996,LEMME GET UMMM,7016 W NORTH AVE 1ST,Corner store / food mart,AUSTIN,0.0,0.0,1.0,0,2.47,50.4,73,False
997,OSCO DRUG STORE #5512,1705 N HARLEM AVE,Liquor / package goods,AUSTIN,0.0,0.0,0.9,0,2.68,50.4,73,False
998,DOG DAY AFTERNOON,7183 W ARMITAGE AVE 1ST,Corner store / food mart,AUSTIN,0.0,0.0,1.0,0,2.8,50.4,73,False
999,Sarpino's Pizza,6526 W NORTH AVE 1,Corner store / food mart,AUSTIN,0.0,0.0,1.0,0,1.71,50.4,73,False
1000,"DOOR TO DOOR ORGANICS OF ILLINOIS, LLC",5412 W ROOSEVELT RD 1 1,Corner store / food mart,AUSTIN,0.0,0.0,1.0,0,1.09,50.4,73,False
1001,SERRELLI'S FOODS,6454 W NORTH AVE 1ST,Corner store / food mart,AUSTIN,0.0,0.0,1.0,0,1.51,50.4,73,False
1002,Walgreens # 05825,1213 W 79TH ST 1ST,Corner store / food mart,AUBURN GRESHAM,0.0,0.0,1.0,0,0.78,39.4,74,False
1003,WALKER BEAUTY SALON,354 E 87TH ST 1ST,Barbershop / salon,CHATHAM,0.0,0.0,0.6,0,1.59,20.3,60,False
1004,"T & J  FOOD MARKET, INC.",418 E 107TH ST,Corner store / food mart,ROSELAND,0.0,0.0,1.0,0,0.77,48.9,52,False
1005,THOMPSON HOSPITALITY SERVICES,9501 S DR MARTIN LUTHER KING JR DR 1,Corner store / food mart,ROSELAND,0.0,0.0,1.0,0,0.86,48.9,52,False
1006,TINA'S,5440 S NARRAGANSETT AVE,Corner store / food mart,GARFIELD RIDGE,0.0,0.0,1.0,0,0.14,6.9,32,False
1007,KANWAL JIWANI CORP,4247 S CICERO AVE,Corner store / food mart,GARFIELD RIDGE,0.0,0.0,1.0,0,2.12,6.9,32,False
1008,ANDY'S BARBER SHOP,6509 W ARCHER AVE 1ST B,Barbershop / salon,GARFIELD RIDGE,0.0,0.0,0.6,0,0.38,6.9,32,False
1009,UNION FADES,6425 W ARCHER AVE,Barbershop / salon,GARFIELD RIDGE,0.0,0.0,0.6,0,0.24,6.9,32,False
1010,KHALIL'S FOOD & LIQUOR,146 W 103RD ST 1ST,Tobacco / vape,ROSELAND,0.0,0.0,0.7,0,1.64,48.9,52,False
1011,CHEF'S WOK & POLAR BEAR,6832 W ARCHER AVE,Corner store / food mart,GARFIELD RIDGE,0.0,0.0,1.0,0,1.05,6.9,32,False
1012,7-ELEVEN #26878 F,6559 W ARCHER AVE,Corner store / food mart,GARFIELD RIDGE,0.0,0.0,1.0,0,0.54,6.9,32,False
1013,Citgo,8903 S SOUTH CHICAGO AVE 1ST,Corner store / food mart,SOUTH CHICAGO,0.0,0.0,1.0,0,0.75,40.7,75,False
1014,MIDWAY GARDEN CAFE,1427 E 60TH ST 1ST,Corner store / food mart,WOODLAWN,0.0,0.0,1.0,0,1.51,17.2,58,False
1015,THE PIT STOP,65 W 103RD ST,Corner store / food mart,ROSELAND,0.0,0.0,1.0,0,1.56,48.9,52,False
1016,BLU SALON / CUT,1140 E 87TH ST 1ST,Barbershop / salon,CHATHAM,0.0,0.0,0.6,0,1.33,20.3,60,False
1017,J & J FISH AND CHICKEN,8300 S HOLLAND RD,Corner store / food mart,CHATHAM,0.0,0.0,1.0,0,1.68,20.3,60,False
1018,JOHN PTICEK,5523 S NARRAGANSETT AVE,Corner store / food mart,GARFIELD RIDGE,0.0,0.0,1.0,0,0.19,6.9,32,False
1019,LA RABIDA CHILDREN'S HOSPITAL,6501 S PROMONTORY DR,Corner store / food mart,WOODLAWN,0.0,0.0,1.0,0,1.69,17.2,58,False
1020,PATRICK'S TAVERN,6296 S ARCHER AVE 1ST,Tobacco / vape,GARFIELD RIDGE,0.0,0.0,0.7,0,0.17,6.9,32,False
1021,MC DONALD'S,6720 W ARCHER AVE  1,Corner store / food mart,GARFIELD RIDGE,0.0,0.0,1.0,0,0.82,6.9,32,False
1022,JONES FOOD MART,9818 S MICHIGAN AVE 1ST,Corner store / food mart,ROSELAND,0.0,0.0,1.0,0,0.75,48.9,52,False
1023,ALDI #88,8500 S HOLLAND RD 1,Liquor / package goods,CHATHAM,0.0,0.0,0.9,0,1.9,20.3,60,False
1024,VENUS AND MARS,715 W 111TH ST,Barbershop / salon,ROSELAND,0.0,0.0,0.6,0,1.59,48.9,52,False
1025,ALTOM TRANSPORT,4243 S KNOX AVE 1ST,Gas / filling station,GARFIELD RIDGE,0.0,0.0,1.0,0,1.95,6.9,32,False
1026,WE SERVE FOOD MART INC.,10857 S HALSTED ST 1ST,Corner store / food mart,ROSELAND,0.0,0.0,1.0,0,2.02,48.9,52,False
1027,JACKSON PARK GOLF COURSE,6401 S RICHARDS DR 1ST,Corner store / food mart,WOODLAWN,0.0,0.0,1.0,0,2.22,17.2,58,False
1028,"SSP AMERICA, INC.",5757 W 59TH ST 1,Corner store / food mart,GARFIELD RIDGE,0.0,0.0,1.0,0,1.42,6.9,32,False
1029,ZOE VENDING,251 E 95TH ST,Corner store / food mart,ROSELAND,0.0,0.0,1.0,0,0.61,48.9,52,False
1030,MARINA CAFE,6401 S COAST GUARD DR,Corner store / food mart,WOODLAWN,0.0,0.0,1.0,0,2.05,17.2,58,False
1031,"MOTEL SLEEPERS, INC.",8538 S HOLLAND RD 1-2,Corner store / food mart,CHATHAM,0.0,0.0,1.0,0,1.88,20.3,60,False
1032,WHITE HEATHER COIFFURES INC,6340 S ARCHER AVE 1ST,Barbershop / salon,GARFIELD RIDGE,0.0,0.0,0.6,0,0.04,6.9,32,False
1033,EL CENTENARIO SPORTS BAR & GRILL,4556 W ROOSEVELT RD 1ST,Corner store / food mart,NORTH LAWNDALE,0.0,0.0,1.0,0,0.78,31.5,87,False
1034,"PEORIA PACKING, LTD.",4521 W ROOSEVELT RD,Corner store / food mart,NORTH LAWNDALE,0.0,0.0,1.0,0,0.66,31.5,87,False
