{"type": "FeatureCollection", "metadata": {"generated": "2026-09-13", "n": 1046, "model": "reach x need (take-home retail distribution)", "settled_window": ["2022", "2023", "2024"]}, "features": [{"type": "Feature", "geometry": {"type": "Point", "coordinates": [-87.7260700374, 41.8733310119]}, "properties": {"name": "Light Cafe Incorporated", "address": "4015 W HARRISON ST 1ST", "type": "Corner store / food mart", "ca_name": "WEST GARFIELD PARK", "placement_score": 109.3, "need": 72.8, "reach": 1.5, "recent_deaths_400m": 46, "nearest_nax_km": 0.67, "blight_score": 24.7, "hardship": 92, "transit_adjacent": true}}, {"type": "Feature", "geometry": {"type": "Point", "coordinates": [-87.7255969017, 41.8745373122]}, "properties": {"name": "SAVE-A-LOT  #859", "address": "420 S PULASKI RD", "type": "Corner store / food mart", "ca_name": "WEST GARFIELD PARK", "placement_score": 99.8, "need": 66.5, "reach": 1.5, "recent_deaths_400m": 42, "nearest_nax_km": 0.53, "blight_score": 24.7, "hardship": 92, "transit_adjacent": true}}, {"type": "Feature", "geometry": {"type": "Point", "coordinates": [-87.7231014349, 41.8733504112]}, "properties": {"name": "CRAZY PHILLY EXPRESS LLC", "address": "3903-3905 W HARRISON ST 1", "type": "Corner store / food mart", "ca_name": "WEST GARFIELD PARK", "placement_score": 87.9, "need": 58.6, "reach": 1.5, "recent_deaths_400m": 37, "nearest_nax_km": 0.69, "blight_score": 24.7, "hardship": 92, "transit_adjacent": true}}, {"type": "Feature", "geometry": {"type": "Point", "coordinates": [-87.7278159769, 41.8753484245]}, "properties": {"name": "VAN-LOV, INC.", "address": "4058 W VAN BUREN ST 1ST", "type": "Corner store / food mart", "ca_name": "WEST GARFIELD PARK", "placement_score": 86.0, "need": 57.4, "reach": 1.5, "recent_deaths_400m": 37, "nearest_nax_km": 0.49, "blight_score": 24.7, "hardship": 92, "transit_adjacent": true}}, {"type": "Feature", "geometry": {"type": "Point", "coordinates": [-87.7256458607, 41.8756887493]}, "properties": {"name": "OUR NEIGHBORHOOD QUICK STOP", "address": "346 S PULASKI RD 1ST", "type": "Corner store / food mart", "ca_name": "WEST GARFIELD PARK", "placement_score": 84.8, "need": 56.5, "reach": 1.5, "recent_deaths_400m": 44, "nearest_nax_km": 0.41, "blight_score": 24.7, "hardship": 92, "transit_adjacent": true}}, {"type": "Feature", "geometry": {"type": "Point", "coordinates": [-87.7255129508, 41.871463796]}, "properties": {"name": "MJ FOOD MART", "address": "734 S PULASKI RD", "type": "Corner store / food mart", "ca_name": "WEST GARFIELD PARK", "placement_score": 83.1, "need": 55.4, "reach": 1.5, "recent_deaths_400m": 35, "nearest_nax_km": 0.7, "blight_score": 24.7, "hardship": 92, "transit_adjacent": true}}, {"type": "Feature", "geometry": {"type": "Point", "coordinates": [-87.7251806908, 41.870313438]}, "properties": {"name": "JEWELEAN RESTAURANT", "address": "819 S PULASKI RD", "type": "Corner store / food mart", "ca_name": "WEST GARFIELD PARK", "placement_score": 68.9, "need": 45.9, "reach": 1.5, "recent_deaths_400m": 29, "nearest_nax_km": 0.62, "blight_score": 24.7, "hardship": 92, "transit_adjacent": true}}, {"type": "Feature", "geometry": {"type": "Point", "coordinates": [-87.7290573726, 41.8718636117]}, "properties": {"name": "WASHINGTON GROCERY", "address": "4139 W FIFTH AVE 1ST", "type": "Corner store / food mart", "ca_name": "WEST GARFIELD PARK", "placement_score": 66.5, "need": 44.3, "reach": 1.5, "recent_deaths_400m": 28, "nearest_nax_km": 0.63, "blight_score": 24.7, "hardship": 92, "transit_adjacent": true}}, {"type": "Feature", "geometry": {"type": "Point", "coordinates": [-87.7448616908, 41.8734058647]}, "properties": {"name": "CICERO FOOD CENTER", "address": "519 S CICERO AVE", "type": "Corner store / food mart", "ca_name": "AUSTIN", "placement_score": 58.2, "need": 38.8, "reach": 1.5, "recent_deaths_400m": 24, "nearest_nax_km": 1.27, "blight_score": 50.4, "hardship": 73, "transit_adjacent": true}}, {"type": "Feature", "geometry": {"type": "Point", "coordinates": [-87.604983948, 41.7474816794]}, "properties": {"name": "KING OF SOUL FOOD CUISINE & BAKERY", "address": "8103 S COTTAGE GROVE AVE", "type": "Corner store / food mart", "ca_name": "CHATHAM", "placement_score": 56.1, "need": 56.1, "reach": 1.0, "recent_deaths_400m": 40, "nearest_nax_km": 0.88, "blight_score": 20.3, "hardship": 60, "transit_adjacent": false}}, {"type": "Feature", "geometry": {"type": "Point", "coordinates": [-87.7256659372, 41.8769759488]}, "properties": {"name": "JERK TACO MAN", "address": "4001 W JACKSON BLVD 1ST", "type": "Corner store / food mart", "ca_name": "WEST GARFIELD PARK", "placement_score": 53.8, "need": 35.9, "reach": 1.5, "recent_deaths_400m": 43, "nearest_nax_km": 0.26, "blight_score": 24.7, "hardship": 92, "transit_adjacent": true}}, {"type": "Feature", "geometry": {"type": "Point", "coordinates": [-87.6052476301, 41.7463981951]}, "properties": {"name": "RCJ'S", "address": "8140 S COTTAGE GROVE AVE 1", "type": "Corner store / food mart", "ca_name": "CHATHAM", "placement_score": 53.3, "need": 53.3, "reach": 1.0, "recent_deaths_400m": 38, "nearest_nax_km": 0.92, "blight_score": 20.3, "hardship": 60, "transit_adjacent": false}}, {"type": "Feature", "geometry": {"type": "Point", "coordinates": [-87.6154378195, 41.7784906474]}, "properties": {"name": "SAMMY'S GRILL", "address": "6359 S DR MARTIN LUTHER KING JR DR", "type": "Corner store / food mart", "ca_name": "WOODLAWN", "placement_score": 51.6, "need": 34.4, "reach": 1.5, "recent_deaths_400m": 25, "nearest_nax_km": 0.74, "blight_score": 17.2, "hardship": 58, "transit_adjacent": true}}, {"type": "Feature", "geometry": {"type": "Point", "coordinates": [-87.605332981, 41.749362768]}, "properties": {"name": "FAMILY FOOD MART, INC", "address": "8000 S COTTAGE GROVE AVE", "type": "Corner store / food mart", "ca_name": "CHATHAM", "placement_score": 50.5, "need": 50.5, "reach": 1.0, "recent_deaths_400m": 36, "nearest_nax_km": 0.78, "blight_score": 20.3, "hardship": 60, "transit_adjacent": false}}, {"type": "Feature", "geometry": {"type": "Point", "coordinates": [-87.6045930533, 41.7514038091]}, "properties": {"name": "LOTUS RESTAURANT", "address": "814-816 E 79TH ST", "type": "Corner store / food mart", "ca_name": "GREATER GRAND CROSSING", "placement_score": 49.7, "need": 49.7, "reach": 1.0, "recent_deaths_400m": 33, "nearest_nax_km": 0.83, "blight_score": 35.0, "hardship": 66, "transit_adjacent": false}}, {"type": "Feature", "geometry": {"type": "Point", "coordinates": [-87.7337583776, 41.8807404878]}, "properties": {"name": "C.C.' S CONVENIENCE STORE", "address": "4316 W MADISON ST", "type": "Corner store / food mart", "ca_name": "WEST GARFIELD PARK", "placement_score": 47.5, "need": 47.5, "reach": 1.0, "recent_deaths_400m": 30, "nearest_nax_km": 0.72, "blight_score": 24.7, "hardship": 92, "transit_adjacent": false}}, {"type": "Feature", "geometry": {"type": "Point", "coordinates": [-87.6611328205, 41.7794082549]}, "properties": {"name": "SNACK SHACK & WIRELESS INC.", "address": "1445 W 63RD ST 1ST", "type": "Corner store / food mart", "ca_name": "WEST ENGLEWOOD", "placement_score": 47.2, "need": 31.4, "reach": 1.5, "recent_deaths_400m": 17, "nearest_nax_km": 0.61, "blight_score": 80.9, "hardship": 89, "transit_adjacent": true}}, {"type": "Feature", "geometry": {"type": "Point", "coordinates": [-87.6154079049, 41.7773741059]}, "properties": {"name": "ALAMANA SUPER MARKET", "address": "6435 S DR MARTIN LUTHER KING JR DR", "type": "Corner store / food mart", "ca_name": "WOODLAWN", "placement_score": 45.4, "need": 30.3, "reach": 1.5, "recent_deaths_400m": 22, "nearest_nax_km": 0.77, "blight_score": 17.2, "hardship": 58, "transit_adjacent": true}}, {"type": "Feature", "geometry": {"type": "Point", "coordinates": [-87.7356040875, 41.880052651]}, "properties": {"name": "ECUABARIEDADES CAZHO", "address": "16 S KOSTNER AVE 1", "type": "Corner store / food mart", "ca_name": "WEST GARFIELD PARK", "placement_score": 44.3, "need": 44.3, "reach": 1.0, "recent_deaths_400m": 28, "nearest_nax_km": 0.86, "blight_score": 24.7, "hardship": 92, "transit_adjacent": false}}, {"type": "Feature", "geometry": {"type": "Point", "coordinates": [-87.7447676388, 41.8708260144]}, "properties": {"name": "B P", "address": "749 S CICERO AVE", "type": "Corner store / food mart", "ca_name": "AUSTIN", "placement_score": 43.7, "need": 29.1, "reach": 1.5, "recent_deaths_400m": 18, "nearest_nax_km": 0.99, "blight_score": 50.4, "hardship": 73, "transit_adjacent": true}}, {"type": "Feature", "geometry": {"type": "Point", "coordinates": [-87.7450318644, 41.8777153572]}, "properties": {"name": "NEW PHILADELPHIA C.O.G.I.C.", "address": "205 S CICERO AVE 1ST", "type": "Corner store / food mart", "ca_name": "AUSTIN", "placement_score": 43.7, "need": 43.7, "reach": 1.0, "recent_deaths_400m": 27, "nearest_nax_km": 1.64, "blight_score": 50.4, "hardship": 73, "transit_adjacent": false}}, {"type": "Feature", "geometry": {"type": "Point", "coordinates": [-87.722773853, 41.8989406557]}, "properties": {"name": "H TOWN FOOD MART INC.", "address": "3839 W AUGUSTA BLVD", "type": "Corner store / food mart", "ca_name": "HUMBOLDT PARK", "placement_score": 43.2, "need": 43.2, "reach": 1.0, "recent_deaths_400m": 27, "nearest_nax_km": 1.23, "blight_score": 34.9, "hardship": 85, "transit_adjacent": false}}, {"type": "Feature", "geometry": {"type": "Point", "coordinates": [-87.7131942173, 41.8588860099]}, "properties": {"name": "S & R GROCERY AND DOLLAR PLUS", "address": "3509-3511 W 16TH ST 1ST", "type": "Corner store / food mart", "ca_name": "NORTH LAWNDALE", "placement_score": 43.0, "need": 43.0, "reach": 1.0, "recent_deaths_400m": 27, "nearest_nax_km": 0.56, "blight_score": 31.5, "hardship": 87, "transit_adjacent": false}}, {"type": "Feature", "geometry": {"type": "Point", "coordinates": [-87.7151113313, 41.8607140959]}, "properties": {"name": "REDD'S FOOD", "address": "1501 S CENTRAL PARK AVE 1", "type": "Corner store / food mart", "ca_name": "NORTH LAWNDALE", "placement_score": 43.0, "need": 43.0, "reach": 1.0, "recent_deaths_400m": 27, "nearest_nax_km": 0.58, "blight_score": 31.5, "hardship": 87, "transit_adjacent": false}}, {"type": "Feature", "geometry": {"type": "Point", "coordinates": [-87.7380851734, 41.8809089548]}, "properties": {"name": "MIDWEST GAS", "address": "10 N KILBOURN AVE", "type": "Gas / filling station", "ca_name": "WEST GARFIELD PARK", "placement_score": 42.8, "need": 42.8, "reach": 1.0, "recent_deaths_400m": 27, "nearest_nax_km": 1.07, "blight_score": 24.7, "hardship": 92, "transit_adjacent": false}}, {"type": "Feature", "geometry": {"type": "Point", "coordinates": [-87.7203996283, 41.8734046453]}, "properties": {"name": "the original maxwell street", "address": "3801 W HARRISON ST", "type": "Corner store / food mart", "ca_name": "WEST GARFIELD PARK", "placement_score": 42.8, "need": 42.8, "reach": 1.0, "recent_deaths_400m": 27, "nearest_nax_km": 0.77, "blight_score": 24.7, "hardship": 92, "transit_adjacent": false}}, {"type": "Feature", "geometry": {"type": "Point", "coordinates": [-87.7671496238, 41.8803204069]}, "properties": {"name": "DEBBIES SOUL FOOD", "address": "5658 W MADISON ST", "type": "Corner store / food mart", "ca_name": "AUSTIN", "placement_score": 42.0, "need": 42.0, "reach": 1.0, "recent_deaths_400m": 26, "nearest_nax_km": 0.98, "blight_score": 50.4, "hardship": 73, "transit_adjacent": false}}, {"type": "Feature", "geometry": {"type": "Point", "coordinates": [-87.7148144529, 41.8955850035]}, "properties": {"name": "NEW WAY FOOD", "address": "3524 W CHICAGO AVE", "type": "Corner store / food mart", "ca_name": "HUMBOLDT PARK", "placement_score": 41.6, "need": 41.6, "reach": 1.0, "recent_deaths_400m": 26, "nearest_nax_km": 0.69, "blight_score": 34.9, "hardship": 85, "transit_adjacent": false}}, {"type": "Feature", "geometry": {"type": "Point", "coordinates": [-87.7260718671, 41.8997945386]}, "properties": {"name": "BLUE  MARLIN", "address": "1025-39 N PULASKI RD", "type": "Corner store / food mart", "ca_name": "HUMBOLDT PARK", "placement_score": 41.6, "need": 41.6, "reach": 1.0, "recent_deaths_400m": 26, "nearest_nax_km": 1.33, "blight_score": 34.9, "hardship": 85, "transit_adjacent": false}}, {"type": "Feature", "geometry": {"type": "Point", "coordinates": [-87.7330908925, 41.8782654727]}, "properties": {"name": "N K FOOD", "address": "146 S KILDARE AVE 1ST", "type": "Corner store / food mart", "ca_name": "WEST GARFIELD PARK", "placement_score": 41.2, "need": 41.2, "reach": 1.0, "recent_deaths_400m": 26, "nearest_nax_km": 0.66, "blight_score": 24.7, "hardship": 92, "transit_adjacent": false}}, {"type": "Feature", "geometry": {"type": "Point", "coordinates": [-87.7107158381, 41.8735193085]}, "properties": {"name": "MURRAY'S FISH AND CHICKEN", "address": "3359 W HARRISON ST 1ST", "type": "Corner store / food mart", "ca_name": "EAST GARFIELD PARK", "placement_score": 40.7, "need": 27.1, "reach": 1.5, "recent_deaths_400m": 18, "nearest_nax_km": 0.85, "blight_score": 18.6, "hardship": 83, "transit_adjacent": true}}, {"type": "Feature", "geometry": {"type": "Point", "coordinates": [-87.6062931636, 41.7510030046]}, "properties": {"name": "HEAL THYSELF HEALTH STORE", "address": "7907 S EVANS AVE", "type": "Corner store / food mart", "ca_name": "CHATHAM", "placement_score": 40.6, "need": 40.6, "reach": 1.0, "recent_deaths_400m": 29, "nearest_nax_km": 0.68, "blight_score": 20.3, "hardship": 60, "transit_adjacent": false}}, {"type": "Feature", "geometry": {"type": "Point", "coordinates": [-87.7486136693, 41.8805636376]}, "properties": {"name": "LUTHERAN FAMILY MISSION", "address": "4920 W MADISON ST", "type": "Corner store / food mart", "ca_name": "AUSTIN", "placement_score": 40.4, "need": 40.4, "reach": 1.0, "recent_deaths_400m": 25, "nearest_nax_km": 1.64, "blight_score": 50.4, "hardship": 73, "transit_adjacent": false}}, {"type": "Feature", "geometry": {"type": "Point", "coordinates": [-87.7449566419, 41.8759515134]}, "properties": {"name": "SHARKS FISH & CHICKEN", "address": "325 S CICERO AVE", "type": "Corner store / food mart", "ca_name": "AUSTIN", "placement_score": 40.4, "need": 40.4, "reach": 1.0, "recent_deaths_400m": 25, "nearest_nax_km": 1.55, "blight_score": 50.4, "hardship": 73, "transit_adjacent": false}}, {"type": "Feature", "geometry": {"type": "Point", "coordinates": [-87.7263991209, 41.9009351588]}, "properties": {"name": "ROCKIES CANDY STORE", "address": "1100 N PULASKI RD  1", "type": "Corner store / food mart", "ca_name": "HUMBOLDT PARK", "placement_score": 40.0, "need": 40.0, "reach": 1.0, "recent_deaths_400m": 25, "nearest_nax_km": 1.21, "blight_score": 34.9, "hardship": 85, "transit_adjacent": false}}, {"type": "Feature", "geometry": {"type": "Point", "coordinates": [-87.7193887916, 41.8665166319]}, "properties": {"name": "CHURCH'S CHICKEN # 1053", "address": "1151 S INDEPENDENCE BLVD", "type": "Corner store / food mart", "ca_name": "NORTH LAWNDALE", "placement_score": 39.8, "need": 39.8, "reach": 1.0, "recent_deaths_400m": 25, "nearest_nax_km": 0.8, "blight_score": 31.5, "hardship": 87, "transit_adjacent": false}}, {"type": "Feature", "geometry": {"type": "Point", "coordinates": [-87.7155017163, 41.8640987843]}, "properties": {"name": "OSAMA FOODS", "address": "1308 S CENTRAL PARK AVE", "type": "Corner store / food mart", "ca_name": "NORTH LAWNDALE", "placement_score": 39.7, "need": 39.7, "reach": 1.0, "recent_deaths_400m": 28, "nearest_nax_km": 0.45, "blight_score": 31.5, "hardship": 87, "transit_adjacent": false}}, {"type": "Feature", "geometry": {"type": "Point", "coordinates": [-87.7354874369, 41.8767125209]}, "properties": {"name": "TAKE-A-PIC", "address": "306 S KOSTNER AVE 1", "type": "Corner store / food mart", "ca_name": "WEST GARFIELD PARK", "placement_score": 39.6, "need": 39.6, "reach": 1.0, "recent_deaths_400m": 25, "nearest_nax_km": 0.89, "blight_score": 24.7, "hardship": 92, "transit_adjacent": false}}, {"type": "Feature", "geometry": {"type": "Point", "coordinates": [-87.6142509361, 41.7796646515]}, "properties": {"name": "SUPER FAIR FOODS", "address": "6319 S VERNON AVE", "type": "Corner store / food mart", "ca_name": "WOODLAWN", "placement_score": 39.2, "need": 26.1, "reach": 1.5, "recent_deaths_400m": 19, "nearest_nax_km": 0.62, "blight_score": 17.2, "hardship": 58, "transit_adjacent": true}}, {"type": "Feature", "geometry": {"type": "Point", "coordinates": [-87.6028989789, 41.7512032601]}, "properties": {"name": "79TH FOOD & DELI", "address": "857 E 79TH ST 1ST", "type": "Corner store / food mart", "ca_name": "CHATHAM", "placement_score": 39.2, "need": 39.2, "reach": 1.0, "recent_deaths_400m": 28, "nearest_nax_km": 0.96, "blight_score": 20.3, "hardship": 60, "transit_adjacent": false}}, {"type": "Feature", "geometry": {"type": "Point", "coordinates": [-87.7689368121, 41.8800703704]}, "properties": {"name": "MC GEE ENTERPRISES INC", "address": "5719 W MADISON ST  1", "type": "Corner store / food mart", "ca_name": "AUSTIN", "placement_score": 38.8, "need": 38.8, "reach": 1.0, "recent_deaths_400m": 24, "nearest_nax_km": 1.03, "blight_score": 50.4, "hardship": 73, "transit_adjacent": false}}, {"type": "Feature", "geometry": {"type": "Point", "coordinates": [-87.7507463555, 41.8803177115]}, "properties": {"name": "McDonald's Restaurant", "address": "5015 W MADISON ST", "type": "Corner store / food mart", "ca_name": "AUSTIN", "placement_score": 38.8, "need": 38.8, "reach": 1.0, "recent_deaths_400m": 24, "nearest_nax_km": 1.58, "blight_score": 50.4, "hardship": 73, "transit_adjacent": false}}, {"type": "Feature", "geometry": {"type": "Point", "coordinates": [-87.7455398422, 41.8806045073]}, "properties": {"name": "MOBIL GAS", "address": "4804 W MADISON ST", "type": "Gas / filling station", "ca_name": "AUSTIN", "placement_score": 38.8, "need": 38.8, "reach": 1.0, "recent_deaths_400m": 24, "nearest_nax_km": 1.64, "blight_score": 50.4, "hardship": 73, "transit_adjacent": false}}, {"type": "Feature", "geometry": {"type": "Point", "coordinates": [-87.7424724594, 41.8745318355]}, "properties": {"name": "HABILITATIVE SYSTEMS INC", "address": "415 S KILPATRICK AVE  1ST", "type": "Corner store / food mart", "ca_name": "AUSTIN", "placement_score": 38.8, "need": 25.9, "reach": 1.5, "recent_deaths_400m": 16, "nearest_nax_km": 1.37, "blight_score": 50.4, "hardship": 73, "transit_adjacent": true}}, {"type": "Feature", "geometry": {"type": "Point", "coordinates": [-87.7428645388, 41.8774398919]}, "properties": {"name": "SAYD FOOD MART", "address": "218 S KILPATRICK AVE", "type": "Corner store / food mart", "ca_name": "AUSTIN", "placement_score": 38.8, "need": 38.8, "reach": 1.0, "recent_deaths_400m": 24, "nearest_nax_km": 1.47, "blight_score": 50.4, "hardship": 73, "transit_adjacent": false}}, {"type": "Feature", "geometry": {"type": "Point", "coordinates": [-87.6594197201, 41.7794325808]}, "properties": {"name": "KJS FOOD MART INC", "address": "1401 W 63RD ST", "type": "Corner store / food mart", "ca_name": "WEST ENGLEWOOD", "placement_score": 38.8, "need": 25.9, "reach": 1.5, "recent_deaths_400m": 14, "nearest_nax_km": 0.75, "blight_score": 80.9, "hardship": 89, "transit_adjacent": true}}, {"type": "Feature", "geometry": {"type": "Point", "coordinates": [-87.6641399786, 41.782232359]}, "properties": {"name": "TD MARKET INC.", "address": "6129 S ASHLAND AVE 1ST", "type": "Corner store / food mart", "ca_name": "WEST ENGLEWOOD", "placement_score": 38.8, "need": 25.9, "reach": 1.5, "recent_deaths_400m": 14, "nearest_nax_km": 0.5, "blight_score": 80.9, "hardship": 89, "transit_adjacent": true}}, {"type": "Feature", "geometry": {"type": "Point", "coordinates": [-87.7184210436, 41.8955503186]}, "properties": {"name": "EGGSPLOSION ROLLS", "address": "3652 W CHICAGO AVE", "type": "Corner store / food mart", "ca_name": "HUMBOLDT PARK", "placement_score": 38.4, "need": 38.4, "reach": 1.0, "recent_deaths_400m": 24, "nearest_nax_km": 0.74, "blight_score": 34.9, "hardship": 85, "transit_adjacent": false}}, {"type": "Feature", "geometry": {"type": "Point", "coordinates": [-87.7215252975, 41.8953001296]}, "properties": {"name": "PETE'S ITALIAN BEEF & WINGS", "address": "3807 W CHICAGO AVE", "type": "Corner store / food mart", "ca_name": "HUMBOLDT PARK", "placement_score": 38.4, "need": 38.4, "reach": 1.0, "recent_deaths_400m": 24, "nearest_nax_km": 0.84, "blight_score": 34.9, "hardship": 85, "transit_adjacent": false}}, {"type": "Feature", "geometry": {"type": "Point", "coordinates": [-87.7701332901, 41.8867274207]}, "properties": {"name": "THRESHOLDS AUSTIN APTS.", "address": "334 N MENARD AVE  1", "type": "Corner store / food mart", "ca_name": "AUSTIN", "placement_score": 38.4, "need": 25.6, "reach": 1.5, "recent_deaths_400m": 18, "nearest_nax_km": 0.44, "blight_score": 50.4, "hardship": 73, "transit_adjacent": true}}, {"type": "Feature", "geometry": {"type": "Point", "coordinates": [-87.7103873265, 41.8589135037]}, "properties": {"name": "STEAK & SUB EXPRESS", "address": "3401 W 16TH ST", "type": "Corner store / food mart", "ca_name": "NORTH LAWNDALE", "placement_score": 38.2, "need": 38.2, "reach": 1.0, "recent_deaths_400m": 24, "nearest_nax_km": 0.6, "blight_score": 31.5, "hardship": 87, "transit_adjacent": false}}, {"type": "Feature", "geometry": {"type": "Point", "coordinates": [-87.7160695387, 41.8661766224]}, "properties": {"name": "Soule' Chicago Corp", "address": "3615 W ROOSEVELT RD 1 AND MEZZ", "type": "Corner store / food mart", "ca_name": "NORTH LAWNDALE", "placement_score": 38.2, "need": 38.2, "reach": 1.0, "recent_deaths_400m": 24, "nearest_nax_km": 0.53, "blight_score": 31.5, "hardship": 87, "transit_adjacent": false}}, {"type": "Feature", "geometry": {"type": "Point", "coordinates": [-87.6636128787, 41.7795937309]}, "properties": {"name": "JK FOOD & TOBACCO", "address": "1544 W 63RD ST", "type": "Corner store / food mart", "ca_name": "WEST ENGLEWOOD", "placement_score": 38.2, "need": 25.4, "reach": 1.5, "recent_deaths_400m": 17, "nearest_nax_km": 0.4, "blight_score": 80.9, "hardship": 89, "transit_adjacent": true}}, {"type": "Feature", "geometry": {"type": "Point", "coordinates": [-87.5753988787, 41.766359356]}, "properties": {"name": "JEFFERY SUB", "address": "2020 E 71ST ST", "type": "Corner store / food mart", "ca_name": "SOUTH SHORE", "placement_score": 38.0, "need": 38.0, "reach": 1.0, "recent_deaths_400m": 27, "nearest_nax_km": 1.06, "blight_score": 26.8, "hardship": 55, "transit_adjacent": false}}, {"type": "Feature", "geometry": {"type": "Point", "coordinates": [-87.6049051982, 41.7446307153]}, "properties": {"name": "D AND M CAFE", "address": "8239 S COTTAGE GROVE AVE 1ST", "type": "Corner store / food mart", "ca_name": "CHATHAM", "placement_score": 37.8, "need": 37.8, "reach": 1.0, "recent_deaths_400m": 27, "nearest_nax_km": 1.06, "blight_score": 20.3, "hardship": 60, "transit_adjacent": false}}, {"type": "Feature", "geometry": {"type": "Point", "coordinates": [-87.6013207444, 41.7514381098]}, "properties": {"name": "VALLEY JERK SPOT", "address": "936 E 79TH ST 1ST", "type": "Corner store / food mart", "ca_name": "GREATER GRAND CROSSING", "placement_score": 37.6, "need": 37.6, "reach": 1.0, "recent_deaths_400m": 25, "nearest_nax_km": 1.1, "blight_score": 35.0, "hardship": 66, "transit_adjacent": false}}, {"type": "Feature", "geometry": {"type": "Point", "coordinates": [-87.7427478766, 41.8817363627]}, "properties": {"name": "LAYMON'S", "address": "4667 W WASHINGTON BLVD 1ST", "type": "Corner store / food mart", "ca_name": "AUSTIN", "placement_score": 37.2, "need": 37.2, "reach": 1.0, "recent_deaths_400m": 23, "nearest_nax_km": 1.47, "blight_score": 50.4, "hardship": 73, "transit_adjacent": false}}, {"type": "Feature", "geometry": {"type": "Point", "coordinates": [-87.7470529414, 41.8805838854]}, "properties": {"name": "MOO & OINK INC", "address": "4848 W MADISON ST", "type": "Corner store / food mart", "ca_name": "AUSTIN", "placement_score": 37.2, "need": 37.2, "reach": 1.0, "recent_deaths_400m": 23, "nearest_nax_km": 1.64, "blight_score": 50.4, "hardship": 73, "transit_adjacent": false}}, {"type": "Feature", "geometry": {"type": "Point", "coordinates": [-87.6155653129, 41.7803499669]}, "properties": {"name": "J & B SUBMARINE", "address": "400 E 63RD ST", "type": "Corner store / food mart", "ca_name": "WOODLAWN", "placement_score": 37.2, "need": 24.8, "reach": 1.5, "recent_deaths_400m": 18, "nearest_nax_km": 0.72, "blight_score": 17.2, "hardship": 58, "transit_adjacent": true}}, {"type": "Feature", "geometry": {"type": "Point", "coordinates": [-87.6640189683, 41.7678933171]}, "properties": {"name": "LITTLE CEASAR ENTERPRISES", "address": "6920 S ASHLAND AVE 1", "type": "Corner store / food mart", "ca_name": "WEST ENGLEWOOD", "placement_score": 37.0, "need": 37.0, "reach": 1.0, "recent_deaths_400m": 20, "nearest_nax_km": 0.89, "blight_score": 80.9, "hardship": 89, "transit_adjacent": false}}, {"type": "Feature", "geometry": {"type": "Point", "coordinates": [-87.6640019143, 41.7768308475]}, "properties": {"name": "WINDY CITY SMOKED MEATS", "address": "6427 S ASHLAND AVE 1 R", "type": "Corner store / food mart", "ca_name": "WEST ENGLEWOOD", "placement_score": 37.0, "need": 24.7, "reach": 1.5, "recent_deaths_400m": 15, "nearest_nax_km": 0.45, "blight_score": 80.9, "hardship": 89, "transit_adjacent": true}}, {"type": "Feature", "geometry": {"type": "Point", "coordinates": [-87.7236192485, 41.9025838739]}, "properties": {"name": "MID TOWN FOODS", "address": "3855 W DIVISION ST 1ST", "type": "Corner store / food mart", "ca_name": "HUMBOLDT PARK", "placement_score": 36.8, "need": 36.8, "reach": 1.0, "recent_deaths_400m": 23, "nearest_nax_km": 1.21, "blight_score": 34.9, "hardship": 85, "transit_adjacent": false}}, {"type": "Feature", "geometry": {"type": "Point", "coordinates": [-87.719910339, 41.8953172957]}, "properties": {"name": "SINYA MEDITERRANEAN", "address": "3725 W CHICAGO AVE GROUND", "type": "Corner store / food mart", "ca_name": "HUMBOLDT PARK", "placement_score": 36.8, "need": 36.8, "reach": 1.0, "recent_deaths_400m": 23, "nearest_nax_km": 0.77, "blight_score": 34.9, "hardship": 85, "transit_adjacent": false}}, {"type": "Feature", "geometry": {"type": "Point", "coordinates": [-87.7163770693, 41.8955700101]}, "properties": {"name": "WHALE FISH & CHICKEN", "address": "3600 W CHICAGO AVE 1ST", "type": "Corner store / food mart", "ca_name": "HUMBOLDT PARK", "placement_score": 36.8, "need": 36.8, "reach": 1.0, "recent_deaths_400m": 23, "nearest_nax_km": 0.7, "blight_score": 34.9, "hardship": 85, "transit_adjacent": false}}, {"type": "Feature", "geometry": {"type": "Point", "coordinates": [-87.7720898035, 41.8870289398]}, "properties": {"name": "GOESINTOS", "address": "5901 W CORCORAN PL", "type": "Corner store / food mart", "ca_name": "AUSTIN", "placement_score": 36.4, "need": 24.3, "reach": 1.5, "recent_deaths_400m": 15, "nearest_nax_km": 0.56, "blight_score": 50.4, "hardship": 73, "transit_adjacent": true}}, {"type": "Feature", "geometry": {"type": "Point", "coordinates": [-87.7447163489, 41.8694501832]}, "properties": {"name": "MARVIN RESTAURANT", "address": "901 S CICERO AVE", "type": "Corner store / food mart", "ca_name": "AUSTIN", "placement_score": 36.4, "need": 24.3, "reach": 1.5, "recent_deaths_400m": 15, "nearest_nax_km": 0.85, "blight_score": 50.4, "hardship": 73, "transit_adjacent": true}}, {"type": "Feature", "geometry": {"type": "Point", "coordinates": [-87.7011656305, 41.8772656492]}, "properties": {"name": "MISSISSIPPI FISH HOUSE", "address": "3001 W JACKSON BLVD", "type": "Corner store / food mart", "ca_name": "EAST GARFIELD PARK", "placement_score": 36.2, "need": 36.2, "reach": 1.0, "recent_deaths_400m": 24, "nearest_nax_km": 0.57, "blight_score": 18.6, "hardship": 83, "transit_adjacent": false}}, {"type": "Feature", "geometry": {"type": "Point", "coordinates": [-87.7058578359, 41.8769588424]}, "properties": {"name": "ELBERT FOOD MARKET", "address": "311 S KEDZIE AVE 1ST", "type": "Corner store / food mart", "ca_name": "EAST GARFIELD PARK", "placement_score": 36.1, "need": 24.1, "reach": 1.5, "recent_deaths_400m": 20, "nearest_nax_km": 0.4, "blight_score": 18.6, "hardship": 83, "transit_adjacent": true}}, {"type": "Feature", "geometry": {"type": "Point", "coordinates": [-87.7652092822, 41.8859078882]}, "properties": {"name": "ROSE AVE FOOD", "address": "304 N CENTRAL AVE 1ST", "type": "Corner store / food mart", "ca_name": "AUSTIN", "placement_score": 35.8, "need": 23.9, "reach": 1.5, "recent_deaths_400m": 21, "nearest_nax_km": 0.35, "blight_score": 50.4, "hardship": 73, "transit_adjacent": true}}, {"type": "Feature", "geometry": {"type": "Point", "coordinates": [-87.5600103699, 41.7592806099]}, "properties": {"name": "SHARKS FISH & CHICKEN", "address": "2640 E 75TH ST", "type": "Corner store / food mart", "ca_name": "SOUTH SHORE", "placement_score": 35.6, "need": 35.6, "reach": 1.0, "recent_deaths_400m": 27, "nearest_nax_km": 0.47, "blight_score": 26.8, "hardship": 55, "transit_adjacent": false}}, {"type": "Feature", "geometry": {"type": "Point", "coordinates": [-87.7260064499, 41.8976327457]}, "properties": {"name": "MARTINS FOOD STORE INC", "address": "913 N PULASKI RD", "type": "Corner store / food mart", "ca_name": "HUMBOLDT PARK", "placement_score": 35.2, "need": 35.2, "reach": 1.0, "recent_deaths_400m": 22, "nearest_nax_km": 1.28, "blight_score": 34.9, "hardship": 85, "transit_adjacent": false}}, {"type": "Feature", "geometry": {"type": "Point", "coordinates": [-87.7152727305, 41.8590825158]}, "properties": {"name": "ELBO'S BAR-B-QUE HOUSE", "address": "3600 W 16TH ST", "type": "Corner store / food mart", "ca_name": "NORTH LAWNDALE", "placement_score": 35.0, "need": 35.0, "reach": 1.0, "recent_deaths_400m": 22, "nearest_nax_km": 0.57, "blight_score": 31.5, "hardship": 87, "transit_adjacent": false}}, {"type": "Feature", "geometry": {"type": "Point", "coordinates": [-87.5618830763, 41.7589365371]}, "properties": {"name": "BIG SHARKS", "address": "2553 E 75TH ST 1ST", "type": "Corner store / food mart", "ca_name": "SOUTH SHORE", "placement_score": 34.3, "need": 34.3, "reach": 1.0, "recent_deaths_400m": 29, "nearest_nax_km": 0.42, "blight_score": 26.8, "hardship": 55, "transit_adjacent": false}}, {"type": "Feature", "geometry": {"type": "Point", "coordinates": [-87.7440895175, 41.8804011805]}, "properties": {"name": "MAXINES 1 LLC", "address": "4731 W MADISON ST 1", "type": "Corner store / food mart", "ca_name": "AUSTIN", "placement_score": 34.0, "need": 34.0, "reach": 1.0, "recent_deaths_400m": 21, "nearest_nax_km": 1.56, "blight_score": 50.4, "hardship": 73, "transit_adjacent": false}}, {"type": "Feature", "geometry": {"type": "Point", "coordinates": [-87.7409157774, 41.8731252221]}, "properties": {"name": "NICHOLAS HIGH QUALITY MEATS INC.", "address": "4619 W HARRISON ST 1ST", "type": "Corner store / food mart", "ca_name": "AUSTIN", "placement_score": 34.0, "need": 22.6, "reach": 1.5, "recent_deaths_400m": 14, "nearest_nax_km": 1.17, "blight_score": 50.4, "hardship": 73, "transit_adjacent": true}}, {"type": "Feature", "geometry": {"type": "Point", "coordinates": [-87.5780258893, 41.7659447373]}, "properties": {"name": "ITALIAN FIESTA PIZZERIA, INC", "address": "1919 E 71ST ST # 1ST", "type": "Corner store / food mart", "ca_name": "SOUTH SHORE", "placement_score": 33.8, "need": 33.8, "reach": 1.0, "recent_deaths_400m": 24, "nearest_nax_km": 1.25, "blight_score": 26.8, "hardship": 55, "transit_adjacent": false}}, {"type": "Feature", "geometry": {"type": "Point", "coordinates": [-87.576133104, 41.7651895243]}, "properties": {"name": "SEASHELL FISH & CHICKEN", "address": "7131 S JEFFERY BLVD", "type": "Corner store / food mart", "ca_name": "SOUTH SHORE", "placement_score": 33.8, "need": 33.8, "reach": 1.0, "recent_deaths_400m": 24, "nearest_nax_km": 1.07, "blight_score": 26.8, "hardship": 55, "transit_adjacent": false}}, {"type": "Feature", "geometry": {"type": "Point", "coordinates": [-87.7129884708, 41.8953821117]}, "properties": {"name": "CARRIE'S FAST FOOD  & SOUL FOOD RESTAURANT", "address": "3441 W CHICAGO AVE", "type": "Corner store / food mart", "ca_name": "HUMBOLDT PARK", "placement_score": 33.6, "need": 33.6, "reach": 1.0, "recent_deaths_400m": 21, "nearest_nax_km": 0.57, "blight_score": 34.9, "hardship": 85, "transit_adjacent": false}}, {"type": "Feature", "geometry": {"type": "Point", "coordinates": [-87.7200119529, 41.9009923158]}, "properties": {"name": "TMB FOOD STORE INC", "address": "1101 N RIDGEWAY AVE", "type": "Corner store / food mart", "ca_name": "HUMBOLDT PARK", "placement_score": 33.6, "need": 33.6, "reach": 1.0, "recent_deaths_400m": 21, "nearest_nax_km": 1.35, "blight_score": 34.9, "hardship": 85, "transit_adjacent": false}}, {"type": "Feature", "geometry": {"type": "Point", "coordinates": [-87.7261416235, 41.902199348]}, "properties": {"name": "LA ESMERALDA DELI", "address": "1147 N PULASKI RD 1", "type": "Corner store / food mart", "ca_name": "HUMBOLDT PARK", "placement_score": 33.6, "need": 33.6, "reach": 1.0, "recent_deaths_400m": 21, "nearest_nax_km": 1.11, "blight_score": 34.9, "hardship": 85, "transit_adjacent": false}}, {"type": "Feature", "geometry": {"type": "Point", "coordinates": [-87.720927574, 41.866119494]}, "properties": {"name": "SOLID GOLD", "address": "3821-3823 W ROOSEVELT RD", "type": "Corner store / food mart", "ca_name": "NORTH LAWNDALE", "placement_score": 33.4, "need": 33.4, "reach": 1.0, "recent_deaths_400m": 21, "nearest_nax_km": 0.77, "blight_score": 31.5, "hardship": 87, "transit_adjacent": false}}, {"type": "Feature", "geometry": {"type": "Point", "coordinates": [-87.6637866395, 41.7690965345]}, "properties": {"name": "HAROLD'S CHICKEN SHACK", "address": "6843 S ASHLAND AVE 1ST", "type": "Corner store / food mart", "ca_name": "WEST ENGLEWOOD", "placement_score": 33.3, "need": 33.3, "reach": 1.0, "recent_deaths_400m": 18, "nearest_nax_km": 0.87, "blight_score": 80.9, "hardship": 89, "transit_adjacent": false}}, {"type": "Feature", "geometry": {"type": "Point", "coordinates": [-87.7250974851, 41.867948543]}, "properties": {"name": "FILL MORE FOOD MART INC", "address": "1101 S PULASKI RD", "type": "Corner store / food mart", "ca_name": "NORTH LAWNDALE", "placement_score": 32.9, "need": 32.9, "reach": 1.0, "recent_deaths_400m": 22, "nearest_nax_km": 0.47, "blight_score": 31.5, "hardship": 87, "transit_adjacent": false}}, {"type": "Feature", "geometry": {"type": "Point", "coordinates": [-87.5737873367, 41.7659900011]}, "properties": {"name": "Cajun Joe's Chicken", "address": "2101 E 71ST ST  J", "type": "Corner store / food mart", "ca_name": "SOUTH SHORE", "placement_score": 32.4, "need": 32.4, "reach": 1.0, "recent_deaths_400m": 23, "nearest_nax_km": 0.92, "blight_score": 26.8, "hardship": 55, "transit_adjacent": false}}, {"type": "Feature", "geometry": {"type": "Point", "coordinates": [-87.5762857276, 41.7626237722]}, "properties": {"name": "JORDAN VALLEY", "address": "1976 E 73RD ST 1ST", "type": "Corner store / food mart", "ca_name": "SOUTH SHORE", "placement_score": 32.4, "need": 32.4, "reach": 1.0, "recent_deaths_400m": 23, "nearest_nax_km": 1.04, "blight_score": 26.8, "hardship": 55, "transit_adjacent": false}}, {"type": "Feature", "geometry": {"type": "Point", "coordinates": [-87.5721481265, 41.7663885374]}, "properties": {"name": "HAROLD'S CHICKEN #5", "address": "2142 E 71ST ST", "type": "Corner store / food mart", "ca_name": "SOUTH SHORE", "placement_score": 32.4, "need": 32.4, "reach": 1.0, "recent_deaths_400m": 23, "nearest_nax_km": 0.83, "blight_score": 26.8, "hardship": 55, "transit_adjacent": false}}, {"type": "Feature", "geometry": {"type": "Point", "coordinates": [-87.7738151394, 41.8802099441]}, "properties": {"name": "TERRY'S", "address": "5950 W MADISON ST", "type": "Corner store / food mart", "ca_name": "AUSTIN", "placement_score": 32.3, "need": 32.3, "reach": 1.0, "recent_deaths_400m": 20, "nearest_nax_km": 1.18, "blight_score": 50.4, "hardship": 73, "transit_adjacent": false}}, {"type": "Feature", "geometry": {"type": "Point", "coordinates": [-87.7613190231, 41.8801831184]}, "properties": {"name": "WHAT'S POPPIN", "address": "5431 W MADISON ST", "type": "Corner store / food mart", "ca_name": "AUSTIN", "placement_score": 32.3, "need": 32.3, "reach": 1.0, "recent_deaths_400m": 20, "nearest_nax_km": 1.05, "blight_score": 50.4, "hardship": 73, "transit_adjacent": false}}, {"type": "Feature", "geometry": {"type": "Point", "coordinates": [-87.7718524833, 41.8802428695]}, "properties": {"name": "MADISON EXPRESS MINI MART", "address": "5900 W MADISON ST 1ST", "type": "Corner store / food mart", "ca_name": "AUSTIN", "placement_score": 32.3, "need": 32.3, "reach": 1.0, "recent_deaths_400m": 20, "nearest_nax_km": 1.1, "blight_score": 50.4, "hardship": 73, "transit_adjacent": false}}, {"type": "Feature", "geometry": {"type": "Point", "coordinates": [-87.7654379303, 41.8803474294]}, "properties": {"name": "J & J FISH & CHICKEN", "address": "5612 W MADISON ST 1ST", "type": "Corner store / food mart", "ca_name": "AUSTIN", "placement_score": 32.3, "need": 32.3, "reach": 1.0, "recent_deaths_400m": 20, "nearest_nax_km": 0.97, "blight_score": 50.4, "hardship": 73, "transit_adjacent": false}}, {"type": "Feature", "geometry": {"type": "Point", "coordinates": [-87.6077991011, 41.7511313229]}, "properties": {"name": "ACE FOOD MART", "address": "657 E 79TH ST 1ST", "type": "Corner store / food mart", "ca_name": "CHATHAM", "placement_score": 32.2, "need": 32.2, "reach": 1.0, "recent_deaths_400m": 23, "nearest_nax_km": 0.56, "blight_score": 20.3, "hardship": 60, "transit_adjacent": false}}, {"type": "Feature", "geometry": {"type": "Point", "coordinates": [-87.7021655854, 41.8665506393]}, "properties": {"name": "PAT M.  INC.", "address": "3036 W ROOSEVELT RD", "type": "Corner store / food mart", "ca_name": "NORTH LAWNDALE", "placement_score": 31.9, "need": 31.9, "reach": 1.0, "recent_deaths_400m": 20, "nearest_nax_km": 0.7, "blight_score": 31.5, "hardship": 87, "transit_adjacent": false}}, {"type": "Feature", "geometry": {"type": "Point", "coordinates": [-87.7157763382, 41.872837666]}, "properties": {"name": "BEEJAY'S GROCERY & DELI", "address": "620 S CENTRAL PARK AVE BASEMENT", "type": "Corner store / food mart", "ca_name": "EAST GARFIELD PARK", "placement_score": 31.7, "need": 31.7, "reach": 1.0, "recent_deaths_400m": 21, "nearest_nax_km": 1.05, "blight_score": 18.6, "hardship": 83, "transit_adjacent": false}}, {"type": "Feature", "geometry": {"type": "Point", "coordinates": [-87.696302293, 41.8760804365]}, "properties": {"name": "CALI QUICK STOP", "address": "342 S CALIFORNIA AVE 1ST", "type": "Corner store / food mart", "ca_name": "EAST GARFIELD PARK", "placement_score": 31.7, "need": 31.7, "reach": 1.0, "recent_deaths_400m": 21, "nearest_nax_km": 0.98, "blight_score": 18.6, "hardship": 83, "transit_adjacent": false}}, {"type": "Feature", "geometry": {"type": "Point", "coordinates": [-87.7322160373, 41.8805391992]}, "properties": {"name": "ICE HOUSE MADISON", "address": "4241 W MADISON ST", "type": "Corner store / food mart", "ca_name": "WEST GARFIELD PARK", "placement_score": 31.7, "need": 31.7, "reach": 1.0, "recent_deaths_400m": 20, "nearest_nax_km": 0.59, "blight_score": 24.7, "hardship": 92, "transit_adjacent": false}}, {"type": "Feature", "geometry": {"type": "Point", "coordinates": [-87.6986652542, 41.8760633842]}, "properties": {"name": "Herban Foundation", "address": "2900 W VAN BUREN ST", "type": "Corner store / food mart", "ca_name": "EAST GARFIELD PARK", "placement_score": 31.7, "need": 31.7, "reach": 1.0, "recent_deaths_400m": 21, "nearest_nax_km": 0.81, "blight_score": 18.6, "hardship": 83, "transit_adjacent": false}}, {"type": "Feature", "geometry": {"type": "Point", "coordinates": [-87.7354283779, 41.8750277521]}, "properties": {"name": "K TOWN FOOD I, INC.", "address": "402 S KOSTNER AVE 1", "type": "Corner store / food mart", "ca_name": "WEST GARFIELD PARK", "placement_score": 31.7, "need": 31.7, "reach": 1.0, "recent_deaths_400m": 20, "nearest_nax_km": 0.97, "blight_score": 24.7, "hardship": 92, "transit_adjacent": false}}, {"type": "Feature", "geometry": {"type": "Point", "coordinates": [-87.5621987459, 41.7516745503]}, "properties": {"name": "SOUTH SHORE CELLULAR & MORE INC", "address": "2541 E 79TH ST 1", "type": "Corner store / food mart", "ca_name": "SOUTH CHICAGO", "placement_score": 31.6, "need": 31.6, "reach": 1.0, "recent_deaths_400m": 20, "nearest_nax_km": 1.21, "blight_score": 40.7, "hardship": 75, "transit_adjacent": false}}, {"type": "Feature", "geometry": {"type": "Point", "coordinates": [-87.7738525881, 41.8881002425]}, "properties": {"name": "Mommy Mo's Inc.", "address": "5944 W LAKE ST 1", "type": "Corner store / food mart", "ca_name": "AUSTIN", "placement_score": 31.5, "need": 21.0, "reach": 1.5, "recent_deaths_400m": 13, "nearest_nax_km": 0.67, "blight_score": 50.4, "hardship": 73, "transit_adjacent": true}}, {"type": "Feature", "geometry": {"type": "Point", "coordinates": [-87.673819384, 41.7683283348]}, "properties": {"name": "RAINBOW GROCERY", "address": "2003 W 69TH ST  1ST", "type": "Corner store / food mart", "ca_name": "WEST ENGLEWOOD", "placement_score": 31.4, "need": 31.4, "reach": 1.0, "recent_deaths_400m": 17, "nearest_nax_km": 1.28, "blight_score": 80.9, "hardship": 89, "transit_adjacent": false}}, {"type": "Feature", "geometry": {"type": "Point", "coordinates": [-87.6625580195, 41.7684612849]}, "properties": {"name": "MS FOOD", "address": "1525 W 69TH ST", "type": "Corner store / food mart", "ca_name": "WEST ENGLEWOOD", "placement_score": 31.4, "need": 31.4, "reach": 1.0, "recent_deaths_400m": 17, "nearest_nax_km": 0.76, "blight_score": 80.9, "hardship": 89, "transit_adjacent": false}}, {"type": "Feature", "geometry": {"type": "Point", "coordinates": [-87.5636674644, 41.7521938284]}, "properties": {"name": "MODERN DAY DEVELOPMENT INC", "address": "7847 S ESSEX AVE 1ST", "type": "Corner store / food mart", "ca_name": "SOUTH SHORE", "placement_score": 31.0, "need": 31.0, "reach": 1.0, "recent_deaths_400m": 22, "nearest_nax_km": 1.14, "blight_score": 26.8, "hardship": 55, "transit_adjacent": false}}, {"type": "Feature", "geometry": {"type": "Point", "coordinates": [-87.7704114354, 41.8800463655]}, "properties": {"name": "QUENCH, THE EXPERIENCE", "address": "5815 W MADISON ST 1 1", "type": "Corner store / food mart", "ca_name": "AUSTIN", "placement_score": 30.7, "need": 30.7, "reach": 1.0, "recent_deaths_400m": 19, "nearest_nax_km": 1.07, "blight_score": 50.4, "hardship": 73, "transit_adjacent": false}}, {"type": "Feature", "geometry": {"type": "Point", "coordinates": [-87.7483443403, 41.8832031108]}, "properties": {"name": "FAMILY GROCERY", "address": "4910 W WEST END AVE 1ST", "type": "Corner store / food mart", "ca_name": "AUSTIN", "placement_score": 30.7, "need": 30.7, "reach": 1.0, "recent_deaths_400m": 19, "nearest_nax_km": 1.35, "blight_score": 50.4, "hardship": 73, "transit_adjacent": false}}, {"type": "Feature", "geometry": {"type": "Point", "coordinates": [-87.7453628151, 41.8788222419]}, "properties": {"name": "ROTHSCHILD LIQUORS", "address": "118 S CICERO AVE 1ST", "type": "Tobacco / vape", "ca_name": "AUSTIN", "placement_score": 30.6, "need": 43.7, "reach": 0.7, "recent_deaths_400m": 27, "nearest_nax_km": 1.66, "blight_score": 50.4, "hardship": 73, "transit_adjacent": false}}, {"type": "Feature", "geometry": {"type": "Point", "coordinates": [-87.723699547, 41.895499511]}, "properties": {"name": "QUAISEMAH FOOD MART INC.", "address": "3900 W CHICAGO AVE", "type": "Corner store / food mart", "ca_name": "HUMBOLDT PARK", "placement_score": 30.4, "need": 30.4, "reach": 1.0, "recent_deaths_400m": 19, "nearest_nax_km": 0.98, "blight_score": 34.9, "hardship": 85, "transit_adjacent": false}}, {"type": "Feature", "geometry": {"type": "Point", "coordinates": [-87.7210307085, 41.8916305243]}, "properties": {"name": "RAMOS GROCERY INC.", "address": "3759 W OHIO ST 1ST", "type": "Corner store / food mart", "ca_name": "HUMBOLDT PARK", "placement_score": 30.4, "need": 30.4, "reach": 1.0, "recent_deaths_400m": 19, "nearest_nax_km": 0.54, "blight_score": 34.9, "hardship": 85, "transit_adjacent": false}}, {"type": "Feature", "geometry": {"type": "Point", "coordinates": [-87.7178042717, 41.8991862285]}, "properties": {"name": "MONTICELLO FOOD MART", "address": "1000 N MONTICELLO AVE 1ST", "type": "Corner store / food mart", "ca_name": "HUMBOLDT PARK", "placement_score": 30.4, "need": 30.4, "reach": 1.0, "recent_deaths_400m": 19, "nearest_nax_km": 1.1, "blight_score": 34.9, "hardship": 85, "transit_adjacent": false}}, {"type": "Feature", "geometry": {"type": "Point", "coordinates": [-87.7216721275, 41.9026010966]}, "properties": {"name": "MR BABAZ", "address": "3805 W DIVISION ST", "type": "Corner store / food mart", "ca_name": "HUMBOLDT PARK", "placement_score": 30.4, "need": 30.4, "reach": 1.0, "recent_deaths_400m": 19, "nearest_nax_km": 1.33, "blight_score": 34.9, "hardship": 85, "transit_adjacent": false}}, {"type": "Feature", "geometry": {"type": "Point", "coordinates": [-87.7127947861, 41.8734942759]}, "properties": {"name": "MAMA'S  HOUSE", "address": "3451 W HARRISON ST", "type": "Corner store / food mart", "ca_name": "EAST GARFIELD PARK", "placement_score": 30.2, "need": 30.2, "reach": 1.0, "recent_deaths_400m": 20, "nearest_nax_km": 0.94, "blight_score": 18.6, "hardship": 83, "transit_adjacent": false}}, {"type": "Feature", "geometry": {"type": "Point", "coordinates": [-87.7306983837, 41.8807760078]}, "properties": {"name": "QUICK MART", "address": "4200 W MADISON ST 1ST", "type": "Corner store / food mart", "ca_name": "WEST GARFIELD PARK", "placement_score": 30.1, "need": 30.1, "reach": 1.0, "recent_deaths_400m": 20, "nearest_nax_km": 0.48, "blight_score": 24.7, "hardship": 92, "transit_adjacent": false}}, {"type": "Feature", "geometry": {"type": "Point", "coordinates": [-87.7327115127, 41.8750658456]}, "properties": {"name": "BROTHER FOOD & LIQUOR", "address": "4259 W VAN BUREN ST", "type": "Corner store / food mart", "ca_name": "WEST GARFIELD PARK", "placement_score": 30.1, "need": 30.1, "reach": 1.0, "recent_deaths_400m": 19, "nearest_nax_km": 0.78, "blight_score": 24.7, "hardship": 92, "transit_adjacent": false}}, {"type": "Feature", "geometry": {"type": "Point", "coordinates": [-87.6053930447, 41.7530131268]}, "properties": {"name": "MCDONALD'S", "address": "7800 S COTTAGE GROVE AVE 1ST", "type": "Corner store / food mart", "ca_name": "GREATER GRAND CROSSING", "placement_score": 30.1, "need": 30.1, "reach": 1.0, "recent_deaths_400m": 20, "nearest_nax_km": 0.79, "blight_score": 35.0, "hardship": 66, "transit_adjacent": false}}, {"type": "Feature", "geometry": {"type": "Point", "coordinates": [-87.6654454826, 41.7686435943]}, "properties": {"name": "Y & M 69TH ST FOOD MART", "address": "1638 W 69TH ST", "type": "Liquor / package goods", "ca_name": "WEST ENGLEWOOD", "placement_score": 30.0, "need": 33.3, "reach": 0.9, "recent_deaths_400m": 18, "nearest_nax_km": 1.0, "blight_score": 80.9, "hardship": 89, "transit_adjacent": false}}, {"type": "Feature", "geometry": {"type": "Point", "coordinates": [-87.6643985386, 41.7808033526]}, "properties": {"name": "MB & S MARKET, CO.", "address": "6214 S ASHLAND AVE", "type": "Corner store / food mart", "ca_name": "WEST ENGLEWOOD", "placement_score": 30.0, "need": 20.0, "reach": 1.5, "recent_deaths_400m": 14, "nearest_nax_km": 0.39, "blight_score": 80.9, "hardship": 89, "transit_adjacent": true}}, {"type": "Feature", "geometry": {"type": "Point", "coordinates": [-87.5584898621, 41.7600598602]}, "properties": {"name": "ALI'S", "address": "2704-06 E 75TH ST", "type": "Corner store / food mart", "ca_name": "SOUTH SHORE", "placement_score": 29.6, "need": 29.6, "reach": 1.0, "recent_deaths_400m": 21, "nearest_nax_km": 0.51, "blight_score": 26.8, "hardship": 55, "transit_adjacent": false}}, {"type": "Feature", "geometry": {"type": "Point", "coordinates": [-87.6636471575, 41.7648677516]}, "properties": {"name": "MARATHON", "address": "7101 S ASHLAND AVE 1", "type": "Corner store / food mart", "ca_name": "WEST ENGLEWOOD", "placement_score": 29.6, "need": 29.6, "reach": 1.0, "recent_deaths_400m": 16, "nearest_nax_km": 0.94, "blight_score": 80.9, "hardship": 89, "transit_adjacent": false}}, {"type": "Feature", "geometry": {"type": "Point", "coordinates": [-87.6736873676, 41.76510261]}, "properties": {"name": "DAMEN FUEL", "address": "7050 S DAMEN AVE", "type": "Corner store / food mart", "ca_name": "WEST ENGLEWOOD", "placement_score": 29.6, "need": 29.6, "reach": 1.0, "recent_deaths_400m": 16, "nearest_nax_km": 1.61, "blight_score": 80.9, "hardship": 89, "transit_adjacent": false}}, {"type": "Feature", "geometry": {"type": "Point", "coordinates": [-87.7059822461, 41.8713177854]}, "properties": {"name": "ALL FOOD 4 LESS", "address": "748 - 758 S KEDZIE AVE", "type": "Corner store / food mart", "ca_name": "EAST GARFIELD PARK", "placement_score": 29.4, "need": 19.6, "reach": 1.5, "recent_deaths_400m": 13, "nearest_nax_km": 0.85, "blight_score": 18.6, "hardship": 83, "transit_adjacent": true}}, {"type": "Feature", "geometry": {"type": "Point", "coordinates": [-87.7032726418, 41.872350043]}, "properties": {"name": "B & H FOOD & GROCERY", "address": "713 S ALBANY AVE", "type": "Corner store / food mart", "ca_name": "EAST GARFIELD PARK", "placement_score": 29.4, "need": 19.6, "reach": 1.5, "recent_deaths_400m": 13, "nearest_nax_km": 0.95, "blight_score": 18.6, "hardship": 83, "transit_adjacent": true}}, {"type": "Feature", "geometry": {"type": "Point", "coordinates": [-87.7134272516, 41.8848798693]}, "properties": {"name": "AMER FOOD MART", "address": "3458 W LAKE ST", "type": "Corner store / food mart", "ca_name": "EAST GARFIELD PARK", "placement_score": 29.4, "need": 19.6, "reach": 1.5, "recent_deaths_400m": 13, "nearest_nax_km": 0.52, "blight_score": 18.6, "hardship": 83, "transit_adjacent": true}}, {"type": "Feature", "geometry": {"type": "Point", "coordinates": [-87.7057386903, 41.8727365861]}, "properties": {"name": "GREAT BURRITO", "address": "701 S KEDZIE AVE", "type": "Corner store / food mart", "ca_name": "EAST GARFIELD PARK", "placement_score": 29.4, "need": 19.6, "reach": 1.5, "recent_deaths_400m": 13, "nearest_nax_km": 0.87, "blight_score": 18.6, "hardship": 83, "transit_adjacent": true}}, {"type": "Feature", "geometry": {"type": "Point", "coordinates": [-87.7521954262, 41.8805193022]}, "properties": {"name": "FRANK FOOD MARKET #3 INC", "address": "5050 W MADISON ST", "type": "Corner store / food mart", "ca_name": "AUSTIN", "placement_score": 29.1, "need": 29.1, "reach": 1.0, "recent_deaths_400m": 18, "nearest_nax_km": 1.47, "blight_score": 50.4, "hardship": 73, "transit_adjacent": false}}, {"type": "Feature", "geometry": {"type": "Point", "coordinates": [-87.7453292088, 41.8858970435]}, "properties": {"name": "SNAPPY SNACKS", "address": "317 N CICERO AVE 1", "type": "Corner store / food mart", "ca_name": "AUSTIN", "placement_score": 29.1, "need": 19.4, "reach": 1.5, "recent_deaths_400m": 12, "nearest_nax_km": 1.05, "blight_score": 50.4, "hardship": 73, "transit_adjacent": true}}, {"type": "Feature", "geometry": {"type": "Point", "coordinates": [-87.564262043, 41.7589043223]}, "properties": {"name": "FANTASTIC FOOD MART INC.", "address": "2453 E 75TH ST 1", "type": "Corner store / food mart", "ca_name": "SOUTH SHORE", "placement_score": 29.1, "need": 29.1, "reach": 1.0, "recent_deaths_400m": 26, "nearest_nax_km": 0.4, "blight_score": 26.8, "hardship": 55, "transit_adjacent": false}}, {"type": "Feature", "geometry": {"type": "Point", "coordinates": [-87.700844338, 41.8796926995]}, "properties": {"name": "LILLIE WRIGHT", "address": "2961 W FIFTH AVE", "type": "Tobacco / vape", "ca_name": "EAST GARFIELD PARK", "placement_score": 29.1, "need": 41.6, "reach": 0.7, "recent_deaths_400m": 29, "nearest_nax_km": 0.48, "blight_score": 18.6, "hardship": 83, "transit_adjacent": false}}, {"type": "Feature", "geometry": {"type": "Point", "coordinates": [-87.7253817685, 41.8954830296]}, "properties": {"name": "BABY BABA INC.", "address": "3944 W CHICAGO AVE 1ST", "type": "Corner store / food mart", "ca_name": "HUMBOLDT PARK", "placement_score": 28.8, "need": 28.8, "reach": 1.0, "recent_deaths_400m": 18, "nearest_nax_km": 1.07, "blight_score": 34.9, "hardship": 85, "transit_adjacent": false}}, {"type": "Feature", "geometry": {"type": "Point", "coordinates": [-87.6966827321, 41.871168293]}, "properties": {"name": "CANDY SHOP CUSTOMS", "address": "2814 W POLK ST", "type": "Corner store / food mart", "ca_name": "EAST GARFIELD PARK", "placement_score": 28.7, "need": 28.7, "reach": 1.0, "recent_deaths_400m": 19, "nearest_nax_km": 0.96, "blight_score": 18.6, "hardship": 83, "transit_adjacent": false}}, {"type": "Feature", "geometry": {"type": "Point", "coordinates": [-87.7058590086, 41.8677801693]}, "properties": {"name": "HO FAT LEE CHINESE KITCHEN, I NC.", "address": "1114 S KEDZIE AVE", "type": "Corner store / food mart", "ca_name": "NORTH LAWNDALE", "placement_score": 28.7, "need": 28.7, "reach": 1.0, "recent_deaths_400m": 18, "nearest_nax_km": 0.52, "blight_score": 31.5, "hardship": 87, "transit_adjacent": false}}, {"type": "Feature", "geometry": {"type": "Point", "coordinates": [-87.7303106796, 41.8515775342]}, "properties": {"name": "DJ. SUB", "address": "4216 W CERMAK RD", "type": "Corner store / food mart", "ca_name": "NORTH LAWNDALE", "placement_score": 28.7, "need": 19.1, "reach": 1.5, "recent_deaths_400m": 12, "nearest_nax_km": 0.66, "blight_score": 31.5, "hardship": 87, "transit_adjacent": true}}, {"type": "Feature", "geometry": {"type": "Point", "coordinates": [-87.7214054353, 41.8690861765]}, "properties": {"name": "GATEWAY FOUNDATION RESIDENTIAL", "address": "3828 W TAYLOR ST  1ST", "type": "Corner store / food mart", "ca_name": "WEST GARFIELD PARK", "placement_score": 28.5, "need": 28.5, "reach": 1.0, "recent_deaths_400m": 18, "nearest_nax_km": 0.8, "blight_score": 24.7, "hardship": 92, "transit_adjacent": false}}, {"type": "Feature", "geometry": {"type": "Point", "coordinates": [-87.558408913, 41.7571563598]}, "properties": {"name": "CITGO", "address": "7600 S EXCHANGE AVE", "type": "Gas / filling station", "ca_name": "SOUTH SHORE", "placement_score": 28.2, "need": 28.2, "reach": 1.0, "recent_deaths_400m": 20, "nearest_nax_km": 0.74, "blight_score": 26.8, "hardship": 55, "transit_adjacent": false}}, {"type": "Feature", "geometry": {"type": "Point", "coordinates": [-87.6048731836, 41.7435330707]}, "properties": {"name": "PEPE'S MEXICAN RESTAURANT", "address": "8313 -8325 S COTTAGE GROVE AVE 1ST", "type": "Corner store / food mart", "ca_name": "CHATHAM", "placement_score": 28.0, "need": 28.0, "reach": 1.0, "recent_deaths_400m": 20, "nearest_nax_km": 1.15, "blight_score": 20.3, "hardship": 60, "transit_adjacent": false}}, {"type": "Feature", "geometry": {"type": "Point", "coordinates": [-87.664255215, 41.775457205]}, "properties": {"name": "FAMILY FOOD", "address": "6510 S ASHLAND AVE  1ST", "type": "Corner store / food mart", "ca_name": "WEST ENGLEWOOD", "placement_score": 27.7, "need": 18.5, "reach": 1.5, "recent_deaths_400m": 10, "nearest_nax_km": 0.53, "blight_score": 80.9, "hardship": 89, "transit_adjacent": true}}, {"type": "Feature", "geometry": {"type": "Point", "coordinates": [-87.6638176859, 41.770226758]}, "properties": {"name": "ASHLAND WHOLESALE INC.", "address": "6803 S ASHLAND AVE 1ST", "type": "Corner store / food mart", "ca_name": "WEST ENGLEWOOD", "placement_score": 27.7, "need": 27.7, "reach": 1.0, "recent_deaths_400m": 15, "nearest_nax_km": 0.89, "blight_score": 80.9, "hardship": 89, "transit_adjacent": false}}, {"type": "Feature", "geometry": {"type": "Point", "coordinates": [-87.7101029227, 41.8564454434]}, "properties": {"name": "MEAT WHOLESALE FOR PUBLIC, INC", "address": "3362 W OGDEN AVE", "type": "Corner store / food mart", "ca_name": "NORTH LAWNDALE", "placement_score": 27.5, "need": 27.5, "reach": 1.0, "recent_deaths_400m": 18, "nearest_nax_km": 0.48, "blight_score": 31.5, "hardship": 87, "transit_adjacent": false}}, {"type": "Feature", "geometry": {"type": "Point", "coordinates": [-87.658921856, 41.7687157347]}, "properties": {"name": "NEW HAP'S GRILL FISH AND CHICKEN", "address": "6859 S LOOMIS BLVD 1", "type": "Corner store / food mart", "ca_name": "WEST ENGLEWOOD", "placement_score": 27.3, "need": 27.3, "reach": 1.0, "recent_deaths_400m": 16, "nearest_nax_km": 0.46, "blight_score": 80.9, "hardship": 89, "transit_adjacent": false}}, {"type": "Feature", "geometry": {"type": "Point", "coordinates": [-87.7251120002, 41.9055118766]}, "properties": {"name": "IN & OUT GROCERY, INC.", "address": "3929 W GRAND AVE 1 1", "type": "Corner store / food mart", "ca_name": "HUMBOLDT PARK", "placement_score": 27.2, "need": 27.2, "reach": 1.0, "recent_deaths_400m": 17, "nearest_nax_km": 0.91, "blight_score": 34.9, "hardship": 85, "transit_adjacent": false}}, {"type": "Feature", "geometry": {"type": "Point", "coordinates": [-87.6643368634, 41.778360976]}, "properties": {"name": "MCDONALDS", "address": "6336 S ASHLAND AVE", "type": "Corner store / food mart", "ca_name": "WEST ENGLEWOOD", "placement_score": 27.2, "need": 18.1, "reach": 1.5, "recent_deaths_400m": 14, "nearest_nax_km": 0.35, "blight_score": 80.9, "hardship": 89, "transit_adjacent": true}}, {"type": "Feature", "geometry": {"type": "Point", "coordinates": [-87.696755802, 41.8736797152]}, "properties": {"name": "DOGGY'S. S.S. SOUL EATERY", "address": "2815 W HARRISON ST", "type": "Corner store / food mart", "ca_name": "EAST GARFIELD PARK", "placement_score": 27.1, "need": 27.1, "reach": 1.0, "recent_deaths_400m": 18, "nearest_nax_km": 1.1, "blight_score": 18.6, "hardship": 83, "transit_adjacent": false}}, {"type": "Feature", "geometry": {"type": "Point", "coordinates": [-87.7140561282, 41.8760259076]}, "properties": {"name": "POPPIN PANINI'S", "address": "3529 W FIFTH AVE", "type": "Corner store / food mart", "ca_name": "EAST GARFIELD PARK", "placement_score": 27.1, "need": 27.1, "reach": 1.0, "recent_deaths_400m": 18, "nearest_nax_km": 0.8, "blight_score": 18.6, "hardship": 83, "transit_adjacent": false}}, {"type": "Feature", "geometry": {"type": "Point", "coordinates": [-87.6992858007, 41.8736553139]}, "properties": {"name": "GENIN FOOD & LIQUOR", "address": "2917 W HARRISON ST 1ST", "type": "Corner store / food mart", "ca_name": "EAST GARFIELD PARK", "placement_score": 27.1, "need": 27.1, "reach": 1.0, "recent_deaths_400m": 18, "nearest_nax_km": 0.97, "blight_score": 18.6, "hardship": 83, "transit_adjacent": false}}, {"type": "Feature", "geometry": {"type": "Point", "coordinates": [-87.7109714918, 41.8845834717]}, "properties": {"name": "HOLLA BACK SUPERMARKET", "address": "159 N HOMAN BLVD", "type": "Corner store / food mart", "ca_name": "EAST GARFIELD PARK", "placement_score": 27.1, "need": 18.1, "reach": 1.5, "recent_deaths_400m": 12, "nearest_nax_km": 0.59, "blight_score": 18.6, "hardship": 83, "transit_adjacent": true}}, {"type": "Feature", "geometry": {"type": "Point", "coordinates": [-87.710352151, 41.8956261399]}, "properties": {"name": "FREDINE REYNOLDS", "address": "3334 W CHICAGO AVE", "type": "Corner store / food mart", "ca_name": "HUMBOLDT PARK", "placement_score": 27.0, "need": 27.0, "reach": 1.0, "recent_deaths_400m": 23, "nearest_nax_km": 0.37, "blight_score": 34.9, "hardship": 85, "transit_adjacent": false}}, {"type": "Feature", "geometry": {"type": "Point", "coordinates": [-87.5651606509, 41.751633599]}, "properties": {"name": "HALE FAMILY MCDONALD'S", "address": "2425 E 79TH ST", "type": "Corner store / food mart", "ca_name": "SOUTH CHICAGO", "placement_score": 26.8, "need": 26.8, "reach": 1.0, "recent_deaths_400m": 17, "nearest_nax_km": 1.21, "blight_score": 40.7, "hardship": 75, "transit_adjacent": false}}, {"type": "Feature", "geometry": {"type": "Point", "coordinates": [-87.5698056652, 41.7664124974]}, "properties": {"name": "CRANDON SUPER MARKET", "address": "2238 E 71ST ST", "type": "Corner store / food mart", "ca_name": "SOUTH SHORE", "placement_score": 26.8, "need": 26.8, "reach": 1.0, "recent_deaths_400m": 19, "nearest_nax_km": 0.67, "blight_score": 26.8, "hardship": 55, "transit_adjacent": false}}, {"type": "Feature", "geometry": {"type": "Point", "coordinates": [-87.7553438676, 41.883966609]}, "properties": {"name": "ROYLAND GROCERY", "address": "158 N LARAMIE AVE", "type": "Corner store / food mart", "ca_name": "AUSTIN", "placement_score": 26.7, "need": 17.8, "reach": 1.5, "recent_deaths_400m": 11, "nearest_nax_km": 1.03, "blight_score": 50.4, "hardship": 73, "transit_adjacent": true}}, {"type": "Feature", "geometry": {"type": "Point", "coordinates": [-87.6636054879, 41.751179484]}, "properties": {"name": "FIESTA BURGER HEAVEN", "address": "7832 S ASHLAND AVE 1", "type": "Corner store / food mart", "ca_name": "AUBURN GRESHAM", "placement_score": 26.6, "need": 26.6, "reach": 1.0, "recent_deaths_400m": 17, "nearest_nax_km": 1.03, "blight_score": 39.4, "hardship": 74, "transit_adjacent": false}}, {"type": "Feature", "geometry": {"type": "Point", "coordinates": [-87.6651338648, 41.7504418275]}, "properties": {"name": "FIREHOUSE / CAPTAIN HOOKS", "address": "1642 W 79TH ST 1 D & E", "type": "Corner store / food mart", "ca_name": "AUBURN GRESHAM", "placement_score": 26.6, "need": 26.6, "reach": 1.0, "recent_deaths_400m": 17, "nearest_nax_km": 1.18, "blight_score": 39.4, "hardship": 74, "transit_adjacent": false}}, {"type": "Feature", "geometry": {"type": "Point", "coordinates": [-87.7185808401, 41.8916560498]}, "properties": {"name": "HERB'S GROCERY'S", "address": "3659 W OHIO ST  1", "type": "Corner store / food mart", "ca_name": "HUMBOLDT PARK", "placement_score": 26.5, "need": 26.5, "reach": 1.0, "recent_deaths_400m": 22, "nearest_nax_km": 0.38, "blight_score": 34.9, "hardship": 85, "transit_adjacent": false}}, {"type": "Feature", "geometry": {"type": "Point", "coordinates": [-87.764261739, 41.8871221497]}, "properties": {"name": "BIG TONY FAST FOOD", "address": "5519 W CORCORAN PL", "type": "Corner store / food mart", "ca_name": "AUSTIN", "placement_score": 26.5, "need": 17.7, "reach": 1.5, "recent_deaths_400m": 22, "nearest_nax_km": 0.25, "blight_score": 50.4, "hardship": 73, "transit_adjacent": true}}, {"type": "Feature", "geometry": {"type": "Point", "coordinates": [-87.7321921778, 41.8513242234]}, "properties": {"name": "FERAS FOOD & LIQUOR, INC.", "address": "4265 W CERMAK RD 1", "type": "Corner store / food mart", "ca_name": "NORTH LAWNDALE", "placement_score": 26.3, "need": 17.5, "reach": 1.5, "recent_deaths_400m": 11, "nearest_nax_km": 0.76, "blight_score": 31.5, "hardship": 87, "transit_adjacent": true}}, {"type": "Feature", "geometry": {"type": "Point", "coordinates": [-87.7026684699, 41.8791866972]}, "properties": {"name": "BEN'S HOTDOG STAND", "address": "3043 W FIFTH AVE", "type": "Corner store / food mart", "ca_name": "EAST GARFIELD PARK", "placement_score": 26.3, "need": 26.3, "reach": 1.0, "recent_deaths_400m": 25, "nearest_nax_km": 0.35, "blight_score": 18.6, "hardship": 83, "transit_adjacent": false}}, {"type": "Feature", "geometry": {"type": "Point", "coordinates": [-87.7208812261, 41.8808972735]}, "properties": {"name": "WALGREENS #15507", "address": "3800 W MADISON ST  101", "type": "Corner store / food mart", "ca_name": "WEST GARFIELD PARK", "placement_score": 26.3, "need": 26.3, "reach": 1.0, "recent_deaths_400m": 28, "nearest_nax_km": 0.3, "blight_score": 24.7, "hardship": 92, "transit_adjacent": false}}, {"type": "Feature", "geometry": {"type": "Point", "coordinates": [-87.7115245468, 41.8935246005]}, "properties": {"name": "FADI INCORPORATED", "address": "656 N HOMAN AVE 1ST", "type": "Corner store / food mart", "ca_name": "HUMBOLDT PARK", "placement_score": 25.9, "need": 25.9, "reach": 1.0, "recent_deaths_400m": 18, "nearest_nax_km": 0.45, "blight_score": 34.9, "hardship": 85, "transit_adjacent": false}}, {"type": "Feature", "geometry": {"type": "Point", "coordinates": [-87.7551414485, 41.8784231733]}, "properties": {"name": "LARAMIE FOOD & LIQUOR", "address": "200 S LARAMIE AVE  1", "type": "Corner store / food mart", "ca_name": "AUSTIN", "placement_score": 25.9, "need": 25.9, "reach": 1.0, "recent_deaths_400m": 16, "nearest_nax_km": 1.47, "blight_score": 50.4, "hardship": 73, "transit_adjacent": false}}, {"type": "Feature", "geometry": {"type": "Point", "coordinates": [-87.7607702419, 41.9090099775]}, "properties": {"name": "ADAM FOOD MART", "address": "1547 N LONG AVE 1", "type": "Corner store / food mart", "ca_name": "AUSTIN", "placement_score": 25.9, "need": 25.9, "reach": 1.0, "recent_deaths_400m": 16, "nearest_nax_km": 0.68, "blight_score": 50.4, "hardship": 73, "transit_adjacent": false}}, {"type": "Feature", "geometry": {"type": "Point", "coordinates": [-87.6738841264, 41.7934442464]}, "properties": {"name": "ANM FOOD MART", "address": "1951 W GARFIELD BLVD", "type": "Corner store / food mart", "ca_name": "WEST ENGLEWOOD", "placement_score": 25.9, "need": 25.9, "reach": 1.0, "recent_deaths_400m": 14, "nearest_nax_km": 1.56, "blight_score": 80.9, "hardship": 89, "transit_adjacent": false}}, {"type": "Feature", "geometry": {"type": "Point", "coordinates": [-87.7264880785, 41.9042298101]}, "properties": {"name": "J. AND J. FISH AND CHICKEN", "address": "1252 N PULASKI RD", "type": "Corner store / food mart", "ca_name": "HUMBOLDT PARK", "placement_score": 25.6, "need": 25.6, "reach": 1.0, "recent_deaths_400m": 16, "nearest_nax_km": 0.91, "blight_score": 34.9, "hardship": 85, "transit_adjacent": false}}, {"type": "Feature", "geometry": {"type": "Point", "coordinates": [-87.729592566, 41.9027275435]}, "properties": {"name": "FAMILY DOLLAR STORE #6280", "address": "4118 W DIVISION ST", "type": "Corner store / food mart", "ca_name": "HUMBOLDT PARK", "placement_score": 25.6, "need": 25.6, "reach": 1.0, "recent_deaths_400m": 16, "nearest_nax_km": 0.91, "blight_score": 34.9, "hardship": 85, "transit_adjacent": false}}, {"type": "Feature", "geometry": {"type": "Point", "coordinates": [-87.7279415078, 41.90275593]}, "properties": {"name": "M & M MINI MARKET, INC.", "address": "4036 W DIVISION ST STOREFRONT", "type": "Corner store / food mart", "ca_name": "HUMBOLDT PARK", "placement_score": 25.6, "need": 25.6, "reach": 1.0, "recent_deaths_400m": 16, "nearest_nax_km": 0.97, "blight_score": 34.9, "hardship": 85, "transit_adjacent": false}}, {"type": "Feature", "geometry": {"type": "Point", "coordinates": [-87.628024738, 41.6924151528]}, "properties": {"name": "pizza factory", "address": "201 W 111TH ST", "type": "Corner store / food mart", "ca_name": "ROSELAND", "placement_score": 25.6, "need": 25.6, "reach": 1.0, "recent_deaths_400m": 17, "nearest_nax_km": 0.86, "blight_score": 48.9, "hardship": 52, "transit_adjacent": false}}, {"type": "Feature", "geometry": {"type": "Point", "coordinates": [-87.7174166318, 41.8590584843]}, "properties": {"name": "CHAMP'S BAR B QUE", "address": "3654 W 16TH ST", "type": "Corner store / food mart", "ca_name": "NORTH LAWNDALE", "placement_score": 25.5, "need": 25.5, "reach": 1.0, "recent_deaths_400m": 16, "nearest_nax_km": 0.6, "blight_score": 31.5, "hardship": 87, "transit_adjacent": false}}, {"type": "Feature", "geometry": {"type": "Point", "coordinates": [-87.7070078703, 41.8589542753]}, "properties": {"name": "SAVE UP FOOD MARKET", "address": "3241 W 16TH ST", "type": "Corner store / food mart", "ca_name": "NORTH LAWNDALE", "placement_score": 25.5, "need": 25.5, "reach": 1.0, "recent_deaths_400m": 16, "nearest_nax_km": 0.65, "blight_score": 31.5, "hardship": 87, "transit_adjacent": false}}, {"type": "Feature", "geometry": {"type": "Point", "coordinates": [-87.5594306144, 41.7517139224]}, "properties": {"name": "DOLLAR GENERAL STORE # 11565", "address": "2649 E 79TH ST 1ST", "type": "Corner store / food mart", "ca_name": "SOUTH CHICAGO", "placement_score": 25.3, "need": 25.3, "reach": 1.0, "recent_deaths_400m": 16, "nearest_nax_km": 1.25, "blight_score": 40.7, "hardship": 75, "transit_adjacent": false}}, {"type": "Feature", "geometry": {"type": "Point", "coordinates": [-87.7282444217, 41.8808041582]}, "properties": {"name": "TONYS BEEF & SUB", "address": "4100 W MADISON ST 1ST", "type": "Corner store / food mart", "ca_name": "WEST GARFIELD PARK", "placement_score": 25.2, "need": 25.2, "reach": 1.0, "recent_deaths_400m": 27, "nearest_nax_km": 0.29, "blight_score": 24.7, "hardship": 92, "transit_adjacent": false}}, {"type": "Feature", "geometry": {"type": "Point", "coordinates": [-87.7058203625, 41.8754237451]}, "properties": {"name": "NEW POP-IN", "address": "413 S KEDZIE AVE", "type": "Corner store / food mart", "ca_name": "EAST GARFIELD PARK", "placement_score": 24.9, "need": 16.6, "reach": 1.5, "recent_deaths_400m": 11, "nearest_nax_km": 0.57, "blight_score": 18.6, "hardship": 83, "transit_adjacent": true}}, {"type": "Feature", "geometry": {"type": "Point", "coordinates": [-87.7550579948, 41.8765478753]}, "properties": {"name": "AMOCO GAS STATION", "address": "5201 W JACKSON BLVD 1ST", "type": "Corner store / food mart", "ca_name": "AUSTIN", "placement_score": 24.3, "need": 24.3, "reach": 1.0, "recent_deaths_400m": 15, "nearest_nax_km": 1.65, "blight_score": 50.4, "hardship": 73, "transit_adjacent": false}}, {"type": "Feature", "geometry": {"type": "Point", "coordinates": [-87.7009372013, 41.8760055547]}, "properties": {"name": "290 EXPRESS INC", "address": "345 S SACRAMENTO BLVD 1ST", "type": "Tobacco / vape", "ca_name": "EAST GARFIELD PARK", "placement_score": 24.3, "need": 34.7, "reach": 0.7, "recent_deaths_400m": 23, "nearest_nax_km": 0.68, "blight_score": 18.6, "hardship": 83, "transit_adjacent": false}}, {"type": "Feature", "geometry": {"type": "Point", "coordinates": [-87.6970630483, 41.8775358858]}, "properties": {"name": "DEBORAH'S PLACE", "address": "2822 W JACKSON BLVD", "type": "Corner store / food mart", "ca_name": "EAST GARFIELD PARK", "placement_score": 24.1, "need": 24.1, "reach": 1.0, "recent_deaths_400m": 16, "nearest_nax_km": 0.85, "blight_score": 18.6, "hardship": 83, "transit_adjacent": false}}, {"type": "Feature", "geometry": {"type": "Point", "coordinates": [-87.7008646171, 41.873704115]}, "properties": {"name": "THE  ORiGINAL MAXWELL ST", "address": "601 S SACRAMENTO BLVD", "type": "Corner store / food mart", "ca_name": "EAST GARFIELD PARK", "placement_score": 24.1, "need": 24.1, "reach": 1.0, "recent_deaths_400m": 16, "nearest_nax_km": 0.89, "blight_score": 18.6, "hardship": 83, "transit_adjacent": false}}, {"type": "Feature", "geometry": {"type": "Point", "coordinates": [-87.6265371748, 41.6926530001]}, "properties": {"name": "SUBWAY", "address": "116 W 111TH ST 1ST", "type": "Corner store / food mart", "ca_name": "ROSELAND", "placement_score": 24.1, "need": 24.1, "reach": 1.0, "recent_deaths_400m": 16, "nearest_nax_km": 0.74, "blight_score": 48.9, "hardship": 52, "transit_adjacent": false}}, {"type": "Feature", "geometry": {"type": "Point", "coordinates": [-87.663886892, 41.7632589444]}, "properties": {"name": "JOHNNY'S FOODS", "address": "7154-7158 S ASHLAND AVE 1ST", "type": "Corner store / food mart", "ca_name": "WEST ENGLEWOOD", "placement_score": 24.0, "need": 24.0, "reach": 1.0, "recent_deaths_400m": 13, "nearest_nax_km": 1.02, "blight_score": 80.9, "hardship": 89, "transit_adjacent": false}}, {"type": "Feature", "geometry": {"type": "Point", "coordinates": [-87.6695368471, 41.7920606583]}, "properties": {"name": "S & M FOOD MARKET", "address": "5600 S WOOD ST", "type": "Corner store / food mart", "ca_name": "WEST ENGLEWOOD", "placement_score": 24.0, "need": 24.0, "reach": 1.0, "recent_deaths_400m": 13, "nearest_nax_km": 1.23, "blight_score": 80.9, "hardship": 89, "transit_adjacent": false}}, {"type": "Feature", "geometry": {"type": "Point", "coordinates": [-87.6741007357, 41.7922295956]}, "properties": {"name": "SICILIA REST & PIZZA INC", "address": "5543 S DAMEN AVE", "type": "Corner store / food mart", "ca_name": "WEST ENGLEWOOD", "placement_score": 24.0, "need": 24.0, "reach": 1.0, "recent_deaths_400m": 13, "nearest_nax_km": 1.54, "blight_score": 80.9, "hardship": 89, "transit_adjacent": false}}, {"type": "Feature", "geometry": {"type": "Point", "coordinates": [-87.6691677971, 41.7683810439]}, "properties": {"name": "IYANNA'S", "address": "1809 W 69TH ST 1ST", "type": "Corner store / food mart", "ca_name": "WEST ENGLEWOOD", "placement_score": 24.0, "need": 24.0, "reach": 1.0, "recent_deaths_400m": 13, "nearest_nax_km": 1.19, "blight_score": 80.9, "hardship": 89, "transit_adjacent": false}}, {"type": "Feature", "geometry": {"type": "Point", "coordinates": [-87.7138221927, 41.8698554369]}, "properties": {"name": "GREEN GARDEN CAFE", "address": "3517 W ARTHINGTON ST 1ST", "type": "Corner store / food mart", "ca_name": "NORTH LAWNDALE", "placement_score": 23.9, "need": 23.9, "reach": 1.0, "recent_deaths_400m": 15, "nearest_nax_km": 0.68, "blight_score": 31.5, "hardship": 87, "transit_adjacent": false}}, {"type": "Feature", "geometry": {"type": "Point", "coordinates": [-87.7047589697, 41.8663088793]}, "properties": {"name": "NEW LIFE RESTAURANT", "address": "3141 W ROOSEVELT RD FRONT", "type": "Corner store / food mart", "ca_name": "NORTH LAWNDALE", "placement_score": 23.7, "need": 23.7, "reach": 1.0, "recent_deaths_400m": 15, "nearest_nax_km": 0.5, "blight_score": 31.5, "hardship": 87, "transit_adjacent": false}}, {"type": "Feature", "geometry": {"type": "Point", "coordinates": [-87.5659480933, 41.7588829676]}, "properties": {"name": "OWEN'S SMOOTHIES & SWEETS", "address": "2411 E 75TH ST", "type": "Corner store / food mart", "ca_name": "SOUTH SHORE", "placement_score": 23.5, "need": 23.5, "reach": 1.0, "recent_deaths_400m": 19, "nearest_nax_km": 0.44, "blight_score": 26.8, "hardship": 55, "transit_adjacent": false}}, {"type": "Feature", "geometry": {"type": "Point", "coordinates": [-87.7249857255, 41.8649659718]}, "properties": {"name": "ACADEMY BAKERY", "address": "1239 S PULASKI RD", "type": "Corner store / food mart", "ca_name": "NORTH LAWNDALE", "placement_score": 23.5, "need": 23.5, "reach": 1.0, "recent_deaths_400m": 16, "nearest_nax_km": 0.46, "blight_score": 31.5, "hardship": 87, "transit_adjacent": false}}, {"type": "Feature", "geometry": {"type": "Point", "coordinates": [-87.7060367001, 41.8832349432]}, "properties": {"name": "ONE ELEVEN FOOD & LIQUOR INC", "address": "111 N KEDZIE AVE", "type": "Corner store / food mart", "ca_name": "EAST GARFIELD PARK", "placement_score": 23.4, "need": 15.6, "reach": 1.5, "recent_deaths_400m": 17, "nearest_nax_km": 0.3, "blight_score": 18.6, "hardship": 83, "transit_adjacent": true}}, {"type": "Feature", "geometry": {"type": "Point", "coordinates": [-87.7227380334, 41.8806541496]}, "properties": {"name": "CITY SUBMARINE", "address": "3849 W MADISON ST 1ST", "type": "Corner store / food mart", "ca_name": "WEST GARFIELD PARK", "placement_score": 23.1, "need": 23.1, "reach": 1.0, "recent_deaths_400m": 36, "nearest_nax_km": 0.2, "blight_score": 24.7, "hardship": 92, "transit_adjacent": false}}, {"type": "Feature", "geometry": {"type": "Point", "coordinates": [-87.6654002265, 41.7795453449]}, "properties": {"name": "63rd FAST FOOD INC", "address": "1624 W 63RD ST", "type": "Corner store / food mart", "ca_name": "WEST ENGLEWOOD", "placement_score": 22.9, "need": 15.2, "reach": 1.5, "recent_deaths_400m": 16, "nearest_nax_km": 0.26, "blight_score": 80.9, "hardship": 89, "transit_adjacent": true}}, {"type": "Feature", "geometry": {"type": "Point", "coordinates": [-87.5792264913, 41.762591746]}, "properties": {"name": "Sarah's Food, Inc.", "address": "1900 E 73RD ST", "type": "Tobacco / vape", "ca_name": "SOUTH SHORE", "placement_score": 22.7, "need": 32.4, "reach": 0.7, "recent_deaths_400m": 23, "nearest_nax_km": 1.29, "blight_score": 26.8, "hardship": 55, "transit_adjacent": false}}, {"type": "Feature", "geometry": {"type": "Point", "coordinates": [-87.7595864861, 41.8802050896]}, "properties": {"name": "CHOP SUEY KITCHEN", "address": "5353 W MADISON ST # 1ST", "type": "Corner store / food mart", "ca_name": "AUSTIN", "placement_score": 22.6, "need": 22.6, "reach": 1.0, "recent_deaths_400m": 14, "nearest_nax_km": 1.11, "blight_score": 50.4, "hardship": 73, "transit_adjacent": false}}, {"type": "Feature", "geometry": {"type": "Point", "coordinates": [-87.7579181823, 41.9093643281]}, "properties": {"name": "MAMA KEMET'S GROCERY STORE", "address": "5261 W NORTH AVE 1", "type": "Corner store / food mart", "ca_name": "AUSTIN", "placement_score": 22.6, "need": 22.6, "reach": 1.0, "recent_deaths_400m": 14, "nearest_nax_km": 0.91, "blight_score": 50.4, "hardship": 73, "transit_adjacent": false}}, {"type": "Feature", "geometry": {"type": "Point", "coordinates": [-87.7549900472, 41.8744608292]}, "properties": {"name": "LARAMIE FOOD", "address": "410 S LARAMIE AVE 1ST", "type": "Corner store / food mart", "ca_name": "AUSTIN", "placement_score": 22.6, "need": 22.6, "reach": 1.0, "recent_deaths_400m": 14, "nearest_nax_km": 1.5, "blight_score": 50.4, "hardship": 73, "transit_adjacent": false}}, {"type": "Feature", "geometry": {"type": "Point", "coordinates": [-87.7490628909, 41.8747437758]}, "properties": {"name": "MAY FOOD MARKET INC.", "address": "405 S LAVERGNE AVE", "type": "Corner store / food mart", "ca_name": "AUSTIN", "placement_score": 22.6, "need": 22.6, "reach": 1.0, "recent_deaths_400m": 14, "nearest_nax_km": 1.41, "blight_score": 50.4, "hardship": 73, "transit_adjacent": false}}, {"type": "Feature", "geometry": {"type": "Point", "coordinates": [-87.7627931294, 41.9095215021]}, "properties": {"name": "DOLLAR GENERAL STORE #13777", "address": "5454 W NORTH AVE 1ST", "type": "Corner store / food mart", "ca_name": "AUSTIN", "placement_score": 22.6, "need": 22.6, "reach": 1.0, "recent_deaths_400m": 14, "nearest_nax_km": 0.51, "blight_score": 50.4, "hardship": 73, "transit_adjacent": false}}, {"type": "Feature", "geometry": {"type": "Point", "coordinates": [-87.5993500883, 41.7457450015]}, "properties": {"name": "OMAR'S CONVENIENT STORE, INC.", "address": "1019 E 82ND ST 1", "type": "Tobacco / vape", "ca_name": "CHATHAM", "placement_score": 22.6, "need": 32.2, "reach": 0.7, "recent_deaths_400m": 23, "nearest_nax_km": 1.08, "blight_score": 20.3, "hardship": 60, "transit_adjacent": false}}, {"type": "Feature", "geometry": {"type": "Point", "coordinates": [-87.598733281, 41.7514651055]}, "properties": {"name": "SUPER VALUE FOOD MART INC", "address": "1040 E 79TH ST 1", "type": "Corner store / food mart", "ca_name": "GREATER GRAND CROSSING", "placement_score": 22.6, "need": 22.6, "reach": 1.0, "recent_deaths_400m": 15, "nearest_nax_km": 1.18, "blight_score": 35.0, "hardship": 66, "transit_adjacent": false}}, {"type": "Feature", "geometry": {"type": "Point", "coordinates": [-87.6248764193, 41.6924529207]}, "properties": {"name": "ROSELAND COMMUNITY HOSPITAL", "address": "45 W 111TH ST  1", "type": "Corner store / food mart", "ca_name": "ROSELAND", "placement_score": 22.6, "need": 22.6, "reach": 1.0, "recent_deaths_400m": 15, "nearest_nax_km": 0.61, "blight_score": 48.9, "hardship": 52, "transit_adjacent": false}}, {"type": "Feature", "geometry": {"type": "Point", "coordinates": [-87.6963621091, 41.8811854428]}, "properties": {"name": "WALLACE'S CATFISH CORNER", "address": "2800 W MADISON ST", "type": "Corner store / food mart", "ca_name": "EAST GARFIELD PARK", "placement_score": 22.6, "need": 15.1, "reach": 1.5, "recent_deaths_400m": 10, "nearest_nax_km": 0.84, "blight_score": 18.6, "hardship": 83, "transit_adjacent": true}}, {"type": "Feature", "geometry": {"type": "Point", "coordinates": [-87.7121470281, 41.8753290621]}, "properties": {"name": "RML CHICAGO", "address": "3435 W VAN BUREN ST 1 1", "type": "Corner store / food mart", "ca_name": "EAST GARFIELD PARK", "placement_score": 22.6, "need": 22.6, "reach": 1.0, "recent_deaths_400m": 15, "nearest_nax_km": 0.74, "blight_score": 18.6, "hardship": 83, "transit_adjacent": false}}, {"type": "Feature", "geometry": {"type": "Point", "coordinates": [-87.703820052, 41.8692662617]}, "properties": {"name": "E R ENTERPRISES", "address": "3110 W TAYLOR ST", "type": "Corner store / food mart", "ca_name": "EAST GARFIELD PARK", "placement_score": 22.6, "need": 22.6, "reach": 1.0, "recent_deaths_400m": 15, "nearest_nax_km": 0.76, "blight_score": 18.6, "hardship": 83, "transit_adjacent": false}}, {"type": "Feature", "geometry": {"type": "Point", "coordinates": [-87.7064121998, 41.8859055702]}, "properties": {"name": "KEDZIE FOOD", "address": "252-254 N KEDZIE AVE", "type": "Corner store / food mart", "ca_name": "EAST GARFIELD PARK", "placement_score": 22.6, "need": 15.1, "reach": 1.5, "recent_deaths_400m": 10, "nearest_nax_km": 0.6, "blight_score": 18.6, "hardship": 83, "transit_adjacent": true}}, {"type": "Feature", "geometry": {"type": "Point", "coordinates": [-87.6988501874, 41.8809410792]}, "properties": {"name": "BROTHERS 6 INC", "address": "2901-2903 W MADISON ST", "type": "Corner store / food mart", "ca_name": "EAST GARFIELD PARK", "placement_score": 22.6, "need": 22.6, "reach": 1.0, "recent_deaths_400m": 15, "nearest_nax_km": 0.63, "blight_score": 18.6, "hardship": 83, "transit_adjacent": false}}, {"type": "Feature", "geometry": {"type": "Point", "coordinates": [-87.7003112427, 41.8809265067]}, "properties": {"name": "FATHER & SON BBQ", "address": "2939 W MADISON ST 1ST", "type": "Corner store / food mart", "ca_name": "EAST GARFIELD PARK", "placement_score": 22.6, "need": 22.6, "reach": 1.0, "recent_deaths_400m": 15, "nearest_nax_km": 0.51, "blight_score": 18.6, "hardship": 83, "transit_adjacent": false}}, {"type": "Feature", "geometry": {"type": "Point", "coordinates": [-87.7228399016, 41.9046157496]}, "properties": {"name": "CJ'S EATERY", "address": "3839 W GRAND AVE 1", "type": "Corner store / food mart", "ca_name": "HUMBOLDT PARK", "placement_score": 22.4, "need": 22.4, "reach": 1.0, "recent_deaths_400m": 14, "nearest_nax_km": 1.12, "blight_score": 34.9, "hardship": 85, "transit_adjacent": false}}, {"type": "Feature", "geometry": {"type": "Point", "coordinates": [-87.7287986009, 41.8988860054]}, "properties": {"name": "AUGUSTA FOOD MART INC", "address": "958 N KARLOV AVE", "type": "Corner store / food mart", "ca_name": "HUMBOLDT PARK", "placement_score": 22.4, "need": 22.4, "reach": 1.0, "recent_deaths_400m": 14, "nearest_nax_km": 1.33, "blight_score": 34.9, "hardship": 85, "transit_adjacent": false}}, {"type": "Feature", "geometry": {"type": "Point", "coordinates": [-87.6068899876, 41.7440448025]}, "properties": {"name": "CITY-LIFE, LTD.", "address": "712 E 83RD ST 1", "type": "Corner store / food mart", "ca_name": "CHATHAM", "placement_score": 22.4, "need": 22.4, "reach": 1.0, "recent_deaths_400m": 16, "nearest_nax_km": 0.99, "blight_score": 20.3, "hardship": 60, "transit_adjacent": false}}, {"type": "Feature", "geometry": {"type": "Point", "coordinates": [-87.6995145776, 41.8665805458]}, "properties": {"name": "PRINCE FOOD MART", "address": "2924 W ROOSEVELT RD 1ST", "type": "Corner store / food mart", "ca_name": "NORTH LAWNDALE", "placement_score": 22.3, "need": 22.3, "reach": 1.0, "recent_deaths_400m": 14, "nearest_nax_km": 0.91, "blight_score": 31.5, "hardship": 87, "transit_adjacent": false}}, {"type": "Feature", "geometry": {"type": "Point", "coordinates": [-87.6641646176, 41.7720982328]}, "properties": {"name": "ASHLAND CITGO", "address": "6700 S ASHLAND AVE", "type": "Gas / filling station", "ca_name": "WEST ENGLEWOOD", "placement_score": 22.2, "need": 22.2, "reach": 1.0, "recent_deaths_400m": 12, "nearest_nax_km": 0.85, "blight_score": 80.9, "hardship": 89, "transit_adjacent": false}}, {"type": "Feature", "geometry": {"type": "Point", "coordinates": [-87.7357854652, 41.8857393483]}, "properties": {"name": "THREE STARS FOOD & LIQUOR INC", "address": "308-314 N KOSTNER AVE 1ST", "type": "Corner store / food mart", "ca_name": "WEST GARFIELD PARK", "placement_score": 22.2, "need": 22.2, "reach": 1.0, "recent_deaths_400m": 14, "nearest_nax_km": 0.82, "blight_score": 24.7, "hardship": 92, "transit_adjacent": false}}, {"type": "Feature", "geometry": {"type": "Point", "coordinates": [-87.6712609314, 41.7685802576]}, "properties": {"name": "WILBORN STEWART", "address": "1900 W 69TH ST 1ST", "type": "Corner store / food mart", "ca_name": "WEST ENGLEWOOD", "placement_score": 22.2, "need": 22.2, "reach": 1.0, "recent_deaths_400m": 12, "nearest_nax_km": 1.19, "blight_score": 80.9, "hardship": 89, "transit_adjacent": false}}, {"type": "Feature", "geometry": {"type": "Point", "coordinates": [-87.6870599706, 41.7790996768]}, "properties": {"name": "HAROLD'S CHICKEN SHACK", "address": "2521 W 63RD ST", "type": "Corner store / food mart", "ca_name": "CHICAGO LAWN", "placement_score": 22.0, "need": 22.0, "reach": 1.0, "recent_deaths_400m": 14, "nearest_nax_km": 1.4, "blight_score": 34.7, "hardship": 80, "transit_adjacent": false}}, {"type": "Feature", "geometry": {"type": "Point", "coordinates": [-87.6093546367, 41.7513221019]}, "properties": {"name": "ARETHA'S DREAM", "address": "616 E 79TH ST 1ST", "type": "Corner store / food mart", "ca_name": "GREATER GRAND CROSSING", "placement_score": 22.0, "need": 22.0, "reach": 1.0, "recent_deaths_400m": 17, "nearest_nax_km": 0.43, "blight_score": 35.0, "hardship": 66, "transit_adjacent": false}}, {"type": "Feature", "geometry": {"type": "Point", "coordinates": [-87.7243258969, 41.8662940401]}, "properties": {"name": "BON BON PIZZA", "address": "3938 W ROOSEVELT RD", "type": "Corner store / food mart", "ca_name": "NORTH LAWNDALE", "placement_score": 22.0, "need": 22.0, "reach": 1.0, "recent_deaths_400m": 14, "nearest_nax_km": 0.49, "blight_score": 31.5, "hardship": 87, "transit_adjacent": false}}, {"type": "Feature", "geometry": {"type": "Point", "coordinates": [-87.6104911027, 41.7840859324]}, "properties": {"name": "NELSON'S MINI-MART", "address": "608 E 61ST ST 1ST", "type": "Corner store / food mart", "ca_name": "WOODLAWN", "placement_score": 22.0, "need": 22.0, "reach": 1.0, "recent_deaths_400m": 16, "nearest_nax_km": 0.53, "blight_score": 17.2, "hardship": 58, "transit_adjacent": false}}, {"type": "Feature", "geometry": {"type": "Point", "coordinates": [-87.6633635059, 41.7533406791]}, "properties": {"name": "ARCHDIOCESE OF CHICAGO", "address": "7721 S ASHLAND AVE", "type": "Corner store / food mart", "ca_name": "AUBURN GRESHAM", "placement_score": 21.9, "need": 21.9, "reach": 1.0, "recent_deaths_400m": 14, "nearest_nax_km": 0.87, "blight_score": 39.4, "hardship": 74, "transit_adjacent": false}}, {"type": "Feature", "geometry": {"type": "Point", "coordinates": [-87.663271885, 41.7495287343]}, "properties": {"name": "FAMILY DOLLAR STORE # 7612", "address": "7927 S ASHLAND AVE", "type": "Corner store / food mart", "ca_name": "AUBURN GRESHAM", "placement_score": 21.9, "need": 21.9, "reach": 1.0, "recent_deaths_400m": 14, "nearest_nax_km": 1.14, "blight_score": 39.4, "hardship": 74, "transit_adjacent": false}}, {"type": "Feature", "geometry": {"type": "Point", "coordinates": [-87.7254947136, 41.8798798825]}, "properties": {"name": "AL'S BEEF / NANCY'S PIZZA", "address": "25 S PULASKI RD", "type": "Corner store / food mart", "ca_name": "WEST GARFIELD PARK", "placement_score": 21.9, "need": 21.9, "reach": 1.0, "recent_deaths_400m": 46, "nearest_nax_km": 0.06, "blight_score": 24.7, "hardship": 92, "transit_adjacent": false}}, {"type": "Feature", "geometry": {"type": "Point", "coordinates": [-87.7142416753, 41.866413809]}, "properties": {"name": "LUXURY WINE & SPIRITS", "address": "3530 W ROOSEVELT RD 1ST", "type": "Tobacco / vape", "ca_name": "NORTH LAWNDALE", "placement_score": 21.9, "need": 31.4, "reach": 0.7, "recent_deaths_400m": 24, "nearest_nax_km": 0.41, "blight_score": 31.5, "hardship": 87, "transit_adjacent": false}}, {"type": "Feature", "geometry": {"type": "Point", "coordinates": [-87.6666788739, 41.7502066324]}, "properties": {"name": "SALAD'S N THINGS", "address": "1719 W 79TH ST", "type": "Corner store / food mart", "ca_name": "AUBURN GRESHAM", "placement_score": 21.9, "need": 21.9, "reach": 1.0, "recent_deaths_400m": 14, "nearest_nax_km": 1.29, "blight_score": 39.4, "hardship": 74, "transit_adjacent": false}}, {"type": "Feature", "geometry": {"type": "Point", "coordinates": [-87.7551377662, 41.8863317359]}, "properties": {"name": "SUN  SUMRINE FAST FOOD", "address": "321 N LARAMIE AVE", "type": "Corner store / food mart", "ca_name": "AUSTIN", "placement_score": 21.8, "need": 14.6, "reach": 1.5, "recent_deaths_400m": 9, "nearest_nax_km": 0.93, "blight_score": 50.4, "hardship": 73, "transit_adjacent": true}}, {"type": "Feature", "geometry": {"type": "Point", "coordinates": [-87.6109581436, 41.7807531314]}, "properties": {"name": "SHAKESPEAR ROSE CULINARY KITCHEN", "address": "6246 S ST LAWRENCE AVE", "type": "Corner store / food mart", "ca_name": "WOODLAWN", "placement_score": 21.6, "need": 14.4, "reach": 1.5, "recent_deaths_400m": 15, "nearest_nax_km": 0.35, "blight_score": 17.2, "hardship": 58, "transit_adjacent": true}}, {"type": "Feature", "geometry": {"type": "Point", "coordinates": [-87.5611361771, 41.7605003259]}, "properties": {"name": "COLES SUPPORTIVE LIVING", "address": "7419 S EXCHANGE AVE 1", "type": "Corner store / food mart", "ca_name": "SOUTH SHORE", "placement_score": 21.5, "need": 21.5, "reach": 1.0, "recent_deaths_400m": 25, "nearest_nax_km": 0.3, "blight_score": 26.8, "hardship": 55, "transit_adjacent": false}}, {"type": "Feature", "geometry": {"type": "Point", "coordinates": [-87.7258541524, 41.8818459107]}, "properties": {"name": "MC'S", "address": "4001 W WASHINGTON BLVD", "type": "Corner store / food mart", "ca_name": "WEST GARFIELD PARK", "placement_score": 21.1, "need": 14.0, "reach": 1.5, "recent_deaths_400m": 28, "nearest_nax_km": 0.16, "blight_score": 24.7, "hardship": 92, "transit_adjacent": true}}, {"type": "Feature", "geometry": {"type": "Point", "coordinates": [-87.7504828506, 41.8858071953]}, "properties": {"name": "A & A FOOD MARKET", "address": "5000 W FULTON ST 1ST", "type": "Corner store / food mart", "ca_name": "AUSTIN", "placement_score": 21.0, "need": 21.0, "reach": 1.0, "recent_deaths_400m": 13, "nearest_nax_km": 1.08, "blight_score": 50.4, "hardship": 73, "transit_adjacent": false}}, {"type": "Feature", "geometry": {"type": "Point", "coordinates": [-87.7615966566, 41.8780703554]}, "properties": {"name": "M & S # 2 FOOD MART, INC.", "address": "209 S LOTUS AVE 1", "type": "Corner store / food mart", "ca_name": "AUSTIN", "placement_score": 21.0, "need": 21.0, "reach": 1.0, "recent_deaths_400m": 13, "nearest_nax_km": 1.27, "blight_score": 50.4, "hardship": 73, "transit_adjacent": false}}, {"type": "Feature", "geometry": {"type": "Point", "coordinates": [-87.7565621129, 41.8802430014]}, "properties": {"name": "Doughlicious wraps", "address": "5237 W MADISON ST", "type": "Corner store / food mart", "ca_name": "AUSTIN", "placement_score": 21.0, "need": 21.0, "reach": 1.0, "recent_deaths_400m": 13, "nearest_nax_km": 1.24, "blight_score": 50.4, "hardship": 73, "transit_adjacent": false}}, {"type": "Feature", "geometry": {"type": "Point", "coordinates": [-87.5994549176, 41.7441516213]}, "properties": {"name": "AVALON EAT SHOP", "address": "1016 E 83RD ST", "type": "Corner store / food mart", "ca_name": "CHATHAM", "placement_score": 21.0, "need": 21.0, "reach": 1.0, "recent_deaths_400m": 15, "nearest_nax_km": 1.12, "blight_score": 20.3, "hardship": 60, "transit_adjacent": false}}, {"type": "Feature", "geometry": {"type": "Point", "coordinates": [-87.7536257556, 41.8802803457]}, "properties": {"name": "ARTIST ROOM CAFE", "address": "5125 W MADISON ST 1ST", "type": "Corner store / food mart", "ca_name": "AUSTIN", "placement_score": 21.0, "need": 21.0, "reach": 1.0, "recent_deaths_400m": 13, "nearest_nax_km": 1.4, "blight_score": 50.4, "hardship": 73, "transit_adjacent": false}}, {"type": "Feature", "geometry": {"type": "Point", "coordinates": [-87.7208789155, 41.8896142444]}, "properties": {"name": "DUB J'S", "address": "459 N HAMLIN AVE", "type": "Corner store / food mart", "ca_name": "HUMBOLDT PARK", "placement_score": 20.9, "need": 20.9, "reach": 1.0, "recent_deaths_400m": 14, "nearest_nax_km": 0.47, "blight_score": 34.9, "hardship": 85, "transit_adjacent": false}}, {"type": "Feature", "geometry": {"type": "Point", "coordinates": [-87.7263534764, 41.9062588709]}, "properties": {"name": "JIMMY'S SANDWICH SHOP", "address": "4000 W GRAND AVE", "type": "Corner store / food mart", "ca_name": "HUMBOLDT PARK", "placement_score": 20.8, "need": 20.8, "reach": 1.0, "recent_deaths_400m": 13, "nearest_nax_km": 0.77, "blight_score": 34.9, "hardship": 85, "transit_adjacent": false}}, {"type": "Feature", "geometry": {"type": "Point", "coordinates": [-87.7150618802, 41.8989726839]}, "properties": {"name": "K & F FOOD CORP", "address": "957 N DRAKE AVE", "type": "Corner store / food mart", "ca_name": "HUMBOLDT PARK", "placement_score": 20.8, "need": 20.8, "reach": 1.0, "recent_deaths_400m": 13, "nearest_nax_km": 0.89, "blight_score": 34.9, "hardship": 85, "transit_adjacent": false}}, {"type": "Feature", "geometry": {"type": "Point", "coordinates": [-87.7287116378, 41.9062834516]}, "properties": {"name": "HAPPY HARRY'S MART", "address": "1401 N KARLOV AVE 1", "type": "Corner store / food mart", "ca_name": "HUMBOLDT PARK", "placement_score": 20.8, "need": 20.8, "reach": 1.0, "recent_deaths_400m": 13, "nearest_nax_km": 0.62, "blight_score": 34.9, "hardship": 85, "transit_adjacent": false}}, {"type": "Feature", "geometry": {"type": "Point", "coordinates": [-87.7224888857, 41.8660991559]}, "properties": {"name": "ZITALIAN BEEFS", "address": "3857 W ROOSEVELT RD", "type": "Corner store / food mart", "ca_name": "NORTH LAWNDALE", "placement_score": 20.7, "need": 20.7, "reach": 1.0, "recent_deaths_400m": 13, "nearest_nax_km": 0.65, "blight_score": 31.5, "hardship": 87, "transit_adjacent": false}}, {"type": "Feature", "geometry": {"type": "Point", "coordinates": [-87.69737609, 41.8666024775]}, "properties": {"name": "LA FOOD MART", "address": "2838 W ROOSEVELT RD 1 1", "type": "Corner store / food mart", "ca_name": "NORTH LAWNDALE", "placement_score": 20.7, "need": 20.7, "reach": 1.0, "recent_deaths_400m": 13, "nearest_nax_km": 0.97, "blight_score": 31.5, "hardship": 87, "transit_adjacent": false}}, {"type": "Feature", "geometry": {"type": "Point", "coordinates": [-87.6849272891, 41.7793493631]}, "properties": {"name": "K & A CENTRAL FOODS", "address": "2432 W 63RD ST 1", "type": "Corner store / food mart", "ca_name": "CHICAGO LAWN", "placement_score": 20.5, "need": 20.5, "reach": 1.0, "recent_deaths_400m": 13, "nearest_nax_km": 1.37, "blight_score": 34.7, "hardship": 80, "transit_adjacent": false}}, {"type": "Feature", "geometry": {"type": "Point", "coordinates": [-87.689964771, 41.7790567459]}, "properties": {"name": "BIG J INC", "address": "2637 W 63RD ST", "type": "Corner store / food mart", "ca_name": "CHICAGO LAWN", "placement_score": 20.5, "need": 20.5, "reach": 1.0, "recent_deaths_400m": 13, "nearest_nax_km": 1.17, "blight_score": 34.7, "hardship": 80, "transit_adjacent": false}}, {"type": "Feature", "geometry": {"type": "Point", "coordinates": [-87.662205789, 41.750262141]}, "properties": {"name": "LAGNIAPPE-A CREOLE CAJUN JOYNT", "address": "1525 W 79TH ST", "type": "Corner store / food mart", "ca_name": "AUBURN GRESHAM", "placement_score": 20.4, "need": 20.4, "reach": 1.0, "recent_deaths_400m": 13, "nearest_nax_km": 1.02, "blight_score": 39.4, "hardship": 74, "transit_adjacent": false}}, {"type": "Feature", "geometry": {"type": "Point", "coordinates": [-87.6992664007, 41.8842482097]}, "properties": {"name": "FALCOZ GROUP", "address": "2908 W LAKE ST", "type": "Corner store / food mart", "ca_name": "EAST GARFIELD PARK", "placement_score": 20.4, "need": 13.6, "reach": 1.5, "recent_deaths_400m": 9, "nearest_nax_km": 0.73, "blight_score": 18.6, "hardship": 83, "transit_adjacent": true}}, {"type": "Feature", "geometry": {"type": "Point", "coordinates": [-87.667417021, 41.7686207456]}, "properties": {"name": "SANDWICH ON THE RUN INC", "address": "1724 W 69TH ST", "type": "Corner store / food mart", "ca_name": "WEST ENGLEWOOD", "placement_score": 20.3, "need": 20.3, "reach": 1.0, "recent_deaths_400m": 11, "nearest_nax_km": 1.17, "blight_score": 80.9, "hardship": 89, "transit_adjacent": false}}, {"type": "Feature", "geometry": {"type": "Point", "coordinates": [-87.6247478005, 41.7649579469]}, "properties": {"name": "CHINA STAR OF CHICAGO, INC.", "address": "7117 S STATE ST 1ST", "type": "Corner store / food mart", "ca_name": "GREATER GRAND CROSSING", "placement_score": 20.3, "need": 13.5, "reach": 1.5, "recent_deaths_400m": 9, "nearest_nax_km": 1.52, "blight_score": 35.0, "hardship": 66, "transit_adjacent": true}}, {"type": "Feature", "geometry": {"type": "Point", "coordinates": [-87.6268248335, 41.7655526165]}, "properties": {"name": "DELLS CONVENIENCE STORE", "address": "50 W 71ST ST  1", "type": "Corner store / food mart", "ca_name": "GREATER GRAND CROSSING", "placement_score": 20.3, "need": 13.5, "reach": 1.5, "recent_deaths_400m": 9, "nearest_nax_km": 1.41, "blight_score": 35.0, "hardship": 66, "transit_adjacent": true}}, {"type": "Feature", "geometry": {"type": "Point", "coordinates": [-87.6688693606, 41.7665828386]}, "properties": {"name": "LOGGINS NEIGH GROCERY", "address": "7000 S WOOD ST 1ST", "type": "Corner store / food mart", "ca_name": "WEST ENGLEWOOD", "placement_score": 20.3, "need": 20.3, "reach": 1.0, "recent_deaths_400m": 11, "nearest_nax_km": 1.3, "blight_score": 80.9, "hardship": 89, "transit_adjacent": false}}, {"type": "Feature", "geometry": {"type": "Point", "coordinates": [-87.6233696168, 41.7654303895]}, "properties": {"name": "SUBWAY SANDWICHES", "address": "33 E 71ST ST", "type": "Corner store / food mart", "ca_name": "GREATER GRAND CROSSING", "placement_score": 20.3, "need": 13.5, "reach": 1.5, "recent_deaths_400m": 9, "nearest_nax_km": 1.52, "blight_score": 35.0, "hardship": 66, "transit_adjacent": true}}, {"type": "Feature", "geometry": {"type": "Point", "coordinates": [-87.5666705373, 41.7689605201]}, "properties": {"name": "THE HOUSE OF BING", "address": "6930 S SOUTH SHORE DR  1", "type": "Corner store / food mart", "ca_name": "SOUTH SHORE", "placement_score": 19.7, "need": 19.7, "reach": 1.0, "recent_deaths_400m": 14, "nearest_nax_km": 0.76, "blight_score": 26.8, "hardship": 55, "transit_adjacent": false}}, {"type": "Feature", "geometry": {"type": "Point", "coordinates": [-87.5864428015, 41.7726629333]}, "properties": {"name": "SEE THRU CHINESE KITCHEN", "address": "6720 S STONY ISLAND AVE 1ST D", "type": "Corner store / food mart", "ca_name": "SOUTH SHORE", "placement_score": 19.7, "need": 19.7, "reach": 1.0, "recent_deaths_400m": 14, "nearest_nax_km": 1.61, "blight_score": 26.8, "hardship": 55, "transit_adjacent": false}}, {"type": "Feature", "geometry": {"type": "Point", "coordinates": [-87.5820693202, 41.7659095096]}, "properties": {"name": "KNIT & NATS", "address": "1741 E 71ST ST", "type": "Corner store / food mart", "ca_name": "SOUTH SHORE", "placement_score": 19.7, "need": 19.7, "reach": 1.0, "recent_deaths_400m": 14, "nearest_nax_km": 1.56, "blight_score": 26.8, "hardship": 55, "transit_adjacent": false}}, {"type": "Feature", "geometry": {"type": "Point", "coordinates": [-87.7246325281, 41.8808508399]}, "properties": {"name": "FOOD MART & TOBACCO", "address": "3952 W MADISON ST 1ST A", "type": "Corner store / food mart", "ca_name": "WEST GARFIELD PARK", "placement_score": 19.7, "need": 19.7, "reach": 1.0, "recent_deaths_400m": 39, "nearest_nax_km": 0.16, "blight_score": 24.7, "hardship": 92, "transit_adjacent": false}}, {"type": "Feature", "geometry": {"type": "Point", "coordinates": [-87.7062893664, 41.8701670594]}, "properties": {"name": "Eurest Dining Services @ Safer Foundation", "address": "3210 W ARTHINGTON ST 1ST", "type": "Corner store / food mart", "ca_name": "EAST GARFIELD PARK", "placement_score": 19.6, "need": 19.6, "reach": 1.0, "recent_deaths_400m": 13, "nearest_nax_km": 0.72, "blight_score": 18.6, "hardship": 83, "transit_adjacent": false}}, {"type": "Feature", "geometry": {"type": "Point", "coordinates": [-87.6299482549, 41.6853450491]}, "properties": {"name": "PRINCETON FOODS", "address": "256 W 115TH ST", "type": "Corner store / food mart", "ca_name": "ROSELAND", "placement_score": 19.6, "need": 19.6, "reach": 1.0, "recent_deaths_400m": 13, "nearest_nax_km": 1.02, "blight_score": 48.9, "hardship": 52, "transit_adjacent": false}}, {"type": "Feature", "geometry": {"type": "Point", "coordinates": [-87.6278037827, 41.6944596143]}, "properties": {"name": "HAYDEN PRODUCE & VARITIES", "address": "10957 S WENTWORTH AVE  1ST", "type": "Corner store / food mart", "ca_name": "ROSELAND", "placement_score": 19.6, "need": 19.6, "reach": 1.0, "recent_deaths_400m": 13, "nearest_nax_km": 0.82, "blight_score": 48.9, "hardship": 52, "transit_adjacent": false}}, {"type": "Feature", "geometry": {"type": "Point", "coordinates": [-87.6156205465, 41.7739604665]}, "properties": {"name": "JAY'S SNACKS, INC.", "address": "6626 S DR MARTIN LUTHER KING JR DR", "type": "Corner store / food mart", "ca_name": "GREATER GRAND CROSSING", "placement_score": 19.6, "need": 19.6, "reach": 1.0, "recent_deaths_400m": 13, "nearest_nax_km": 1.0, "blight_score": 35.0, "hardship": 66, "transit_adjacent": false}}, {"type": "Feature", "geometry": {"type": "Point", "coordinates": [-87.7644007678, 41.8949696918]}, "properties": {"name": "DOLLAR GENERAL STORE # 15873", "address": "5518 W CHICAGO AVE 1ST", "type": "Corner store / food mart", "ca_name": "AUSTIN", "placement_score": 19.4, "need": 19.4, "reach": 1.0, "recent_deaths_400m": 12, "nearest_nax_km": 0.67, "blight_score": 50.4, "hardship": 73, "transit_adjacent": false}}, {"type": "Feature", "geometry": {"type": "Point", "coordinates": [-87.7611137018, 41.8949961446]}, "properties": {"name": "FAMILY DOLLAR #2458", "address": "5410 W CHICAGO AVE 1 #", "type": "Corner store / food mart", "ca_name": "AUSTIN", "placement_score": 19.4, "need": 19.4, "reach": 1.0, "recent_deaths_400m": 12, "nearest_nax_km": 0.77, "blight_score": 50.4, "hardship": 73, "transit_adjacent": false}}, {"type": "Feature", "geometry": {"type": "Point", "coordinates": [-87.7660626259, 41.8949533583]}, "properties": {"name": "HAPPY DOG AVENUE", "address": "5614 W CHICAGO AVE 1", "type": "Corner store / food mart", "ca_name": "AUSTIN", "placement_score": 19.4, "need": 19.4, "reach": 1.0, "recent_deaths_400m": 12, "nearest_nax_km": 0.66, "blight_score": 50.4, "hardship": 73, "transit_adjacent": false}}, {"type": "Feature", "geometry": {"type": "Point", "coordinates": [-87.749670706, 41.9096894774]}, "properties": {"name": "Burger King #332", "address": "4910 W NORTH AVE", "type": "Corner store / food mart", "ca_name": "AUSTIN", "placement_score": 19.4, "need": 19.4, "reach": 1.0, "recent_deaths_400m": 12, "nearest_nax_km": 0.85, "blight_score": 50.4, "hardship": 73, "transit_adjacent": false}}, {"type": "Feature", "geometry": {"type": "Point", "coordinates": [-87.7552161964, 41.8884931105]}, "properties": {"name": "BY THE HAND - AUSTIN HARVEST (FORMERLY CALLED KIDS CLUB NORTH AMERICA)", "address": "423 N LARAMIE AVE", "type": "Corner store / food mart", "ca_name": "AUSTIN", "placement_score": 19.4, "need": 12.9, "reach": 1.5, "recent_deaths_400m": 8, "nearest_nax_km": 0.88, "blight_score": 50.4, "hardship": 73, "transit_adjacent": true}}, {"type": "Feature", "geometry": {"type": "Point", "coordinates": [-87.7259651411, 41.8662705059]}, "properties": {"name": "SAWWII INC", "address": "4020 W ROOSEVELT RD", "type": "Corner store / food mart", "ca_name": "NORTH LAWNDALE", "placement_score": 19.3, "need": 19.3, "reach": 1.0, "recent_deaths_400m": 17, "nearest_nax_km": 0.36, "blight_score": 31.5, "hardship": 87, "transit_adjacent": false}}, {"type": "Feature", "geometry": {"type": "Point", "coordinates": [-87.7263146582, 41.9079296218]}, "properties": {"name": "Swan Grill", "address": "1463 N PULASKI RD 1", "type": "Corner store / food mart", "ca_name": "HUMBOLDT PARK", "placement_score": 19.2, "need": 19.2, "reach": 1.0, "recent_deaths_400m": 12, "nearest_nax_km": 0.69, "blight_score": 34.9, "hardship": 85, "transit_adjacent": false}}, {"type": "Feature", "geometry": {"type": "Point", "coordinates": [-87.7266341469, 41.909107755]}, "properties": {"name": "SHOP 4 LESS", "address": "1532-1534 N PULASKI RD 1", "type": "Corner store / food mart", "ca_name": "HUMBOLDT PARK", "placement_score": 19.2, "need": 19.2, "reach": 1.0, "recent_deaths_400m": 12, "nearest_nax_km": 0.63, "blight_score": 34.9, "hardship": 85, "transit_adjacent": false}}, {"type": "Feature", "geometry": {"type": "Point", "coordinates": [-87.7313510556, 41.9026986955]}, "properties": {"name": "UNION FOOD MARKET, INC.", "address": "4200 W DIVISION ST 1ST", "type": "Corner store / food mart", "ca_name": "HUMBOLDT PARK", "placement_score": 19.2, "need": 19.2, "reach": 1.0, "recent_deaths_400m": 12, "nearest_nax_km": 0.86, "blight_score": 34.9, "hardship": 85, "transit_adjacent": false}}, {"type": "Feature", "geometry": {"type": "Point", "coordinates": [-87.724957696, 41.853668536]}, "properties": {"name": "BLUE LINE FAST FOOD INC", "address": "2020 S PULASKI RD", "type": "Corner store / food mart", "ca_name": "NORTH LAWNDALE", "placement_score": 19.1, "need": 12.7, "reach": 1.5, "recent_deaths_400m": 8, "nearest_nax_km": 0.73, "blight_score": 31.5, "hardship": 87, "transit_adjacent": true}}, {"type": "Feature", "geometry": {"type": "Point", "coordinates": [-87.6996267109, 41.7789146959]}, "properties": {"name": "ADVANCED PETROLEUM", "address": "3035-3041 W 63RD ST 1ST", "type": "Corner store / food mart", "ca_name": "CHICAGO LAWN", "placement_score": 19.1, "need": 19.1, "reach": 1.0, "recent_deaths_400m": 13, "nearest_nax_km": 0.47, "blight_score": 34.7, "hardship": 80, "transit_adjacent": false}}, {"type": "Feature", "geometry": {"type": "Point", "coordinates": [-87.7341525963, 41.8512947373]}, "properties": {"name": "AMOCO", "address": "4351-4353 W CERMAK RD 1ST", "type": "Corner store / food mart", "ca_name": "NORTH LAWNDALE", "placement_score": 19.1, "need": 12.7, "reach": 1.5, "recent_deaths_400m": 8, "nearest_nax_km": 0.89, "blight_score": 31.5, "hardship": 87, "transit_adjacent": true}}, {"type": "Feature", "geometry": {"type": "Point", "coordinates": [-87.7124015624, 41.8552659092]}, "properties": {"name": "PLAZA FOOD & LIQUOR", "address": "3459 W OGDEN AVE  1", "type": "Corner store / food mart", "ca_name": "NORTH LAWNDALE", "placement_score": 19.1, "need": 12.7, "reach": 1.5, "recent_deaths_400m": 16, "nearest_nax_km": 0.25, "blight_score": 31.5, "hardship": 87, "transit_adjacent": true}}, {"type": "Feature", "geometry": {"type": "Point", "coordinates": [-87.7104899613, 41.869314965]}, "properties": {"name": "DRW College Prep", "address": "931 S HOMAN AVE 1", "type": "Corner store / food mart", "ca_name": "NORTH LAWNDALE", "placement_score": 19.1, "need": 19.1, "reach": 1.0, "recent_deaths_400m": 12, "nearest_nax_km": 0.55, "blight_score": 31.5, "hardship": 87, "transit_adjacent": false}}, {"type": "Feature", "geometry": {"type": "Point", "coordinates": [-87.705555636, 41.8580532553]}, "properties": {"name": "OTIS HUNTER", "address": "3200 W OGDEN AVE", "type": "Corner store / food mart", "ca_name": "NORTH LAWNDALE", "placement_score": 19.1, "need": 19.1, "reach": 1.0, "recent_deaths_400m": 12, "nearest_nax_km": 0.8, "blight_score": 31.5, "hardship": 87, "transit_adjacent": false}}, {"type": "Feature", "geometry": {"type": "Point", "coordinates": [-87.6960666832, 41.8671261122]}, "properties": {"name": "TREAT YOURSELF LLC", "address": "1138 S CALIFORNIA AVE", "type": "Corner store / food mart", "ca_name": "NORTH LAWNDALE", "placement_score": 19.1, "need": 19.1, "reach": 1.0, "recent_deaths_400m": 12, "nearest_nax_km": 0.86, "blight_score": 31.5, "hardship": 87, "transit_adjacent": false}}, {"type": "Feature", "geometry": {"type": "Point", "coordinates": [-87.7353755712, 41.8738973216]}, "properties": {"name": "BUFFALO SAM", "address": "508 S KOSTNER AVE STOREFRONT", "type": "Corner store / food mart", "ca_name": "WEST GARFIELD PARK", "placement_score": 19.0, "need": 19.0, "reach": 1.0, "recent_deaths_400m": 12, "nearest_nax_km": 0.95, "blight_score": 24.7, "hardship": 92, "transit_adjacent": false}}, {"type": "Feature", "geometry": {"type": "Point", "coordinates": [-87.6834591156, 41.7778692637]}, "properties": {"name": "ARTISON AND CO", "address": "6343 S WESTERN AVE 1ST", "type": "Corner store / food mart", "ca_name": "CHICAGO LAWN", "placement_score": 18.9, "need": 18.9, "reach": 1.0, "recent_deaths_400m": 12, "nearest_nax_km": 1.25, "blight_score": 34.7, "hardship": 80, "transit_adjacent": false}}, {"type": "Feature", "geometry": {"type": "Point", "coordinates": [-87.6835273504, 41.7697182668]}, "properties": {"name": "CHOP SUEY WOK", "address": "6812 S WESTERN AVE 1ST", "type": "Corner store / food mart", "ca_name": "CHICAGO LAWN", "placement_score": 18.9, "need": 18.9, "reach": 1.0, "recent_deaths_400m": 12, "nearest_nax_km": 1.63, "blight_score": 34.7, "hardship": 80, "transit_adjacent": false}}, {"type": "Feature", "geometry": {"type": "Point", "coordinates": [-87.6682288516, 41.7501833076]}, "properties": {"name": "VILLAGE FOOD MARKET INC.", "address": "1759 W 79TH ST 1ST", "type": "Corner store / food mart", "ca_name": "AUBURN GRESHAM", "placement_score": 18.8, "need": 18.8, "reach": 1.0, "recent_deaths_400m": 12, "nearest_nax_km": 1.4, "blight_score": 39.4, "hardship": 74, "transit_adjacent": false}}, {"type": "Feature", "geometry": {"type": "Point", "coordinates": [-87.6635096837, 41.7474785068]}, "properties": {"name": "RAKAN DOLLAR & UP", "address": "8034 S ASHLAND AVE", "type": "Corner store / food mart", "ca_name": "AUBURN GRESHAM", "placement_score": 18.8, "need": 18.8, "reach": 1.0, "recent_deaths_400m": 12, "nearest_nax_km": 1.34, "blight_score": 39.4, "hardship": 74, "transit_adjacent": false}}, {"type": "Feature", "geometry": {"type": "Point", "coordinates": [-87.6691958081, 41.7902434179]}, "properties": {"name": "SOUTHWOOD", "address": "5701 S WOOD ST 1ST", "type": "Corner store / food mart", "ca_name": "WEST ENGLEWOOD", "placement_score": 18.5, "need": 18.5, "reach": 1.0, "recent_deaths_400m": 10, "nearest_nax_km": 1.24, "blight_score": 80.9, "hardship": 89, "transit_adjacent": false}}, {"type": "Feature", "geometry": {"type": "Point", "coordinates": [-87.6546512846, 41.7797169766]}, "properties": {"name": "VERTIS LINDSEY", "address": "1202 W 63RD ST 1ST", "type": "Corner store / food mart", "ca_name": "WEST ENGLEWOOD", "placement_score": 18.5, "need": 18.5, "reach": 1.0, "recent_deaths_400m": 10, "nearest_nax_km": 1.1, "blight_score": 80.9, "hardship": 89, "transit_adjacent": false}}, {"type": "Feature", "geometry": {"type": "Point", "coordinates": [-87.6674868455, 41.7712681318]}, "properties": {"name": "DELIGHT", "address": "6729 S HERMITAGE AVE", "type": "Corner store / food mart", "ca_name": "WEST ENGLEWOOD", "placement_score": 18.5, "need": 18.5, "reach": 1.0, "recent_deaths_400m": 10, "nearest_nax_km": 0.87, "blight_score": 80.9, "hardship": 89, "transit_adjacent": false}}, {"type": "Feature", "geometry": {"type": "Point", "coordinates": [-87.7295654406, 41.854372897]}, "properties": {"name": "KEELER FOOD", "address": "1945 S KEELER AVE 1ST", "type": "Tobacco / vape", "ca_name": "NORTH LAWNDALE", "placement_score": 18.4, "need": 17.5, "reach": 1.05, "recent_deaths_400m": 11, "nearest_nax_km": 0.89, "blight_score": 31.5, "hardship": 87, "transit_adjacent": true}}, {"type": "Feature", "geometry": {"type": "Point", "coordinates": [-87.6247659397, 41.7678312792]}, "properties": {"name": "A&G WHOLESALE FOODS LIQUORS", "address": "6945 S STATE ST 1ST", "type": "Liquor / package goods", "ca_name": "GREATER GRAND CROSSING", "placement_score": 18.3, "need": 13.5, "reach": 1.35, "recent_deaths_400m": 9, "nearest_nax_km": 1.23, "blight_score": 35.0, "hardship": 66, "transit_adjacent": true}}, {"type": "Feature", "geometry": {"type": "Point", "coordinates": [-87.5668021239, 41.751830033]}, "properties": {"name": "FAMILY DOLLAR STORE #6542", "address": "2346 E 79TH ST", "type": "Corner store / food mart", "ca_name": "SOUTH SHORE", "placement_score": 18.3, "need": 18.3, "reach": 1.0, "recent_deaths_400m": 13, "nearest_nax_km": 1.21, "blight_score": 26.8, "hardship": 55, "transit_adjacent": false}}, {"type": "Feature", "geometry": {"type": "Point", "coordinates": [-87.5515970511, 41.7524502136]}, "properties": {"name": "FAMILY FOOD MART", "address": "3024 E CHELTENHAM PL", "type": "Corner store / food mart", "ca_name": "SOUTH SHORE", "placement_score": 18.3, "need": 18.3, "reach": 1.0, "recent_deaths_400m": 13, "nearest_nax_km": 1.5, "blight_score": 26.8, "hardship": 55, "transit_adjacent": false}}, {"type": "Feature", "geometry": {"type": "Point", "coordinates": [-87.5567978242, 41.7581916155]}, "properties": {"name": "COLES GROCERY & DOLLAR INC.", "address": "2800 E 76TH ST 1ST", "type": "Corner store / food mart", "ca_name": "SOUTH SHORE", "placement_score": 18.3, "need": 18.3, "reach": 1.0, "recent_deaths_400m": 13, "nearest_nax_km": 0.74, "blight_score": 26.8, "hardship": 55, "transit_adjacent": false}}, {"type": "Feature", "geometry": {"type": "Point", "coordinates": [-87.6614409459, 41.7721209155]}, "properties": {"name": "J FAMILY ENTERPRISES INC", "address": "1457 W MARQUETTE RD", "type": "Liquor / package goods", "ca_name": "WEST ENGLEWOOD", "placement_score": 18.3, "need": 20.3, "reach": 0.9, "recent_deaths_400m": 11, "nearest_nax_km": 0.78, "blight_score": 80.9, "hardship": 89, "transit_adjacent": false}}, {"type": "Feature", "geometry": {"type": "Point", "coordinates": [-87.554134275, 41.7538135116]}, "properties": {"name": "FIRST SHOP FOOD MARKET INC.", "address": "7783 S EXCHANGE AVE 1ST", "type": "Corner store / food mart", "ca_name": "SOUTH SHORE", "placement_score": 18.3, "need": 18.3, "reach": 1.0, "recent_deaths_400m": 13, "nearest_nax_km": 1.25, "blight_score": 26.8, "hardship": 55, "transit_adjacent": false}}, {"type": "Feature", "geometry": {"type": "Point", "coordinates": [-87.604836752, 41.7422646307]}, "properties": {"name": "BABA'S GRILL", "address": "8357 S COTTAGE GROVE AVE  UNIT C", "type": "Corner store / food mart", "ca_name": "CHATHAM", "placement_score": 18.2, "need": 18.2, "reach": 1.0, "recent_deaths_400m": 13, "nearest_nax_km": 1.25, "blight_score": 20.3, "hardship": 60, "transit_adjacent": false}}, {"type": "Feature", "geometry": {"type": "Point", "coordinates": [-87.7247752232, 41.8509579594]}, "properties": {"name": "SANCHEZ TACOS", "address": "4001 W OGDEN AVE", "type": "Corner store / food mart", "ca_name": "NORTH LAWNDALE", "placement_score": 18.2, "need": 12.2, "reach": 1.5, "recent_deaths_400m": 9, "nearest_nax_km": 0.42, "blight_score": 31.5, "hardship": 87, "transit_adjacent": true}}, {"type": "Feature", "geometry": {"type": "Point", "coordinates": [-87.6134068442, 41.7585488825]}, "properties": {"name": "CANNONS JERK", "address": "442 E 75TH ST GROUND", "type": "Corner store / food mart", "ca_name": "GREATER GRAND CROSSING", "placement_score": 18.1, "need": 18.1, "reach": 1.0, "recent_deaths_400m": 12, "nearest_nax_km": 0.86, "blight_score": 35.0, "hardship": 66, "transit_adjacent": false}}, {"type": "Feature", "geometry": {"type": "Point", "coordinates": [-87.658083825, 41.7717920436]}, "properties": {"name": "EFFIE BONNER", "address": "6714 S ADA ST", "type": "Tobacco / vape", "ca_name": "WEST ENGLEWOOD", "placement_score": 18.1, "need": 25.9, "reach": 0.7, "recent_deaths_400m": 14, "nearest_nax_km": 0.54, "blight_score": 80.9, "hardship": 89, "transit_adjacent": false}}, {"type": "Feature", "geometry": {"type": "Point", "coordinates": [-87.7552960622, 41.8824765788]}, "properties": {"name": "PHILLY STEAK & LEMONADE", "address": "5202 W WASHINGTON BLVD", "type": "Corner store / food mart", "ca_name": "AUSTIN", "placement_score": 17.8, "need": 17.8, "reach": 1.0, "recent_deaths_400m": 11, "nearest_nax_km": 1.14, "blight_score": 50.4, "hardship": 73, "transit_adjacent": false}}, {"type": "Feature", "geometry": {"type": "Point", "coordinates": [-87.7549557129, 41.873123413]}, "properties": {"name": "C & P FRIED RICE 2", "address": "524 S LARAMIE AVE", "type": "Corner store / food mart", "ca_name": "AUSTIN", "placement_score": 17.8, "need": 17.8, "reach": 1.0, "recent_deaths_400m": 11, "nearest_nax_km": 1.37, "blight_score": 50.4, "hardship": 73, "transit_adjacent": false}}, {"type": "Feature", "geometry": {"type": "Point", "coordinates": [-87.7668456481, 41.8973682051]}, "properties": {"name": "GATE'S GROCERY", "address": "922 N PARKSIDE AVE 1ST", "type": "Corner store / food mart", "ca_name": "AUSTIN", "placement_score": 17.8, "need": 17.8, "reach": 1.0, "recent_deaths_400m": 11, "nearest_nax_km": 0.93, "blight_score": 50.4, "hardship": 73, "transit_adjacent": false}}, {"type": "Feature", "geometry": {"type": "Point", "coordinates": [-87.7681668506, 41.894704807]}, "properties": {"name": "FORTY ACRES FRESH MARKET LLC", "address": "5705-5715 W CHICAGO AVE", "type": "Corner store / food mart", "ca_name": "AUSTIN", "placement_score": 17.8, "need": 17.8, "reach": 1.0, "recent_deaths_400m": 11, "nearest_nax_km": 0.66, "blight_score": 50.4, "hardship": 73, "transit_adjacent": false}}, {"type": "Feature", "geometry": {"type": "Point", "coordinates": [-87.7280287331, 41.8954413081]}, "properties": {"name": "JOE'S WHOLESALE", "address": "4048 W CHICAGO AVE", "type": "Corner store / food mart", "ca_name": "HUMBOLDT PARK", "placement_score": 17.6, "need": 17.6, "reach": 1.0, "recent_deaths_400m": 11, "nearest_nax_km": 1.08, "blight_score": 34.9, "hardship": 85, "transit_adjacent": false}}, {"type": "Feature", "geometry": {"type": "Point", "coordinates": [-87.721244898, 41.903983207]}, "properties": {"name": "BELLA VITA PIZZARIA", "address": "3737 W GRAND AVE 1ST", "type": "Corner store / food mart", "ca_name": "HUMBOLDT PARK", "placement_score": 17.6, "need": 17.6, "reach": 1.0, "recent_deaths_400m": 11, "nearest_nax_km": 1.27, "blight_score": 34.9, "hardship": 85, "transit_adjacent": false}}, {"type": "Feature", "geometry": {"type": "Point", "coordinates": [-87.7145822985, 41.901336645]}, "properties": {"name": "THE HEARTY BOYS CATERERS, INC.", "address": "3525 W GRAND AVE 1", "type": "Corner store / food mart", "ca_name": "HUMBOLDT PARK", "placement_score": 17.6, "need": 17.6, "reach": 1.0, "recent_deaths_400m": 11, "nearest_nax_km": 1.04, "blight_score": 34.9, "hardship": 85, "transit_adjacent": false}}, {"type": "Feature", "geometry": {"type": "Point", "coordinates": [-87.7188432975, 41.9025445016]}, "properties": {"name": "CAMACHO RESTAURANT", "address": "1155 N LAWNDALE AVE 1ST", "type": "Corner store / food mart", "ca_name": "HUMBOLDT PARK", "placement_score": 17.6, "need": 17.6, "reach": 1.0, "recent_deaths_400m": 11, "nearest_nax_km": 1.38, "blight_score": 34.9, "hardship": 85, "transit_adjacent": false}}, {"type": "Feature", "geometry": {"type": "Point", "coordinates": [-87.7308171183, 41.8838944926]}, "properties": {"name": "M & K FOODS", "address": "216 N KEELER AVE", "type": "Corner store / food mart", "ca_name": "WEST GARFIELD PARK", "placement_score": 17.6, "need": 17.6, "reach": 1.0, "recent_deaths_400m": 12, "nearest_nax_km": 0.46, "blight_score": 24.7, "hardship": 92, "transit_adjacent": false}}, {"type": "Feature", "geometry": {"type": "Point", "coordinates": [-87.6232492653, 41.6925370419]}, "properties": {"name": "AB STATE PETROLEUM, INC.", "address": "11100 S STATE ST", "type": "Gas / filling station", "ca_name": "ROSELAND", "placement_score": 17.5, "need": 17.5, "reach": 1.0, "recent_deaths_400m": 12, "nearest_nax_km": 0.49, "blight_score": 48.9, "hardship": 52, "transit_adjacent": false}}, {"type": "Feature", "geometry": {"type": "Point", "coordinates": [-87.710898608, 41.882211292]}, "properties": {"name": "FALCON FUEL", "address": "43-57 N HOMAN BLVD 1ST", "type": "Corner store / food mart", "ca_name": "EAST GARFIELD PARK", "placement_score": 17.4, "need": 17.4, "reach": 1.0, "recent_deaths_400m": 14, "nearest_nax_km": 0.41, "blight_score": 18.6, "hardship": 83, "transit_adjacent": false}}, {"type": "Feature", "geometry": {"type": "Point", "coordinates": [-87.7054739489, 41.864785417]}, "properties": {"name": "N & S MARKET", "address": "1253 S KEDZIE AVE 1 1", "type": "Corner store / food mart", "ca_name": "NORTH LAWNDALE", "placement_score": 17.4, "need": 17.4, "reach": 1.0, "recent_deaths_400m": 14, "nearest_nax_km": 0.39, "blight_score": 31.5, "hardship": 87, "transit_adjacent": false}}, {"type": "Feature", "geometry": {"type": "Point", "coordinates": [-87.6834869571, 41.7682384769]}, "properties": {"name": "PETIE BOYS SNACK SHOP", "address": "6900 S WESTERN AVE", "type": "Corner store / food mart", "ca_name": "CHICAGO LAWN", "placement_score": 17.3, "need": 17.3, "reach": 1.0, "recent_deaths_400m": 11, "nearest_nax_km": 1.73, "blight_score": 34.7, "hardship": 80, "transit_adjacent": false}}, {"type": "Feature", "geometry": {"type": "Point", "coordinates": [-87.6834861063, 41.7790079633]}, "properties": {"name": "FAMILY DOLLAR  # 5195", "address": "6305 S WESTERN AVE 1ST", "type": "Corner store / food mart", "ca_name": "CHICAGO LAWN", "placement_score": 17.3, "need": 17.3, "reach": 1.0, "recent_deaths_400m": 11, "nearest_nax_km": 1.25, "blight_score": 34.7, "hardship": 80, "transit_adjacent": false}}, {"type": "Feature", "geometry": {"type": "Point", "coordinates": [-87.7029501764, 41.7771915755]}, "properties": {"name": "GOLDEN FOOD MART INC", "address": "6359 S KEDZIE AVE", "type": "Corner store / food mart", "ca_name": "CHICAGO LAWN", "placement_score": 17.3, "need": 17.3, "reach": 1.0, "recent_deaths_400m": 11, "nearest_nax_km": 0.53, "blight_score": 34.7, "hardship": 80, "transit_adjacent": false}}, {"type": "Feature", "geometry": {"type": "Point", "coordinates": [-87.6631783246, 41.7458912726]}, "properties": {"name": "MORRISON'S RESTAURANT", "address": "8127 S ASHLAND AVE 1ST", "type": "Corner store / food mart", "ca_name": "AUBURN GRESHAM", "placement_score": 17.2, "need": 17.2, "reach": 1.0, "recent_deaths_400m": 11, "nearest_nax_km": 1.47, "blight_score": 39.4, "hardship": 74, "transit_adjacent": false}}, {"type": "Feature", "geometry": {"type": "Point", "coordinates": [-87.7506665862, 41.8985236245]}, "properties": {"name": "NOAH IMPORT & EXPORT", "address": "4959 W AUGUSTA BLVD", "type": "Corner store / food mart", "ca_name": "AUSTIN", "placement_score": 17.0, "need": 17.0, "reach": 1.0, "recent_deaths_400m": 13, "nearest_nax_km": 0.41, "blight_score": 50.4, "hardship": 73, "transit_adjacent": false}}, {"type": "Feature", "geometry": {"type": "Point", "coordinates": [-87.7566045583, 41.8871565048]}, "properties": {"name": "CHUBBY'S BEEF", "address": "5235 W LAKE ST 1ST", "type": "Corner store / food mart", "ca_name": "AUSTIN", "placement_score": 17.0, "need": 11.3, "reach": 1.5, "recent_deaths_400m": 7, "nearest_nax_km": 0.79, "blight_score": 50.4, "hardship": 73, "transit_adjacent": true}}, {"type": "Feature", "geometry": {"type": "Point", "coordinates": [-87.7659319607, 41.8870996066]}, "properties": {"name": "MABA AFRICAN HAIR BRAIDING", "address": "5619 W CORCORAN PL 1", "type": "Barbershop / salon", "ca_name": "AUSTIN", "placement_score": 16.9, "need": 18.8, "reach": 0.9, "recent_deaths_400m": 27, "nearest_nax_km": 0.22, "blight_score": 50.4, "hardship": 73, "transit_adjacent": true}}, {"type": "Feature", "geometry": {"type": "Point", "coordinates": [-87.5559606254, 41.7555086585]}, "properties": {"name": "FAIR EXCHANGE", "address": "7701 S EXCHANGE AVE", "type": "Corner store / food mart", "ca_name": "SOUTH SHORE", "placement_score": 16.9, "need": 16.9, "reach": 1.0, "recent_deaths_400m": 12, "nearest_nax_km": 1.01, "blight_score": 26.8, "hardship": 55, "transit_adjacent": false}}, {"type": "Feature", "geometry": {"type": "Point", "coordinates": [-87.7249964832, 41.8549831324]}, "properties": {"name": "AMSTAR FUEL & MINI MART", "address": "1900 S PULASKI RD 1ST", "type": "Corner store / food mart", "ca_name": "NORTH LAWNDALE", "placement_score": 16.7, "need": 11.1, "reach": 1.5, "recent_deaths_400m": 7, "nearest_nax_km": 0.84, "blight_score": 31.5, "hardship": 87, "transit_adjacent": true}}, {"type": "Feature", "geometry": {"type": "Point", "coordinates": [-87.7228218577, 41.8642809056]}, "properties": {"name": "J & R FOODS", "address": "1300 S SPRINGFIELD AVE", "type": "Tobacco / vape", "ca_name": "NORTH LAWNDALE", "placement_score": 16.7, "need": 23.9, "reach": 0.7, "recent_deaths_400m": 15, "nearest_nax_km": 0.65, "blight_score": 31.5, "hardship": 87, "transit_adjacent": false}}, {"type": "Feature", "geometry": {"type": "Point", "coordinates": [-87.6646375512, 41.793554363]}, "properties": {"name": "Ike's Liquors", "address": "1601 W GARFIELD BLVD", "type": "Corner store / food mart", "ca_name": "WEST ENGLEWOOD", "placement_score": 16.6, "need": 16.6, "reach": 1.0, "recent_deaths_400m": 9, "nearest_nax_km": 0.8, "blight_score": 80.9, "hardship": 89, "transit_adjacent": false}}, {"type": "Feature", "geometry": {"type": "Point", "coordinates": [-87.6743394384, 41.7901783203]}, "properties": {"name": "FATHER & SON FOOD MART, INC.", "address": "5700 S DAMEN AVE", "type": "Corner store / food mart", "ca_name": "WEST ENGLEWOOD", "placement_score": 16.6, "need": 16.6, "reach": 1.0, "recent_deaths_400m": 9, "nearest_nax_km": 1.33, "blight_score": 80.9, "hardship": 89, "transit_adjacent": false}}, {"type": "Feature", "geometry": {"type": "Point", "coordinates": [-87.6606026418, 41.7832709325]}, "properties": {"name": "TAYLOR'S MARKET", "address": "1424 W 61ST ST 1ST", "type": "Corner store / food mart", "ca_name": "WEST ENGLEWOOD", "placement_score": 16.6, "need": 16.6, "reach": 1.0, "recent_deaths_400m": 9, "nearest_nax_km": 0.8, "blight_score": 80.9, "hardship": 89, "transit_adjacent": false}}, {"type": "Feature", "geometry": {"type": "Point", "coordinates": [-87.6768293994, 41.7921379071]}, "properties": {"name": "ENGLEWOOD FOOD MART, INC.", "address": "5544 S HOYNE AVE 1", "type": "Corner store / food mart", "ca_name": "WEST ENGLEWOOD", "placement_score": 16.6, "need": 16.6, "reach": 1.0, "recent_deaths_400m": 9, "nearest_nax_km": 1.45, "blight_score": 80.9, "hardship": 89, "transit_adjacent": false}}, {"type": "Feature", "geometry": {"type": "Point", "coordinates": [-87.7131575942, 41.8807805506]}, "properties": {"name": "SPECIAL O'CAJUN RESTAURANT & CATERING", "address": "3451 W MADISON ST", "type": "Corner store / food mart", "ca_name": "EAST GARFIELD PARK", "placement_score": 16.6, "need": 16.6, "reach": 1.0, "recent_deaths_400m": 11, "nearest_nax_km": 0.55, "blight_score": 18.6, "hardship": 83, "transit_adjacent": false}}, {"type": "Feature", "geometry": {"type": "Point", "coordinates": [-87.605212842, 41.7572465157]}, "properties": {"name": "ARABIC TEMPLE #44 INC", "address": "7545-7547 S COTTAGE GROVE AVE 1ST", "type": "Corner store / food mart", "ca_name": "GREATER GRAND CROSSING", "placement_score": 16.6, "need": 16.6, "reach": 1.0, "recent_deaths_400m": 11, "nearest_nax_km": 0.71, "blight_score": 35.0, "hardship": 66, "transit_adjacent": false}}, {"type": "Feature", "geometry": {"type": "Point", "coordinates": [-87.7124878054, 41.891942637]}, "properties": {"name": "STEVE FOOD MARKET", "address": "3424 W OHIO ST 1 1", "type": "Corner store / food mart", "ca_name": "HUMBOLDT PARK", "placement_score": 16.5, "need": 16.5, "reach": 1.0, "recent_deaths_400m": 14, "nearest_nax_km": 0.37, "blight_score": 34.9, "hardship": 85, "transit_adjacent": false}}, {"type": "Feature", "geometry": {"type": "Point", "coordinates": [-87.6131888961, 41.7838193034]}, "properties": {"name": "EXQUISITE CATERING & EVENTS LLC", "address": "501 E 61ST ST  1ST", "type": "Corner store / food mart", "ca_name": "WOODLAWN", "placement_score": 16.5, "need": 16.5, "reach": 1.0, "recent_deaths_400m": 12, "nearest_nax_km": 0.67, "blight_score": 17.2, "hardship": 58, "transit_adjacent": false}}, {"type": "Feature", "geometry": {"type": "Point", "coordinates": [-87.6257561052, 41.699732488]}, "properties": {"name": "PERRY FOOD, INC.", "address": "101 W 107TH ST 1ST", "type": "Corner store / food mart", "ca_name": "ROSELAND", "placement_score": 16.5, "need": 16.5, "reach": 1.0, "recent_deaths_400m": 11, "nearest_nax_km": 0.88, "blight_score": 48.9, "hardship": 52, "transit_adjacent": false}}, {"type": "Feature", "geometry": {"type": "Point", "coordinates": [-87.6059996969, 41.7769227012]}, "properties": {"name": "COTTAGE GROVE FOOD MARKET", "address": "6456 S COTTAGE GROVE AVE", "type": "Corner store / food mart", "ca_name": "WOODLAWN", "placement_score": 16.5, "need": 11.0, "reach": 1.5, "recent_deaths_400m": 11, "nearest_nax_km": 0.36, "blight_score": 17.2, "hardship": 58, "transit_adjacent": true}}, {"type": "Feature", "geometry": {"type": "Point", "coordinates": [-87.7547638736, 41.909404663]}, "properties": {"name": "MCDONALDS RESTAURANT OF IL INC", "address": "5133 W NORTH AVE", "type": "Corner store / food mart", "ca_name": "AUSTIN", "placement_score": 16.2, "need": 16.2, "reach": 1.0, "recent_deaths_400m": 10, "nearest_nax_km": 0.94, "blight_score": 50.4, "hardship": 73, "transit_adjacent": false}}, {"type": "Feature", "geometry": {"type": "Point", "coordinates": [-87.7595472806, 41.8947894386]}, "properties": {"name": "POWER TEST FUEL", "address": "5335 W CHICAGO AVE", "type": "Corner store / food mart", "ca_name": "AUSTIN", "placement_score": 16.2, "need": 16.2, "reach": 1.0, "recent_deaths_400m": 10, "nearest_nax_km": 0.82, "blight_score": 50.4, "hardship": 73, "transit_adjacent": false}}, {"type": "Feature", "geometry": {"type": "Point", "coordinates": [-87.7562383104, 41.909386134]}, "properties": {"name": "FRIENDS FOOD MART", "address": "5217 W NORTH AVE", "type": "Corner store / food mart", "ca_name": "AUSTIN", "placement_score": 16.2, "need": 16.2, "reach": 1.0, "recent_deaths_400m": 10, "nearest_nax_km": 1.0, "blight_score": 50.4, "hardship": 73, "transit_adjacent": false}}, {"type": "Feature", "geometry": {"type": "Point", "coordinates": [-87.7335631643, 41.90266507]}, "properties": {"name": "ANDY'S SNACK SHOP", "address": "4258 W DIVISION ST", "type": "Corner store / food mart", "ca_name": "HUMBOLDT PARK", "placement_score": 16.0, "need": 16.0, "reach": 1.0, "recent_deaths_400m": 10, "nearest_nax_km": 0.84, "blight_score": 34.9, "hardship": 85, "transit_adjacent": false}}, {"type": "Feature", "geometry": {"type": "Point", "coordinates": [-87.7226767137, 41.9098179036]}, "properties": {"name": "CAVITOS LIQUORS INC", "address": "3825 W NORTH AVE 1", "type": "Corner store / food mart", "ca_name": "HUMBOLDT PARK", "placement_score": 16.0, "need": 16.0, "reach": 1.0, "recent_deaths_400m": 10, "nearest_nax_km": 0.94, "blight_score": 34.9, "hardship": 85, "transit_adjacent": false}}, {"type": "Feature", "geometry": {"type": "Point", "coordinates": [-87.7245575193, 41.9097975208]}, "properties": {"name": "CENTRAL BAKERY", "address": "3911 W NORTH AVE  1", "type": "Corner store / food mart", "ca_name": "HUMBOLDT PARK", "placement_score": 16.0, "need": 16.0, "reach": 1.0, "recent_deaths_400m": 10, "nearest_nax_km": 0.79, "blight_score": 34.9, "hardship": 85, "transit_adjacent": false}}, {"type": "Feature", "geometry": {"type": "Point", "coordinates": [-87.7552393884, 41.9021472222]}, "properties": {"name": "SUPER JIM'S", "address": "5147 W DIVISION ST 1ST", "type": "Corner store / food mart", "ca_name": "AUSTIN", "placement_score": 16.0, "need": 16.0, "reach": 1.0, "recent_deaths_400m": 10, "nearest_nax_km": 0.5, "blight_score": 50.4, "hardship": 73, "transit_adjacent": false}}, {"type": "Feature", "geometry": {"type": "Point", "coordinates": [-87.7073377871, 41.8664973081]}, "properties": {"name": "Fresh Way Market", "address": "3240 W ROOSEVELT RD 1", "type": "Corner store / food mart", "ca_name": "NORTH LAWNDALE", "placement_score": 15.9, "need": 15.9, "reach": 1.0, "recent_deaths_400m": 15, "nearest_nax_km": 0.33, "blight_score": 31.5, "hardship": 87, "transit_adjacent": false}}, {"type": "Feature", "geometry": {"type": "Point", "coordinates": [-87.7056090841, 41.8592539201]}, "properties": {"name": "BIG AL'S BAR-B-QUE", "address": "1568 S KEDZIE AVE", "type": "Corner store / food mart", "ca_name": "NORTH LAWNDALE", "placement_score": 15.9, "need": 15.9, "reach": 1.0, "recent_deaths_400m": 10, "nearest_nax_km": 0.68, "blight_score": 31.5, "hardship": 87, "transit_adjacent": false}}, {"type": "Feature", "geometry": {"type": "Point", "coordinates": [-87.7080298596, 41.8901614688]}, "properties": {"name": "SACRED HEART HOSPITAL", "address": "3240 W FRANKLIN BLVD", "type": "Corner store / food mart", "ca_name": "HUMBOLDT PARK", "placement_score": 15.8, "need": 15.8, "reach": 1.0, "recent_deaths_400m": 10, "nearest_nax_km": 0.49, "blight_score": 34.9, "hardship": 85, "transit_adjacent": false}}, {"type": "Feature", "geometry": {"type": "Point", "coordinates": [-87.6299698873, 41.767342819]}, "properties": {"name": "EVANS CORNER", "address": "6958 S WENTWORTH AVE", "type": "Corner store / food mart", "ca_name": "GREATER GRAND CROSSING", "placement_score": 15.8, "need": 10.5, "reach": 1.5, "recent_deaths_400m": 7, "nearest_nax_km": 1.16, "blight_score": 35.0, "hardship": 66, "transit_adjacent": true}}, {"type": "Feature", "geometry": {"type": "Point", "coordinates": [-87.7070856039, 41.8874021551]}, "properties": {"name": "BREAKTHROUGH, THE BRIDGE CAFE", "address": "3219 W CARROLL AVE 1ST", "type": "Corner store / food mart", "ca_name": "EAST GARFIELD PARK", "placement_score": 15.8, "need": 10.6, "reach": 1.5, "recent_deaths_400m": 7, "nearest_nax_km": 0.71, "blight_score": 18.6, "hardship": 83, "transit_adjacent": true}}, {"type": "Feature", "geometry": {"type": "Point", "coordinates": [-87.6938438316, 41.881200774]}, "properties": {"name": "ETC. GRILL", "address": "2674 W MADISON ST 1", "type": "Corner store / food mart", "ca_name": "EAST GARFIELD PARK", "placement_score": 15.8, "need": 10.6, "reach": 1.5, "recent_deaths_400m": 7, "nearest_nax_km": 1.05, "blight_score": 18.6, "hardship": 83, "transit_adjacent": true}}, {"type": "Feature", "geometry": {"type": "Point", "coordinates": [-87.7254556587, 41.8787615674]}, "properties": {"name": "JASMIN FOOD", "address": "135 S PULASKI RD STOREFRONT", "type": "Corner store / food mart", "ca_name": "WEST GARFIELD PARK", "placement_score": 15.7, "need": 15.7, "reach": 1.0, "recent_deaths_400m": 33, "nearest_nax_km": 0.06, "blight_score": 24.7, "hardship": 92, "transit_adjacent": false}}, {"type": "Feature", "geometry": {"type": "Point", "coordinates": [-87.6838106564, 41.7801049556]}, "properties": {"name": "PEPES MEXICAN  MEXICAN RESTAURANT", "address": "6230 S WESTERN AVE", "type": "Corner store / food mart", "ca_name": "CHICAGO LAWN", "placement_score": 15.7, "need": 15.7, "reach": 1.0, "recent_deaths_400m": 10, "nearest_nax_km": 1.28, "blight_score": 34.7, "hardship": 80, "transit_adjacent": false}}, {"type": "Feature", "geometry": {"type": "Point", "coordinates": [-87.6631464218, 41.7445232478]}, "properties": {"name": "COMMUNITY FOOD MART", "address": "8211 S ASHLAND AVE", "type": "Corner store / food mart", "ca_name": "AUBURN GRESHAM", "placement_score": 15.7, "need": 15.7, "reach": 1.0, "recent_deaths_400m": 10, "nearest_nax_km": 1.41, "blight_score": 39.4, "hardship": 74, "transit_adjacent": false}}, {"type": "Feature", "geometry": {"type": "Point", "coordinates": [-87.6634041558, 41.7549909175]}, "properties": {"name": "ALDI #70", "address": "7627 S ASHLAND AVE 1", "type": "Corner store / food mart", "ca_name": "AUBURN GRESHAM", "placement_score": 15.7, "need": 15.7, "reach": 1.0, "recent_deaths_400m": 10, "nearest_nax_km": 0.79, "blight_score": 39.4, "hardship": 74, "transit_adjacent": false}}, {"type": "Feature", "geometry": {"type": "Point", "coordinates": [-87.6968929253, 41.7788032866]}, "properties": {"name": "ABEER FISH MARKET", "address": "6307 S RICHMOND ST", "type": "Corner store / food mart", "ca_name": "CHICAGO LAWN", "placement_score": 15.7, "need": 15.7, "reach": 1.0, "recent_deaths_400m": 10, "nearest_nax_km": 0.65, "blight_score": 34.7, "hardship": 80, "transit_adjacent": false}}, {"type": "Feature", "geometry": {"type": "Point", "coordinates": [-87.6842617415, 41.7718553956]}, "properties": {"name": "CATHERINE LASH", "address": "2419 W MARQUETTE RD", "type": "Corner store / food mart", "ca_name": "CHICAGO LAWN", "placement_score": 15.7, "need": 15.7, "reach": 1.0, "recent_deaths_400m": 10, "nearest_nax_km": 1.54, "blight_score": 34.7, "hardship": 80, "transit_adjacent": false}}, {"type": "Feature", "geometry": {"type": "Point", "coordinates": [-87.586251012, 41.7573962132]}, "properties": {"name": "WALGREENS # 07876", "address": "7544 S STONY ISLAND AVE", "type": "Corner store / food mart", "ca_name": "SOUTH SHORE", "placement_score": 15.5, "need": 15.5, "reach": 1.0, "recent_deaths_400m": 11, "nearest_nax_km": 1.23, "blight_score": 26.8, "hardship": 55, "transit_adjacent": false}}, {"type": "Feature", "geometry": {"type": "Point", "coordinates": [-87.5678717375, 41.7658387268]}, "properties": {"name": "MELON EXPRESS CATERING CO", "address": "7108 S OGLESBY AVE", "type": "Corner store / food mart", "ca_name": "SOUTH SHORE", "placement_score": 15.5, "need": 15.5, "reach": 1.0, "recent_deaths_400m": 11, "nearest_nax_km": 0.51, "blight_score": 26.8, "hardship": 55, "transit_adjacent": false}}, {"type": "Feature", "geometry": {"type": "Point", "coordinates": [-87.5858066373, 41.7673141178]}, "properties": {"name": "DUNKIN DONUTS / BR", "address": "7019 S STONY ISLAND AVE 1", "type": "Corner store / food mart", "ca_name": "SOUTH SHORE", "placement_score": 15.5, "need": 15.5, "reach": 1.0, "recent_deaths_400m": 11, "nearest_nax_km": 1.32, "blight_score": 26.8, "hardship": 55, "transit_adjacent": false}}, {"type": "Feature", "geometry": {"type": "Point", "coordinates": [-87.7127816493, 41.866213019]}, "properties": {"name": "POPEYES", "address": "3457 W ROOSEVELT RD", "type": "Corner store / food mart", "ca_name": "NORTH LAWNDALE", "placement_score": 15.4, "need": 15.4, "reach": 1.0, "recent_deaths_400m": 16, "nearest_nax_km": 0.3, "blight_score": 31.5, "hardship": 87, "transit_adjacent": false}}, {"type": "Feature", "geometry": {"type": "Point", "coordinates": [-87.7653344227, 41.8894337158]}, "properties": {"name": "FRATERNITE NOTRE DAME INC", "address": "502 N CENTRAL AVE", "type": "Corner store / food mart", "ca_name": "AUSTIN", "placement_score": 15.3, "need": 10.2, "reach": 1.5, "recent_deaths_400m": 21, "nearest_nax_km": 0.06, "blight_score": 50.4, "hardship": 73, "transit_adjacent": true}}, {"type": "Feature", "geometry": {"type": "Point", "coordinates": [-87.7019116407, 41.8809105634]}, "properties": {"name": "WHIPPLE LIQUORS", "address": "3015 W MADISON ST 1ST #", "type": "Tobacco / vape", "ca_name": "EAST GARFIELD PARK", "placement_score": 15.3, "need": 21.8, "reach": 0.7, "recent_deaths_400m": 19, "nearest_nax_km": 0.38, "blight_score": 18.6, "hardship": 83, "transit_adjacent": false}}, {"type": "Feature", "geometry": {"type": "Point", "coordinates": [-87.7056782318, 41.8616028303]}, "properties": {"name": "TRUDY'S FAMILY GROCERY", "address": "1428 S KEDZIE AVE", "type": "Corner store / food mart", "ca_name": "NORTH LAWNDALE", "placement_score": 15.3, "need": 15.3, "reach": 1.0, "recent_deaths_400m": 10, "nearest_nax_km": 0.48, "blight_score": 31.5, "hardship": 87, "transit_adjacent": false}}, {"type": "Feature", "geometry": {"type": "Point", "coordinates": [-87.6148313036, 41.7583034879]}, "properties": {"name": "HAROLD' S CHICKEN # 24", "address": "407 E 75TH ST", "type": "Corner store / food mart", "ca_name": "GREATER GRAND CROSSING", "placement_score": 15.1, "need": 15.1, "reach": 1.0, "recent_deaths_400m": 10, "nearest_nax_km": 0.82, "blight_score": 35.0, "hardship": 66, "transit_adjacent": false}}, {"type": "Feature", "geometry": {"type": "Point", "coordinates": [-87.6119726402, 41.7729355853]}, "properties": {"name": "H & H FOOD MART", "address": "6700 S RHODES AVE 1ST", "type": "Corner store / food mart", "ca_name": "WOODLAWN", "placement_score": 15.1, "need": 15.1, "reach": 1.0, "recent_deaths_400m": 11, "nearest_nax_km": 0.91, "blight_score": 17.2, "hardship": 58, "transit_adjacent": false}}, {"type": "Feature", "geometry": {"type": "Point", "coordinates": [-87.7273566605, 41.8625738311]}, "properties": {"name": "DEBORAH SCOTT", "address": "1359 S KARLOV AVE", "type": "Corner store / food mart", "ca_name": "NORTH LAWNDALE", "placement_score": 15.1, "need": 15.1, "reach": 1.0, "recent_deaths_400m": 10, "nearest_nax_km": 0.47, "blight_score": 31.5, "hardship": 87, "transit_adjacent": false}}, {"type": "Feature", "geometry": {"type": "Point", "coordinates": [-87.6103969635, 41.7583733671]}, "properties": {"name": "CHICAGO WINGZ AROUND THE WORLD", "address": "557 E 75TH ST 1ST", "type": "Corner store / food mart", "ca_name": "GREATER GRAND CROSSING", "placement_score": 15.1, "need": 15.1, "reach": 1.0, "recent_deaths_400m": 10, "nearest_nax_km": 0.9, "blight_score": 35.0, "hardship": 66, "transit_adjacent": false}}, {"type": "Feature", "geometry": {"type": "Point", "coordinates": [-87.6147458781, 41.7726100763]}, "properties": {"name": "M'S", "address": "6717 S SOUTH CHICAGO AVE", "type": "Corner store / food mart", "ca_name": "WOODLAWN", "placement_score": 15.1, "need": 15.1, "reach": 1.0, "recent_deaths_400m": 11, "nearest_nax_km": 1.06, "blight_score": 17.2, "hardship": 58, "transit_adjacent": false}}, {"type": "Feature", "geometry": {"type": "Point", "coordinates": [-87.620370538, 41.7691349409]}, "properties": {"name": "FAIR FOOD MART", "address": "133 E 69TH ST 1ST", "type": "Corner store / food mart", "ca_name": "GREATER GRAND CROSSING", "placement_score": 15.1, "need": 15.1, "reach": 1.0, "recent_deaths_400m": 10, "nearest_nax_km": 1.32, "blight_score": 35.0, "hardship": 66, "transit_adjacent": false}}, {"type": "Feature", "geometry": {"type": "Point", "coordinates": [-87.7259475795, 41.8852672244]}, "properties": {"name": "JOHN LIQUORS", "address": "260-264 N PULASKI RD 1ST", "type": "Corner store / food mart", "ca_name": "WEST GARFIELD PARK", "placement_score": 15.0, "need": 10.0, "reach": 1.5, "recent_deaths_400m": 21, "nearest_nax_km": 0.07, "blight_score": 24.7, "hardship": 92, "transit_adjacent": true}}, {"type": "Feature", "geometry": {"type": "Point", "coordinates": [-87.6646677094, 41.7915490552]}, "properties": {"name": "ROYALTY CATERING SERVICES, LLC", "address": "5620 S ASHLAND AVE 1", "type": "Corner store / food mart", "ca_name": "WEST ENGLEWOOD", "placement_score": 14.8, "need": 14.8, "reach": 1.0, "recent_deaths_400m": 8, "nearest_nax_km": 0.87, "blight_score": 80.9, "hardship": 89, "transit_adjacent": false}}, {"type": "Feature", "geometry": {"type": "Point", "coordinates": [-87.670238981, 41.7865640064]}, "properties": {"name": "S.B.M. FOODS", "address": "1825 W 59TH ST", "type": "Corner store / food mart", "ca_name": "WEST ENGLEWOOD", "placement_score": 14.8, "need": 14.8, "reach": 1.0, "recent_deaths_400m": 8, "nearest_nax_km": 0.85, "blight_score": 80.9, "hardship": 89, "transit_adjacent": false}}, {"type": "Feature", "geometry": {"type": "Point", "coordinates": [-87.6737717779, 41.7719660557]}, "properties": {"name": "KNA FOOD & LIQUOR", "address": "2001 W MARQUETTE RD 1", "type": "Corner store / food mart", "ca_name": "WEST ENGLEWOOD", "placement_score": 14.8, "need": 14.8, "reach": 1.0, "recent_deaths_400m": 8, "nearest_nax_km": 0.91, "blight_score": 80.9, "hardship": 89, "transit_adjacent": false}}, {"type": "Feature", "geometry": {"type": "Point", "coordinates": [-87.6712024009, 41.7738334159]}, "properties": {"name": "Wolcott Food", "address": "6601 S WOLCOTT AVE", "type": "Corner store / food mart", "ca_name": "WEST ENGLEWOOD", "placement_score": 14.8, "need": 14.8, "reach": 1.0, "recent_deaths_400m": 8, "nearest_nax_km": 0.63, "blight_score": 80.9, "hardship": 89, "transit_adjacent": false}}, {"type": "Feature", "geometry": {"type": "Point", "coordinates": [-87.6738128799, 41.7702109317]}, "properties": {"name": "A AND L VARIETY SHOP", "address": "6800 S DAMEN AVE 1", "type": "Corner store / food mart", "ca_name": "WEST ENGLEWOOD", "placement_score": 14.8, "need": 14.8, "reach": 1.0, "recent_deaths_400m": 8, "nearest_nax_km": 1.08, "blight_score": 80.9, "hardship": 89, "transit_adjacent": false}}, {"type": "Feature", "geometry": {"type": "Point", "coordinates": [-87.7113754959, 41.8808046152]}, "properties": {"name": "THE ROSELAND MARKET", "address": "3407 W MADISON ST", "type": "Corner store / food mart", "ca_name": "EAST GARFIELD PARK", "placement_score": 14.7, "need": 14.7, "reach": 1.0, "recent_deaths_400m": 12, "nearest_nax_km": 0.41, "blight_score": 18.6, "hardship": 83, "transit_adjacent": false}}, {"type": "Feature", "geometry": {"type": "Point", "coordinates": [-87.7012144372, 41.7788910033]}, "properties": {"name": "PANADERIA TORRES BAKERY", "address": "3111 W 63RD ST", "type": "Corner store / food mart", "ca_name": "CHICAGO LAWN", "placement_score": 14.7, "need": 14.7, "reach": 1.0, "recent_deaths_400m": 12, "nearest_nax_km": 0.39, "blight_score": 34.7, "hardship": 80, "transit_adjacent": false}}, {"type": "Feature", "geometry": {"type": "Point", "coordinates": [-87.7575940609, 41.8948057328]}, "properties": {"name": "CHAS GROCERIES", "address": "5249 W CHICAGO AVE 1 1", "type": "Corner store / food mart", "ca_name": "AUSTIN", "placement_score": 14.6, "need": 14.6, "reach": 1.0, "recent_deaths_400m": 9, "nearest_nax_km": 0.8, "blight_score": 50.4, "hardship": 73, "transit_adjacent": false}}, {"type": "Feature", "geometry": {"type": "Point", "coordinates": [-87.7721869256, 41.8946467382]}, "properties": {"name": "THE AVE FOOD MART", "address": "5851 W CHICAGO AVE", "type": "Corner store / food mart", "ca_name": "AUSTIN", "placement_score": 14.6, "need": 14.6, "reach": 1.0, "recent_deaths_400m": 9, "nearest_nax_km": 0.82, "blight_score": 50.4, "hardship": 73, "transit_adjacent": false}}, {"type": "Feature", "geometry": {"type": "Point", "coordinates": [-87.750310475, 41.8896344655]}, "properties": {"name": "FERDINAND FOOD", "address": "4956 W FERDINAND ST", "type": "Corner store / food mart", "ca_name": "AUSTIN", "placement_score": 14.6, "need": 14.6, "reach": 1.0, "recent_deaths_400m": 9, "nearest_nax_km": 0.66, "blight_score": 50.4, "hardship": 73, "transit_adjacent": false}}, {"type": "Feature", "geometry": {"type": "Point", "coordinates": [-87.7575231749, 41.8730236314]}, "properties": {"name": "A.A.A. FOOD AND MINI MART", "address": "5300 W HARRISON ST", "type": "Corner store / food mart", "ca_name": "AUSTIN", "placement_score": 14.6, "need": 14.6, "reach": 1.0, "recent_deaths_400m": 9, "nearest_nax_km": 1.46, "blight_score": 50.4, "hardship": 73, "transit_adjacent": false}}, {"type": "Feature", "geometry": {"type": "Point", "coordinates": [-87.7517062396, 41.9094441133]}, "properties": {"name": "NEW A CHAU", "address": "5015 W NORTH AVE", "type": "Corner store / food mart", "ca_name": "AUSTIN", "placement_score": 14.6, "need": 14.6, "reach": 1.0, "recent_deaths_400m": 9, "nearest_nax_km": 0.85, "blight_score": 50.4, "hardship": 73, "transit_adjacent": false}}, {"type": "Feature", "geometry": {"type": "Point", "coordinates": [-87.7614499843, 41.8729758538]}, "properties": {"name": "NEIGHBORHOOD SUPERMARKET INC", "address": "5450 W HARRISON ST", "type": "Corner store / food mart", "ca_name": "AUSTIN", "placement_score": 14.6, "need": 14.6, "reach": 1.0, "recent_deaths_400m": 9, "nearest_nax_km": 1.66, "blight_score": 50.4, "hardship": 73, "transit_adjacent": false}}, {"type": "Feature", "geometry": {"type": "Point", "coordinates": [-87.7647109791, 41.909499045]}, "properties": {"name": "DAT LOCAL MART,", "address": "5540 W NORTH AVE 1 1", "type": "Corner store / food mart", "ca_name": "AUSTIN", "placement_score": 14.6, "need": 14.6, "reach": 1.0, "recent_deaths_400m": 13, "nearest_nax_km": 0.35, "blight_score": 50.4, "hardship": 73, "transit_adjacent": false}}, {"type": "Feature", "geometry": {"type": "Point", "coordinates": [-87.7469599363, 41.9095051477]}, "properties": {"name": "FOOD 4 LESS #567 FUEL CENTER", "address": "4821 W NORTH AVE 1", "type": "Gas / filling station", "ca_name": "AUSTIN", "placement_score": 14.6, "need": 14.6, "reach": 1.0, "recent_deaths_400m": 9, "nearest_nax_km": 0.85, "blight_score": 50.4, "hardship": 73, "transit_adjacent": false}}, {"type": "Feature", "geometry": {"type": "Point", "coordinates": [-87.7727981856, 41.8984978593]}, "properties": {"name": "AUGUSTA FOOD", "address": "5858 W AUGUSTA BLVD", "type": "Corner store / food mart", "ca_name": "AUSTIN", "placement_score": 14.6, "need": 14.6, "reach": 1.0, "recent_deaths_400m": 9, "nearest_nax_km": 1.2, "blight_score": 50.4, "hardship": 73, "transit_adjacent": false}}, {"type": "Feature", "geometry": {"type": "Point", "coordinates": [-87.7639148422, 41.902053641]}, "properties": {"name": "MJ'S BARBQ", "address": "5501 W DIVISION ST 1 1", "type": "Corner store / food mart", "ca_name": "AUSTIN", "placement_score": 14.6, "need": 14.6, "reach": 1.0, "recent_deaths_400m": 9, "nearest_nax_km": 0.94, "blight_score": 50.4, "hardship": 73, "transit_adjacent": false}}, {"type": "Feature", "geometry": {"type": "Point", "coordinates": [-87.7706653302, 41.8946697646]}, "properties": {"name": "GENESIS ON THE AVENUE", "address": "5811 W CHICAGO AVE 1ST", "type": "Corner store / food mart", "ca_name": "AUSTIN", "placement_score": 14.6, "need": 14.6, "reach": 1.0, "recent_deaths_400m": 9, "nearest_nax_km": 0.74, "blight_score": 50.4, "hardship": 73, "transit_adjacent": false}}, {"type": "Feature", "geometry": {"type": "Point", "coordinates": [-87.754933762, 41.8807891535]}, "properties": {"name": "A & W / LONG JOHN SILVERS", "address": "13 N LARAMIE AVE", "type": "Corner store / food mart", "ca_name": "AUSTIN", "placement_score": 14.6, "need": 14.6, "reach": 1.0, "recent_deaths_400m": 9, "nearest_nax_km": 1.29, "blight_score": 50.4, "hardship": 73, "transit_adjacent": false}}, {"type": "Feature", "geometry": {"type": "Point", "coordinates": [-87.7462048864, 41.9074881596]}, "properties": {"name": "ICE CREAM", "address": "1450 N CICERO AVE  Z", "type": "Corner store / food mart", "ca_name": "AUSTIN", "placement_score": 14.6, "need": 14.6, "reach": 1.0, "recent_deaths_400m": 9, "nearest_nax_km": 0.66, "blight_score": 50.4, "hardship": 73, "transit_adjacent": false}}, {"type": "Feature", "geometry": {"type": "Point", "coordinates": [-87.7361919499, 41.8996620352]}, "properties": {"name": "MEL-BAY GROCERY", "address": "4401 W CORTEZ ST", "type": "Corner store / food mart", "ca_name": "HUMBOLDT PARK", "placement_score": 14.4, "need": 14.4, "reach": 1.0, "recent_deaths_400m": 9, "nearest_nax_km": 0.96, "blight_score": 34.9, "hardship": 85, "transit_adjacent": false}}, {"type": "Feature", "geometry": {"type": "Point", "coordinates": [-87.7076340331, 41.8988263367]}, "properties": {"name": "Wishful Grocers", "address": "3220 W GRAND AVE 1", "type": "Liquor / package goods", "ca_name": "HUMBOLDT PARK", "placement_score": 14.4, "need": 16.0, "reach": 0.9, "recent_deaths_400m": 10, "nearest_nax_km": 0.51, "blight_score": 34.9, "hardship": 85, "transit_adjacent": false}}, {"type": "Feature", "geometry": {"type": "Point", "coordinates": [-87.726194065, 41.9102062456]}, "properties": {"name": "3956 W NORTH AVE INC", "address": "1609 N PULASKI RD 1ST", "type": "Corner store / food mart", "ca_name": "HUMBOLDT PARK", "placement_score": 14.4, "need": 14.4, "reach": 1.0, "recent_deaths_400m": 9, "nearest_nax_km": 0.65, "blight_score": 34.9, "hardship": 85, "transit_adjacent": false}}, {"type": "Feature", "geometry": {"type": "Point", "coordinates": [-87.7360180162, 41.9024059187]}, "properties": {"name": "BILL'S PLACE RESTUARANT", "address": "4359 W DIVISION ST 1ST", "type": "Corner store / food mart", "ca_name": "HUMBOLDT PARK", "placement_score": 14.4, "need": 14.4, "reach": 1.0, "recent_deaths_400m": 9, "nearest_nax_km": 0.88, "blight_score": 34.9, "hardship": 85, "transit_adjacent": false}}, {"type": "Feature", "geometry": {"type": "Point", "coordinates": [-87.6120376628, 41.7747404127]}, "properties": {"name": "RHODES FOOD MARKET", "address": "525 E MARQUETTE RD 1", "type": "Tobacco / vape", "ca_name": "WOODLAWN", "placement_score": 14.4, "need": 20.6, "reach": 0.7, "recent_deaths_400m": 15, "nearest_nax_km": 0.74, "blight_score": 17.2, "hardship": 58, "transit_adjacent": false}}, {"type": "Feature", "geometry": {"type": "Point", "coordinates": [-87.6108938937, 41.7510765769]}, "properties": {"name": "TAURUS EXPRESS", "address": "541 E 79TH ST 1ST", "type": "Corner store / food mart", "ca_name": "CHATHAM", "placement_score": 14.4, "need": 14.4, "reach": 1.0, "recent_deaths_400m": 17, "nearest_nax_km": 0.3, "blight_score": 20.3, "hardship": 60, "transit_adjacent": false}}, {"type": "Feature", "geometry": {"type": "Point", "coordinates": [-87.7281009471, 41.9097521455]}, "properties": {"name": "DOLLAR BARGAINS & GROCERY", "address": "4041 W NORTH AVE 1", "type": "Corner store / food mart", "ca_name": "HUMBOLDT PARK", "placement_score": 14.3, "need": 14.3, "reach": 1.0, "recent_deaths_400m": 9, "nearest_nax_km": 0.5, "blight_score": 34.9, "hardship": 85, "transit_adjacent": false}}, {"type": "Feature", "geometry": {"type": "Point", "coordinates": [-87.6954898864, 41.8574823971]}, "properties": {"name": "DANIEL'S FOOD & LIQUOR CORP", "address": "1659 S CALIFORNIA BLVD", "type": "Corner store / food mart", "ca_name": "NORTH LAWNDALE", "placement_score": 14.3, "need": 9.6, "reach": 1.5, "recent_deaths_400m": 6, "nearest_nax_km": 1.16, "blight_score": 31.5, "hardship": 87, "transit_adjacent": true}}, {"type": "Feature", "geometry": {"type": "Point", "coordinates": [-87.7332970779, 41.8860005243]}, "properties": {"name": "CATER-BIZ CHICAGO", "address": "4300 W LAKE ST 1 1", "type": "Corner store / food mart", "ca_name": "WEST GARFIELD PARK", "placement_score": 14.3, "need": 14.3, "reach": 1.0, "recent_deaths_400m": 9, "nearest_nax_km": 0.61, "blight_score": 24.7, "hardship": 92, "transit_adjacent": false}}, {"type": "Feature", "geometry": {"type": "Point", "coordinates": [-87.6929850322, 41.8562105215]}, "properties": {"name": "LAGUNITAS BREWING COMPANY", "address": "1843 S WASHTENAW AVE 1-2", "type": "Corner store / food mart", "ca_name": "NORTH LAWNDALE", "placement_score": 14.3, "need": 9.6, "reach": 1.5, "recent_deaths_400m": 6, "nearest_nax_km": 1.18, "blight_score": 31.5, "hardship": 87, "transit_adjacent": true}}, {"type": "Feature", "geometry": {"type": "Point", "coordinates": [-87.685214046, 41.768196116]}, "properties": {"name": "LENORE'S KITCHEN", "address": "2447 W LITHUANIAN PLAZA CT", "type": "Corner store / food mart", "ca_name": "CHICAGO LAWN", "placement_score": 14.2, "need": 14.2, "reach": 1.0, "recent_deaths_400m": 9, "nearest_nax_km": 1.84, "blight_score": 34.7, "hardship": 80, "transit_adjacent": false}}, {"type": "Feature", "geometry": {"type": "Point", "coordinates": [-87.6924019436, 41.7790203433]}, "properties": {"name": "SUPER STEAK SUB", "address": "2737 W 63RD ST", "type": "Corner store / food mart", "ca_name": "CHICAGO LAWN", "placement_score": 14.2, "need": 14.2, "reach": 1.0, "recent_deaths_400m": 9, "nearest_nax_km": 0.98, "blight_score": 34.7, "hardship": 80, "transit_adjacent": false}}, {"type": "Feature", "geometry": {"type": "Point", "coordinates": [-87.6954334994, 41.7791951696]}, "properties": {"name": "TAQUERIA EL BURRITO FELIZ INC", "address": "2850 W 63RD ST", "type": "Corner store / food mart", "ca_name": "CHICAGO LAWN", "placement_score": 14.2, "need": 14.2, "reach": 1.0, "recent_deaths_400m": 9, "nearest_nax_km": 0.74, "blight_score": 34.7, "hardship": 80, "transit_adjacent": false}}, {"type": "Feature", "geometry": {"type": "Point", "coordinates": [-87.683643778, 41.7738712503]}, "properties": {"name": "JOHNNIE'S PIZZA", "address": "6558 S WESTERN AVE 1", "type": "Corner store / food mart", "ca_name": "CHICAGO LAWN", "placement_score": 14.2, "need": 14.2, "reach": 1.0, "recent_deaths_400m": 9, "nearest_nax_km": 1.39, "blight_score": 34.7, "hardship": 80, "transit_adjacent": false}}, {"type": "Feature", "geometry": {"type": "Point", "coordinates": [-87.6824517907, 41.7718710104]}, "properties": {"name": "A TO Z FRESH MARKET, INC.", "address": "2339 W MARQUETTE RD 1ST", "type": "Corner store / food mart", "ca_name": "CHICAGO LAWN", "placement_score": 14.2, "need": 14.2, "reach": 1.0, "recent_deaths_400m": 9, "nearest_nax_km": 1.41, "blight_score": 34.7, "hardship": 80, "transit_adjacent": false}}, {"type": "Feature", "geometry": {"type": "Point", "coordinates": [-87.6713590319, 41.7503634369]}, "properties": {"name": "KENTUCKY FRIED CHICKEN", "address": "1914 W 79TH ST 1ST", "type": "Corner store / food mart", "ca_name": "AUBURN GRESHAM", "placement_score": 14.1, "need": 14.1, "reach": 1.0, "recent_deaths_400m": 9, "nearest_nax_km": 1.61, "blight_score": 39.4, "hardship": 74, "transit_adjacent": false}}, {"type": "Feature", "geometry": {"type": "Point", "coordinates": [-87.5862942854, 41.7591238149]}, "properties": {"name": "USRA FOOD/GAS", "address": "7448 S STONY ISLAND AVE  GROUN", "type": "Gas / filling station", "ca_name": "SOUTH SHORE", "placement_score": 14.1, "need": 14.1, "reach": 1.0, "recent_deaths_400m": 10, "nearest_nax_km": 1.23, "blight_score": 26.8, "hardship": 55, "transit_adjacent": false}}, {"type": "Feature", "geometry": {"type": "Point", "coordinates": [-87.6594022419, 41.7503052336]}, "properties": {"name": "FISH UNLIMITED", "address": "1419 W 79TH ST 1ST", "type": "Corner store / food mart", "ca_name": "AUBURN GRESHAM", "placement_score": 14.1, "need": 14.1, "reach": 1.0, "recent_deaths_400m": 9, "nearest_nax_km": 0.89, "blight_score": 39.4, "hardship": 74, "transit_adjacent": false}}, {"type": "Feature", "geometry": {"type": "Point", "coordinates": [-87.5864171867, 41.7710280072]}, "properties": {"name": "J & J FISH & CHICKEN", "address": "6814 S STONY ISLAND AVE 1ST", "type": "Corner store / food mart", "ca_name": "SOUTH SHORE", "placement_score": 14.1, "need": 14.1, "reach": 1.0, "recent_deaths_400m": 10, "nearest_nax_km": 1.49, "blight_score": 26.8, "hardship": 55, "transit_adjacent": false}}, {"type": "Feature", "geometry": {"type": "Point", "coordinates": [-87.663106556, 41.743169044]}, "properties": {"name": "FISHERMAN'S iSLAND", "address": "8259 S ASHLAND AVE", "type": "Corner store / food mart", "ca_name": "AUBURN GRESHAM", "placement_score": 14.1, "need": 14.1, "reach": 1.0, "recent_deaths_400m": 9, "nearest_nax_km": 1.26, "blight_score": 39.4, "hardship": 74, "transit_adjacent": false}}, {"type": "Feature", "geometry": {"type": "Point", "coordinates": [-87.5577055153, 41.7613054714]}, "properties": {"name": "SOUTH SHORE MINI PANTRY,INC.", "address": "7447 S SOUTH SHORE DR 1", "type": "Corner store / food mart", "ca_name": "SOUTH SHORE", "placement_score": 14.1, "need": 14.1, "reach": 1.0, "recent_deaths_400m": 10, "nearest_nax_km": 0.51, "blight_score": 26.8, "hardship": 55, "transit_adjacent": false}}, {"type": "Feature", "geometry": {"type": "Point", "coordinates": [-87.5986956245, 41.7767628757]}, "properties": {"name": "J'S FOOD MART", "address": "6500 S UNIVERSITY AVE", "type": "Corner store / food mart", "ca_name": "WOODLAWN", "placement_score": 13.8, "need": 13.8, "reach": 1.0, "recent_deaths_400m": 10, "nearest_nax_km": 0.77, "blight_score": 17.2, "hardship": 58, "transit_adjacent": false}}, {"type": "Feature", "geometry": {"type": "Point", "coordinates": [-87.6152129449, 41.7837832972]}, "properties": {"name": "FLAMING FRANKS", "address": "411 E 61ST ST", "type": "Corner store / food mart", "ca_name": "WOODLAWN", "placement_score": 13.8, "need": 13.8, "reach": 1.0, "recent_deaths_400m": 10, "nearest_nax_km": 0.8, "blight_score": 17.2, "hardship": 58, "transit_adjacent": false}}, {"type": "Feature", "geometry": {"type": "Point", "coordinates": [-87.6963683303, 41.8785779662]}, "properties": {"name": "BANDWITH CHICAGO", "address": "152 S CALIFORNIA AVE", "type": "Corner store / food mart", "ca_name": "EAST GARFIELD PARK", "placement_score": 13.6, "need": 13.6, "reach": 1.0, "recent_deaths_400m": 9, "nearest_nax_km": 0.86, "blight_score": 18.6, "hardship": 83, "transit_adjacent": false}}, {"type": "Feature", "geometry": {"type": "Point", "coordinates": [-87.6268126763, 41.7691553353]}, "properties": {"name": "MCDONALD'S", "address": "6900 S LAFAYETTE AVE", "type": "Corner store / food mart", "ca_name": "GREATER GRAND CROSSING", "placement_score": 13.5, "need": 9.0, "reach": 1.5, "recent_deaths_400m": 6, "nearest_nax_km": 1.03, "blight_score": 35.0, "hardship": 66, "transit_adjacent": true}}, {"type": "Feature", "geometry": {"type": "Point", "coordinates": [-87.6229256638, 41.6899780911]}, "properties": {"name": "PEPE'S TACO", "address": "2 E 112TH PL", "type": "Corner store / food mart", "ca_name": "ROSELAND", "placement_score": 13.5, "need": 13.5, "reach": 1.0, "recent_deaths_400m": 9, "nearest_nax_km": 0.64, "blight_score": 48.9, "hardship": 52, "transit_adjacent": false}}, {"type": "Feature", "geometry": {"type": "Point", "coordinates": [-87.6179671826, 41.7582479506]}, "properties": {"name": "FRANCES COCKTAIL LOUNGE", "address": "307 E 75TH ST 1ST", "type": "Corner store / food mart", "ca_name": "GREATER GRAND CROSSING", "placement_score": 13.5, "need": 13.5, "reach": 1.0, "recent_deaths_400m": 9, "nearest_nax_km": 0.87, "blight_score": 35.0, "hardship": 66, "transit_adjacent": false}}, {"type": "Feature", "geometry": {"type": "Point", "coordinates": [-87.6210764565, 41.6999884656]}, "properties": {"name": "ROSELAND PANTRY", "address": "10658 S MICHIGAN AVE 1ST", "type": "Corner store / food mart", "ca_name": "ROSELAND", "placement_score": 13.5, "need": 13.5, "reach": 1.0, "recent_deaths_400m": 9, "nearest_nax_km": 0.68, "blight_score": 48.9, "hardship": 52, "transit_adjacent": false}}, {"type": "Feature", "geometry": {"type": "Point", "coordinates": [-87.6079060328, 41.7586466667]}, "properties": {"name": "NEW HONG KONG", "address": "658 E 75TH ST 1", "type": "Corner store / food mart", "ca_name": "GREATER GRAND CROSSING", "placement_score": 13.5, "need": 13.5, "reach": 1.0, "recent_deaths_400m": 9, "nearest_nax_km": 0.76, "blight_score": 35.0, "hardship": 66, "transit_adjacent": false}}, {"type": "Feature", "geometry": {"type": "Point", "coordinates": [-87.6279443482, 41.6888459803]}, "properties": {"name": "ROSE FOOD MART INC.", "address": "11300 S WENTWORTH AVE 1", "type": "Corner store / food mart", "ca_name": "ROSELAND", "placement_score": 13.5, "need": 13.5, "reach": 1.0, "recent_deaths_400m": 9, "nearest_nax_km": 0.93, "blight_score": 48.9, "hardship": 52, "transit_adjacent": false}}, {"type": "Feature", "geometry": {"type": "Point", "coordinates": [-87.6218343511, 41.7654854118]}, "properties": {"name": "BABAS FAMOUS STEAK & LEMONADE", "address": "7100 S MICHIGAN AVE", "type": "Corner store / food mart", "ca_name": "GREATER GRAND CROSSING", "placement_score": 13.5, "need": 13.5, "reach": 1.0, "recent_deaths_400m": 9, "nearest_nax_km": 1.58, "blight_score": 35.0, "hardship": 66, "transit_adjacent": false}}, {"type": "Feature", "geometry": {"type": "Point", "coordinates": [-87.6212163811, 41.7511193593]}, "properties": {"name": "JIMMY'S FAMILY FOOD, INC.", "address": "102 E 79TH ST 1ST", "type": "Corner store / food mart", "ca_name": "GREATER GRAND CROSSING", "placement_score": 13.5, "need": 9.0, "reach": 1.5, "recent_deaths_400m": 6, "nearest_nax_km": 0.56, "blight_score": 35.0, "hardship": 66, "transit_adjacent": true}}, {"type": "Feature", "geometry": {"type": "Point", "coordinates": [-87.6061422218, 41.7586777641]}, "properties": {"name": "MAJ CHAS L HUNT POST 2024 VFW", "address": "742 E 75TH ST 1ST", "type": "Corner store / food mart", "ca_name": "GREATER GRAND CROSSING", "placement_score": 13.5, "need": 13.5, "reach": 1.0, "recent_deaths_400m": 9, "nearest_nax_km": 0.65, "blight_score": 35.0, "hardship": 66, "transit_adjacent": false}}, {"type": "Feature", "geometry": {"type": "Point", "coordinates": [-87.731322869, 41.8625218773]}, "properties": {"name": "SOSA WIRELESS INC", "address": "1358 S TRIPP AVE 1ST", "type": "Corner store / food mart", "ca_name": "NORTH LAWNDALE", "placement_score": 13.4, "need": 13.4, "reach": 1.0, "recent_deaths_400m": 10, "nearest_nax_km": 0.42, "blight_score": 31.5, "hardship": 87, "transit_adjacent": false}}, {"type": "Feature", "geometry": {"type": "Point", "coordinates": [-87.7093865131, 41.8664738467]}, "properties": {"name": "CINEMAS ENTERTAINMENT, LLC", "address": "3330 W ROOSEVELT RD", "type": "Corner store / food mart", "ca_name": "NORTH LAWNDALE", "placement_score": 13.2, "need": 13.2, "reach": 1.0, "recent_deaths_400m": 17, "nearest_nax_km": 0.24, "blight_score": 31.5, "hardship": 87, "transit_adjacent": false}}, {"type": "Feature", "geometry": {"type": "Point", "coordinates": [-87.7705724274, 41.9021794709]}, "properties": {"name": "MYRTLE'S KITCHEN", "address": "5800 W DIVISION ST", "type": "Corner store / food mart", "ca_name": "AUSTIN", "placement_score": 12.9, "need": 12.9, "reach": 1.0, "recent_deaths_400m": 8, "nearest_nax_km": 0.84, "blight_score": 50.4, "hardship": 73, "transit_adjacent": false}}, {"type": "Feature", "geometry": {"type": "Point", "coordinates": [-87.755665329, 41.8950441424]}, "properties": {"name": "LANDMARK DELI & RESTAURANT / CHEZ ROUE", "address": "5200 W CHICAGO AVE", "type": "Corner store / food mart", "ca_name": "AUSTIN", "placement_score": 12.9, "need": 12.9, "reach": 1.0, "recent_deaths_400m": 8, "nearest_nax_km": 0.64, "blight_score": 50.4, "hardship": 73, "transit_adjacent": false}}, {"type": "Feature", "geometry": {"type": "Point", "coordinates": [-87.7553096457, 41.8910335471]}, "properties": {"name": "R & S GROCERY", "address": "559 N LARAMIE AVE  1", "type": "Corner store / food mart", "ca_name": "AUSTIN", "placement_score": 12.9, "need": 12.9, "reach": 1.0, "recent_deaths_400m": 8, "nearest_nax_km": 0.77, "blight_score": 50.4, "hardship": 73, "transit_adjacent": false}}, {"type": "Feature", "geometry": {"type": "Point", "coordinates": [-87.7533602369, 41.8730766363]}, "properties": {"name": "MOMENTUM COFFEE", "address": "5100 W HARRISON ST FIRST", "type": "Corner store / food mart", "ca_name": "AUSTIN", "placement_score": 12.9, "need": 12.9, "reach": 1.0, "recent_deaths_400m": 8, "nearest_nax_km": 1.31, "blight_score": 50.4, "hardship": 73, "transit_adjacent": false}}, {"type": "Feature", "geometry": {"type": "Point", "coordinates": [-87.6300005831, 41.7799076418]}, "properties": {"name": "JORDAN FOOD & LIQUOR", "address": "6301 S WENTWORTH AVE 1", "type": "Liquor / package goods", "ca_name": "GREATER GRAND CROSSING", "placement_score": 12.9, "need": 9.6, "reach": 1.35, "recent_deaths_400m": 12, "nearest_nax_km": 0.26, "blight_score": 35.0, "hardship": 66, "transit_adjacent": true}}, {"type": "Feature", "geometry": {"type": "Point", "coordinates": [-87.6648014122, 41.7868497925]}, "properties": {"name": "SUBWAY", "address": "1608 W 59TH ST 1", "type": "Corner store / food mart", "ca_name": "WEST ENGLEWOOD", "placement_score": 12.9, "need": 12.9, "reach": 1.0, "recent_deaths_400m": 7, "nearest_nax_km": 0.92, "blight_score": 80.9, "hardship": 89, "transit_adjacent": false}}, {"type": "Feature", "geometry": {"type": "Point", "coordinates": [-87.6642196705, 41.7741010568]}, "properties": {"name": "KIM FOOD, DELI & FAST FOOD", "address": "6558 S ASHLAND AVE 1ST", "type": "Corner store / food mart", "ca_name": "WEST ENGLEWOOD", "placement_score": 12.9, "need": 12.9, "reach": 1.0, "recent_deaths_400m": 7, "nearest_nax_km": 0.66, "blight_score": 80.9, "hardship": 89, "transit_adjacent": false}}, {"type": "Feature", "geometry": {"type": "Point", "coordinates": [-87.6642984971, 41.7887171888]}, "properties": {"name": "MEGA SOUL MEAL & SAND", "address": "5757 S ASHLAND AVE 1ST", "type": "Corner store / food mart", "ca_name": "WEST ENGLEWOOD", "placement_score": 12.9, "need": 12.9, "reach": 1.0, "recent_deaths_400m": 7, "nearest_nax_km": 1.02, "blight_score": 80.9, "hardship": 89, "transit_adjacent": false}}, {"type": "Feature", "geometry": {"type": "Point", "coordinates": [-87.6597870437, 41.7905450364]}, "properties": {"name": "R&B FOOD & CLOTHING STORE", "address": "5658 S LOOMIS BLVD 1ST 1A", "type": "Corner store / food mart", "ca_name": "WEST ENGLEWOOD", "placement_score": 12.9, "need": 12.9, "reach": 1.0, "recent_deaths_400m": 7, "nearest_nax_km": 0.61, "blight_score": 80.9, "hardship": 89, "transit_adjacent": false}}, {"type": "Feature", "geometry": {"type": "Point", "coordinates": [-87.7580282136, 41.9023333508]}, "properties": {"name": "DEE'S DELI", "address": "5254 W DIVISION ST 1 1", "type": "Corner store / food mart", "ca_name": "AUSTIN", "placement_score": 12.9, "need": 12.9, "reach": 1.0, "recent_deaths_400m": 8, "nearest_nax_km": 0.73, "blight_score": 50.4, "hardship": 73, "transit_adjacent": false}}, {"type": "Feature", "geometry": {"type": "Point", "coordinates": [-87.5863901619, 41.7630223653]}, "properties": {"name": "SAVE-A-LOT  #852", "address": "7240 S STONY ISLAND AVE", "type": "Corner store / food mart", "ca_name": "SOUTH SHORE", "placement_score": 12.7, "need": 12.7, "reach": 1.0, "recent_deaths_400m": 9, "nearest_nax_km": 1.16, "blight_score": 26.8, "hardship": 55, "transit_adjacent": false}}, {"type": "Feature", "geometry": {"type": "Point", "coordinates": [-87.7382236456, 41.8733904052]}, "properties": {"name": "BIG TWENTY CLUB", "address": "4510 W HARRISON ST 1ST", "type": "Corner store / food mart", "ca_name": "WEST GARFIELD PARK", "placement_score": 12.7, "need": 12.7, "reach": 1.0, "recent_deaths_400m": 8, "nearest_nax_km": 1.03, "blight_score": 24.7, "hardship": 92, "transit_adjacent": false}}, {"type": "Feature", "geometry": {"type": "Point", "coordinates": [-87.7345910969, 41.8588239703]}, "properties": {"name": "AMERICAN SUB", "address": "1559 S KOSTNER AVE", "type": "Corner store / food mart", "ca_name": "NORTH LAWNDALE", "placement_score": 12.7, "need": 12.7, "reach": 1.0, "recent_deaths_400m": 8, "nearest_nax_km": 0.9, "blight_score": 31.5, "hardship": 87, "transit_adjacent": false}}, {"type": "Feature", "geometry": {"type": "Point", "coordinates": [-87.581100337, 41.7587110165]}, "properties": {"name": "A.P. DELI INC. XI", "address": "1759 E 75TH ST 1", "type": "Corner store / food mart", "ca_name": "SOUTH SHORE", "placement_score": 12.7, "need": 12.7, "reach": 1.0, "recent_deaths_400m": 9, "nearest_nax_km": 1.44, "blight_score": 26.8, "hardship": 55, "transit_adjacent": false}}, {"type": "Feature", "geometry": {"type": "Point", "coordinates": [-87.5540154169, 41.7520053919]}, "properties": {"name": "79TH FRESH FOOD & MEAT MARKET", "address": "2900 E 79TH ST 1ST", "type": "Corner store / food mart", "ca_name": "SOUTH SHORE", "placement_score": 12.7, "need": 12.7, "reach": 1.0, "recent_deaths_400m": 9, "nearest_nax_km": 1.41, "blight_score": 26.8, "hardship": 55, "transit_adjacent": false}}, {"type": "Feature", "geometry": {"type": "Point", "coordinates": [-87.7527021609, 41.8950587865]}, "properties": {"name": "PHILLIPS RIBS", "address": "5048 W CHICAGO AVE", "type": "Corner store / food mart", "ca_name": "AUSTIN", "placement_score": 12.6, "need": 12.6, "reach": 1.0, "recent_deaths_400m": 10, "nearest_nax_km": 0.39, "blight_score": 50.4, "hardship": 73, "transit_adjacent": false}}, {"type": "Feature", "geometry": {"type": "Point", "coordinates": [-87.6689734751, 41.7483550366]}, "properties": {"name": "ARAMARK EDUCATIONAL SERVICES", "address": "1817 W 80TH ST", "type": "Corner store / food mart", "ca_name": "AUBURN GRESHAM", "placement_score": 12.5, "need": 12.5, "reach": 1.0, "recent_deaths_400m": 8, "nearest_nax_km": 1.57, "blight_score": 39.4, "hardship": 74, "transit_adjacent": false}}, {"type": "Feature", "geometry": {"type": "Point", "coordinates": [-87.7107154316, 41.8672528308]}, "properties": {"name": "GOURMET GORILLA", "address": "1132 S HOMAN AVE 1ST", "type": "Corner store / food mart", "ca_name": "NORTH LAWNDALE", "placement_score": 12.5, "need": 12.5, "reach": 1.0, "recent_deaths_400m": 12, "nearest_nax_km": 0.33, "blight_score": 31.5, "hardship": 87, "transit_adjacent": false}}, {"type": "Feature", "geometry": {"type": "Point", "coordinates": [-87.6448709779, 41.7543794922]}, "properties": {"name": "R & I VARIETY STORE", "address": "816 W 77TH ST", "type": "Corner store / food mart", "ca_name": "AUBURN GRESHAM", "placement_score": 12.5, "need": 12.5, "reach": 1.0, "recent_deaths_400m": 8, "nearest_nax_km": 0.86, "blight_score": 39.4, "hardship": 74, "transit_adjacent": false}}, {"type": "Feature", "geometry": {"type": "Point", "coordinates": [-87.7056767903, 41.7788226974]}, "properties": {"name": "63 FOOD", "address": "3301 W 63RD ST", "type": "Corner store / food mart", "ca_name": "CHICAGO LAWN", "placement_score": 12.3, "need": 12.3, "reach": 1.0, "recent_deaths_400m": 10, "nearest_nax_km": 0.39, "blight_score": 34.7, "hardship": 80, "transit_adjacent": false}}, {"type": "Feature", "geometry": {"type": "Point", "coordinates": [-87.7454056687, 41.8879595082]}, "properties": {"name": "EUREST DINING SERVICES", "address": "401 N CICERO AVE  1", "type": "Corner store / food mart", "ca_name": "AUSTIN", "placement_score": 12.1, "need": 8.1, "reach": 1.5, "recent_deaths_400m": 5, "nearest_nax_km": 0.82, "blight_score": 50.4, "hardship": 73, "transit_adjacent": true}}, {"type": "Feature", "geometry": {"type": "Point", "coordinates": [-87.6286920444, 41.76349946]}, "properties": {"name": "HARVARD SWEETS", "address": "7201 - 7203 S VINCENNES AVE", "type": "Corner store / food mart", "ca_name": "GREATER GRAND CROSSING", "placement_score": 12.0, "need": 12.0, "reach": 1.0, "recent_deaths_400m": 8, "nearest_nax_km": 1.6, "blight_score": 35.0, "hardship": 66, "transit_adjacent": false}}, {"type": "Feature", "geometry": {"type": "Point", "coordinates": [-87.6318552543, 41.6889596455]}, "properties": {"name": "SIMPLY DELICIOUS CUISINE, LLC", "address": "340 W 113TH ST", "type": "Corner store / food mart", "ca_name": "ROSELAND", "placement_score": 12.0, "need": 12.0, "reach": 1.0, "recent_deaths_400m": 8, "nearest_nax_km": 1.24, "blight_score": 48.9, "hardship": 52, "transit_adjacent": false}}, {"type": "Feature", "geometry": {"type": "Point", "coordinates": [-87.6123874955, 41.6926385628]}, "properties": {"name": "MS. KING CANDY STORE AND RESTAURANT", "address": "423 E 111TH ST", "type": "Corner store / food mart", "ca_name": "ROSELAND", "placement_score": 12.0, "need": 12.0, "reach": 1.0, "recent_deaths_400m": 8, "nearest_nax_km": 0.5, "blight_score": 48.9, "hardship": 52, "transit_adjacent": false}}, {"type": "Feature", "geometry": {"type": "Point", "coordinates": [-87.6296402298, 41.7660360394]}, "properties": {"name": "71ST STREET FOODS", "address": "7041 S WENTWORTH AVE", "type": "Corner store / food mart", "ca_name": "GREATER GRAND CROSSING", "placement_score": 12.0, "need": 12.0, "reach": 1.0, "recent_deaths_400m": 8, "nearest_nax_km": 1.31, "blight_score": 35.0, "hardship": 66, "transit_adjacent": false}}, {"type": "Feature", "geometry": {"type": "Point", "coordinates": [-87.6164702591, 41.7584930812]}, "properties": {"name": "MARGARITA'S PIZZERIA", "address": "346 E 75TH ST 1", "type": "Corner store / food mart", "ca_name": "GREATER GRAND CROSSING", "placement_score": 12.0, "need": 12.0, "reach": 1.0, "recent_deaths_400m": 8, "nearest_nax_km": 0.86, "blight_score": 35.0, "hardship": 66, "transit_adjacent": false}}, {"type": "Feature", "geometry": {"type": "Point", "coordinates": [-87.6197557421, 41.7655088319]}, "properties": {"name": "STOP AND SHOP FOODS, INC.", "address": "207 E 71ST ST 1ST", "type": "Corner store / food mart", "ca_name": "GREATER GRAND CROSSING", "placement_score": 12.0, "need": 12.0, "reach": 1.0, "recent_deaths_400m": 8, "nearest_nax_km": 1.64, "blight_score": 35.0, "hardship": 66, "transit_adjacent": false}}, {"type": "Feature", "geometry": {"type": "Point", "coordinates": [-87.6208096791, 41.7034152187]}, "properties": {"name": "M & H FOOD & DELI", "address": "10500 S MICHIGAN AVE IST", "type": "Corner store / food mart", "ca_name": "ROSELAND", "placement_score": 12.0, "need": 12.0, "reach": 1.0, "recent_deaths_400m": 8, "nearest_nax_km": 1.03, "blight_score": 48.9, "hardship": 52, "transit_adjacent": false}}, {"type": "Feature", "geometry": {"type": "Point", "coordinates": [-87.7034046831, 41.7788593829]}, "properties": {"name": "SUBWAY", "address": "3205 W 63RD ST", "type": "Corner store / food mart", "ca_name": "CHICAGO LAWN", "placement_score": 11.9, "need": 11.9, "reach": 1.0, "recent_deaths_400m": 11, "nearest_nax_km": 0.34, "blight_score": 34.7, "hardship": 80, "transit_adjacent": false}}, {"type": "Feature", "geometry": {"type": "Point", "coordinates": [-87.6210241968, 41.6981699973]}, "properties": {"name": "A.P. DELI RESTAURANT GROUP, INC.", "address": "10758 S MICHIGAN AVE 1ST", "type": "Corner store / food mart", "ca_name": "ROSELAND", "placement_score": 11.9, "need": 11.9, "reach": 1.0, "recent_deaths_400m": 8, "nearest_nax_km": 0.49, "blight_score": 48.9, "hardship": 52, "transit_adjacent": false}}, {"type": "Feature", "geometry": {"type": "Point", "coordinates": [-87.7250549142, 41.8569414554]}, "properties": {"name": "NATIONAL FOOD MART", "address": "1800 S PULASKI RD 1", "type": "Corner store / food mart", "ca_name": "NORTH LAWNDALE", "placement_score": 11.9, "need": 8.0, "reach": 1.5, "recent_deaths_400m": 5, "nearest_nax_km": 0.9, "blight_score": 31.5, "hardship": 87, "transit_adjacent": true}}, {"type": "Feature", "geometry": {"type": "Point", "coordinates": [-87.6208849887, 41.6911326195]}, "properties": {"name": "THE NEW RANCH STEAK HOUSE", "address": "11147 S MICHIGAN AVE 1ST", "type": "Corner store / food mart", "ca_name": "ROSELAND", "placement_score": 11.8, "need": 11.8, "reach": 1.0, "recent_deaths_400m": 9, "nearest_nax_km": 0.44, "blight_score": 48.9, "hardship": 52, "transit_adjacent": false}}, {"type": "Feature", "geometry": {"type": "Point", "coordinates": [-87.7536206656, 41.9021613309]}, "properties": {"name": "D &  D FRIED RICE INC", "address": "5107 W DIVISION ST", "type": "Corner store / food mart", "ca_name": "AUSTIN", "placement_score": 11.7, "need": 11.7, "reach": 1.0, "recent_deaths_400m": 10, "nearest_nax_km": 0.36, "blight_score": 50.4, "hardship": 73, "transit_adjacent": false}}, {"type": "Feature", "geometry": {"type": "Point", "coordinates": [-87.671432783, 41.7831056163]}, "properties": {"name": "CITY FOOD", "address": "6059 S WOLCOTT AVE 1ST", "type": "Tobacco / vape", "ca_name": "WEST ENGLEWOOD", "placement_score": 11.7, "need": 16.6, "reach": 0.7, "recent_deaths_400m": 9, "nearest_nax_km": 0.51, "blight_score": 80.9, "hardship": 89, "transit_adjacent": false}}, {"type": "Feature", "geometry": {"type": "Point", "coordinates": [-87.730362142, 41.8858313655]}, "properties": {"name": "LEONARDO'S CATERING SERVICE", "address": "4152 W LAKE ST", "type": "Corner store / food mart", "ca_name": "WEST GARFIELD PARK", "placement_score": 11.7, "need": 11.7, "reach": 1.0, "recent_deaths_400m": 10, "nearest_nax_km": 0.37, "blight_score": 24.7, "hardship": 92, "transit_adjacent": false}}, {"type": "Feature", "geometry": {"type": "Point", "coordinates": [-87.7060028393, 41.8819301716]}, "properties": {"name": "OCEAN BROASTED CHICKEN", "address": "33 N KEDZIE AVE 1ST", "type": "Corner store / food mart", "ca_name": "EAST GARFIELD PARK", "placement_score": 11.7, "need": 7.8, "reach": 1.5, "recent_deaths_400m": 16, "nearest_nax_km": 0.16, "blight_score": 18.6, "hardship": 83, "transit_adjacent": true}}, {"type": "Feature", "geometry": {"type": "Point", "coordinates": [-87.7312350779, 41.8988262686]}, "properties": {"name": "FLORIDA FOOD & LIQUOR", "address": "4201 W AUGUSTA BLVD", "type": "Liquor / package goods", "ca_name": "HUMBOLDT PARK", "placement_score": 11.5, "need": 12.8, "reach": 0.9, "recent_deaths_400m": 8, "nearest_nax_km": 1.29, "blight_score": 34.9, "hardship": 85, "transit_adjacent": false}}, {"type": "Feature", "geometry": {"type": "Point", "coordinates": [-87.7062530476, 41.8903891104]}, "properties": {"name": "BCQ RESTAURANT INC.", "address": "501 N KEDZIE AVE  A & B", "type": "Corner store / food mart", "ca_name": "HUMBOLDT PARK", "placement_score": 11.4, "need": 11.4, "reach": 1.0, "recent_deaths_400m": 8, "nearest_nax_km": 0.45, "blight_score": 34.9, "hardship": 85, "transit_adjacent": false}}, {"type": "Feature", "geometry": {"type": "Point", "coordinates": [-87.7597328373, 41.8910492873]}, "properties": {"name": "OHIO FOOD MART", "address": "5345 W OHIO ST", "type": "Corner store / food mart", "ca_name": "AUSTIN", "placement_score": 11.3, "need": 11.3, "reach": 1.0, "recent_deaths_400m": 7, "nearest_nax_km": 0.55, "blight_score": 50.4, "hardship": 73, "transit_adjacent": false}}, {"type": "Feature", "geometry": {"type": "Point", "coordinates": [-87.7699836083, 41.8983225226]}, "properties": {"name": "BEST FOOD", "address": "5751 W AUGUSTA BLVD 1ST", "type": "Corner store / food mart", "ca_name": "AUSTIN", "placement_score": 11.3, "need": 11.3, "reach": 1.0, "recent_deaths_400m": 7, "nearest_nax_km": 1.09, "blight_score": 50.4, "hardship": 73, "transit_adjacent": false}}, {"type": "Feature", "geometry": {"type": "Point", "coordinates": [-87.7655076571, 41.9021910503]}, "properties": {"name": "CENTRAL & DIVISION CITGO", "address": "1201 N CENTRAL AVE", "type": "Corner store / food mart", "ca_name": "AUSTIN", "placement_score": 11.3, "need": 11.3, "reach": 1.0, "recent_deaths_400m": 7, "nearest_nax_km": 0.87, "blight_score": 50.4, "hardship": 73, "transit_adjacent": false}}, {"type": "Feature", "geometry": {"type": "Point", "coordinates": [-87.7609111955, 41.898429331]}, "properties": {"name": "RAY RAY FOOD MART", "address": "5401 W AUGUSTA BLVD 1ST", "type": "Corner store / food mart", "ca_name": "AUSTIN", "placement_score": 11.3, "need": 11.3, "reach": 1.0, "recent_deaths_400m": 7, "nearest_nax_km": 1.04, "blight_score": 50.4, "hardship": 73, "transit_adjacent": false}}, {"type": "Feature", "geometry": {"type": "Point", "coordinates": [-87.7614545901, 41.9022970277]}, "properties": {"name": "AARON'S BUFFALO WINGS", "address": "5410 W DIVISION ST", "type": "Corner store / food mart", "ca_name": "AUSTIN", "placement_score": 11.3, "need": 11.3, "reach": 1.0, "recent_deaths_400m": 7, "nearest_nax_km": 1.01, "blight_score": 50.4, "hardship": 73, "transit_adjacent": false}}, {"type": "Feature", "geometry": {"type": "Point", "coordinates": [-87.7460530218, 41.9107613335]}, "properties": {"name": "GREEN ACRES FOOD & LIQUOR", "address": "1636 N CICERO AVE", "type": "Corner store / food mart", "ca_name": "AUSTIN", "placement_score": 11.3, "need": 11.3, "reach": 1.0, "recent_deaths_400m": 7, "nearest_nax_km": 0.99, "blight_score": 50.4, "hardship": 73, "transit_adjacent": false}}, {"type": "Feature", "geometry": {"type": "Point", "coordinates": [-87.7751722195, 41.9095866869]}, "properties": {"name": "ICE CREAM ON AUSTIN", "address": "1613 N AUSTIN AVE 1ST", "type": "Corner store / food mart", "ca_name": "AUSTIN", "placement_score": 11.3, "need": 11.3, "reach": 1.0, "recent_deaths_400m": 7, "nearest_nax_km": 0.52, "blight_score": 50.4, "hardship": 73, "transit_adjacent": false}}, {"type": "Feature", "geometry": {"type": "Point", "coordinates": [-87.5864285415, 41.7642768682]}, "properties": {"name": "MOO & OINK INC", "address": "7158 S STONY ISLAND AVE", "type": "Corner store / food mart", "ca_name": "SOUTH SHORE", "placement_score": 11.3, "need": 11.3, "reach": 1.0, "recent_deaths_400m": 8, "nearest_nax_km": 1.17, "blight_score": 26.8, "hardship": 55, "transit_adjacent": false}}, {"type": "Feature", "geometry": {"type": "Point", "coordinates": [-87.5857724234, 41.7659368587]}, "properties": {"name": "STARBUCKS COFFEE #2624", "address": "7101 S STONY ISLAND AVE", "type": "Corner store / food mart", "ca_name": "SOUTH SHORE", "placement_score": 11.3, "need": 11.3, "reach": 1.0, "recent_deaths_400m": 8, "nearest_nax_km": 1.27, "blight_score": 26.8, "hardship": 55, "transit_adjacent": false}}, {"type": "Feature", "geometry": {"type": "Point", "coordinates": [-87.6244827602, 41.7538824906]}, "properties": {"name": "JERK TACO MAN", "address": "7723 S STATE ST", "type": "Corner store / food mart", "ca_name": "GREATER GRAND CROSSING", "placement_score": 11.3, "need": 7.5, "reach": 1.5, "recent_deaths_400m": 5, "nearest_nax_km": 0.89, "blight_score": 35.0, "hardship": 66, "transit_adjacent": true}}, {"type": "Feature", "geometry": {"type": "Point", "coordinates": [-87.5772991892, 41.7589735393]}, "properties": {"name": "EXXON", "address": "1932 E 75TH ST", "type": "Corner store / food mart", "ca_name": "SOUTH SHORE", "placement_score": 11.3, "need": 11.3, "reach": 1.0, "recent_deaths_400m": 8, "nearest_nax_km": 1.19, "blight_score": 26.8, "hardship": 55, "transit_adjacent": false}}, {"type": "Feature", "geometry": {"type": "Point", "coordinates": [-87.5712431658, 41.7626778522]}, "properties": {"name": "Good Blessings Discount Store", "address": "2200 E 73RD ST", "type": "Corner store / food mart", "ca_name": "SOUTH SHORE", "placement_score": 11.3, "need": 11.3, "reach": 1.0, "recent_deaths_400m": 8, "nearest_nax_km": 0.63, "blight_score": 26.8, "hardship": 55, "transit_adjacent": false}}, {"type": "Feature", "geometry": {"type": "Point", "coordinates": [-87.5829504559, 41.7586888232]}, "properties": {"name": "THREE J'S BBQ & RESTAURANT", "address": "1713 E 75TH ST", "type": "Corner store / food mart", "ca_name": "SOUTH SHORE", "placement_score": 11.3, "need": 11.3, "reach": 1.0, "recent_deaths_400m": 8, "nearest_nax_km": 1.4, "blight_score": 26.8, "hardship": 55, "transit_adjacent": false}}, {"type": "Feature", "geometry": {"type": "Point", "coordinates": [-87.5699500008, 41.7517927682]}, "properties": {"name": "QUICK STOP FOOD MART", "address": "2226 E 79TH ST 1ST", "type": "Corner store / food mart", "ca_name": "SOUTH SHORE", "placement_score": 11.3, "need": 11.3, "reach": 1.0, "recent_deaths_400m": 8, "nearest_nax_km": 1.29, "blight_score": 26.8, "hardship": 55, "transit_adjacent": false}}, {"type": "Feature", "geometry": {"type": "Point", "coordinates": [-87.5750544675, 41.758779401]}, "properties": {"name": "A P DELI", "address": "2025 E 75TH ST", "type": "Corner store / food mart", "ca_name": "SOUTH SHORE", "placement_score": 11.3, "need": 11.3, "reach": 1.0, "recent_deaths_400m": 8, "nearest_nax_km": 1.03, "blight_score": 26.8, "hardship": 55, "transit_adjacent": false}}, {"type": "Feature", "geometry": {"type": "Point", "coordinates": [-87.5891852471, 41.7586287051]}, "properties": {"name": "FAMILY DOLLAR STORE #7156", "address": "1441 E 75TH ST", "type": "Corner store / food mart", "ca_name": "SOUTH SHORE", "placement_score": 11.3, "need": 11.3, "reach": 1.0, "recent_deaths_400m": 8, "nearest_nax_km": 1.02, "blight_score": 26.8, "hardship": 55, "transit_adjacent": false}}, {"type": "Feature", "geometry": {"type": "Point", "coordinates": [-87.5824595512, 41.7614917297]}, "properties": {"name": "THE RIDGELAND CORP", "address": "7330 S RIDGELAND AVE  BLDG", "type": "Corner store / food mart", "ca_name": "SOUTH SHORE", "placement_score": 11.3, "need": 11.3, "reach": 1.0, "recent_deaths_400m": 8, "nearest_nax_km": 1.49, "blight_score": 26.8, "hardship": 55, "transit_adjacent": false}}, {"type": "Feature", "geometry": {"type": "Point", "coordinates": [-87.7166762958, 41.902168575]}, "properties": {"name": "MOBIL MART", "address": "3601 W GRAND AVE 1ST", "type": "Corner store / food mart", "ca_name": "HUMBOLDT PARK", "placement_score": 11.2, "need": 11.2, "reach": 1.0, "recent_deaths_400m": 7, "nearest_nax_km": 1.22, "blight_score": 34.9, "hardship": 85, "transit_adjacent": false}}, {"type": "Feature", "geometry": {"type": "Point", "coordinates": [-87.699098183, 41.895527078]}, "properties": {"name": "TACO EL JALICIENSE", "address": "2859 W CHICAGO AVE", "type": "Corner store / food mart", "ca_name": "HUMBOLDT PARK", "placement_score": 11.2, "need": 11.2, "reach": 1.0, "recent_deaths_400m": 7, "nearest_nax_km": 0.6, "blight_score": 34.9, "hardship": 85, "transit_adjacent": false}}, {"type": "Feature", "geometry": {"type": "Point", "coordinates": [-87.7267069614, 41.8808235005]}, "properties": {"name": "LEVELZ MANAGEMENT", "address": "4024 W MADISON ST 1", "type": "Barbershop / salon", "ca_name": "WEST GARFIELD PARK", "placement_score": 11.2, "need": 18.7, "reach": 0.6, "recent_deaths_400m": 29, "nearest_nax_km": 0.2, "blight_score": 24.7, "hardship": 92, "transit_adjacent": false}}, {"type": "Feature", "geometry": {"type": "Point", "coordinates": [-87.7327749806, 41.8588683893]}, "properties": {"name": "REGGIE'S STO", "address": "4310 W 16TH ST", "type": "Corner store / food mart", "ca_name": "NORTH LAWNDALE", "placement_score": 11.1, "need": 11.1, "reach": 1.0, "recent_deaths_400m": 7, "nearest_nax_km": 0.84, "blight_score": 31.5, "hardship": 87, "transit_adjacent": false}}, {"type": "Feature", "geometry": {"type": "Point", "coordinates": [-87.732128474, 41.8483557675]}, "properties": {"name": "SPARRER SAUSAGE CO", "address": "4325 W OGDEN AVE 1", "type": "Corner store / food mart", "ca_name": "NORTH LAWNDALE", "placement_score": 11.1, "need": 11.1, "reach": 1.0, "recent_deaths_400m": 7, "nearest_nax_km": 0.61, "blight_score": 31.5, "hardship": 87, "transit_adjacent": false}}, {"type": "Feature", "geometry": {"type": "Point", "coordinates": [-87.6643450657, 41.7904800194]}, "properties": {"name": "57TH SUPERMARKET, INC.", "address": "5659 S ASHLAND AVE", "type": "Corner store / food mart", "ca_name": "WEST ENGLEWOOD", "placement_score": 11.1, "need": 11.1, "reach": 1.0, "recent_deaths_400m": 6, "nearest_nax_km": 0.9, "blight_score": 80.9, "hardship": 89, "transit_adjacent": false}}, {"type": "Feature", "geometry": {"type": "Point", "coordinates": [-87.7346490113, 41.8607072551]}, "properties": {"name": "OLD FASHION MEAT & PRODUCE, INC.", "address": "1457 S KOSTNER AVE", "type": "Corner store / food mart", "ca_name": "NORTH LAWNDALE", "placement_score": 11.1, "need": 11.1, "reach": 1.0, "recent_deaths_400m": 7, "nearest_nax_km": 0.71, "blight_score": 31.5, "hardship": 87, "transit_adjacent": false}}, {"type": "Feature", "geometry": {"type": "Point", "coordinates": [-87.720307106, 41.8590265899]}, "properties": {"name": "THE SOUL FOOD LOUNGE", "address": "3804 W 16TH ST", "type": "Corner store / food mart", "ca_name": "NORTH LAWNDALE", "placement_score": 11.1, "need": 11.1, "reach": 1.0, "recent_deaths_400m": 7, "nearest_nax_km": 0.72, "blight_score": 31.5, "hardship": 87, "transit_adjacent": false}}, {"type": "Feature", "geometry": {"type": "Point", "coordinates": [-87.7067053251, 41.8956153135]}, "properties": {"name": "SUBWAY", "address": "800 N KEDZIE AVE LST 301", "type": "Corner store / food mart", "ca_name": "HUMBOLDT PARK", "placement_score": 11.0, "need": 11.0, "reach": 1.0, "recent_deaths_400m": 23, "nearest_nax_km": 0.14, "blight_score": 34.9, "hardship": 85, "transit_adjacent": false}}, {"type": "Feature", "geometry": {"type": "Point", "coordinates": [-87.7455188786, 41.8909700567]}, "properties": {"name": "CICERO FOOD MART", "address": "547 N CICERO AVE 1ST", "type": "Corner store / food mart", "ca_name": "AUSTIN", "placement_score": 11.0, "need": 11.0, "reach": 1.0, "recent_deaths_400m": 7, "nearest_nax_km": 0.49, "blight_score": 50.4, "hardship": 73, "transit_adjacent": false}}, {"type": "Feature", "geometry": {"type": "Point", "coordinates": [-87.6439444351, 41.7526032861]}, "properties": {"name": "NEILS FOOD INC", "address": "7757 S HALSTED ST", "type": "Corner store / food mart", "ca_name": "AUBURN GRESHAM", "placement_score": 11.0, "need": 11.0, "reach": 1.0, "recent_deaths_400m": 7, "nearest_nax_km": 1.02, "blight_score": 39.4, "hardship": 74, "transit_adjacent": false}}, {"type": "Feature", "geometry": {"type": "Point", "coordinates": [-87.6058920375, 41.7855025034]}, "properties": {"name": "FOUR STAR GAS", "address": "6011 S COTTAGE GROVE AVE", "type": "Corner store / food mart", "ca_name": "WOODLAWN", "placement_score": 11.0, "need": 11.0, "reach": 1.0, "recent_deaths_400m": 8, "nearest_nax_km": 0.6, "blight_score": 17.2, "hardship": 58, "transit_adjacent": false}}, {"type": "Feature", "geometry": {"type": "Point", "coordinates": [-87.7032068591, 41.7756391494]}, "properties": {"name": "BURGER KING #5495", "address": "6448 S KEDZIE AVE", "type": "Corner store / food mart", "ca_name": "CHICAGO LAWN", "placement_score": 11.0, "need": 11.0, "reach": 1.0, "recent_deaths_400m": 7, "nearest_nax_km": 0.7, "blight_score": 34.7, "hardship": 80, "transit_adjacent": false}}, {"type": "Feature", "geometry": {"type": "Point", "coordinates": [-87.6486434257, 41.7365436003]}, "properties": {"name": "BP", "address": "8642-8650 S MORGAN ST 1ST", "type": "Corner store / food mart", "ca_name": "AUBURN GRESHAM", "placement_score": 11.0, "need": 11.0, "reach": 1.0, "recent_deaths_400m": 7, "nearest_nax_km": 0.88, "blight_score": 39.4, "hardship": 74, "transit_adjacent": false}}, {"type": "Feature", "geometry": {"type": "Point", "coordinates": [-87.6441924433, 41.7507315684]}, "properties": {"name": "OSCO DRUG STORE #2465", "address": "7858 S HALSTED ST", "type": "Corner store / food mart", "ca_name": "AUBURN GRESHAM", "placement_score": 11.0, "need": 11.0, "reach": 1.0, "recent_deaths_400m": 7, "nearest_nax_km": 1.12, "blight_score": 39.4, "hardship": 74, "transit_adjacent": false}}, {"type": "Feature", "geometry": {"type": "Point", "coordinates": [-87.6729858398, 41.7501893423]}, "properties": {"name": "GREAT STEAK & POTATO CO.", "address": "7901 S DAMEN AVE", "type": "Corner store / food mart", "ca_name": "AUBURN GRESHAM", "placement_score": 11.0, "need": 11.0, "reach": 1.0, "recent_deaths_400m": 7, "nearest_nax_km": 1.74, "blight_score": 39.4, "hardship": 74, "transit_adjacent": false}}, {"type": "Feature", "geometry": {"type": "Point", "coordinates": [-87.6942868985, 41.771919242]}, "properties": {"name": "MARQUETTE GROCERY STORE", "address": "2824 W MARQUETTE RD", "type": "Corner store / food mart", "ca_name": "CHICAGO LAWN", "placement_score": 11.0, "need": 11.0, "reach": 1.0, "recent_deaths_400m": 7, "nearest_nax_km": 1.35, "blight_score": 34.7, "hardship": 80, "transit_adjacent": false}}, {"type": "Feature", "geometry": {"type": "Point", "coordinates": [-87.6833858389, 41.7751165659]}, "properties": {"name": "MCDONALD'S", "address": "6515 S WESTERN AVE", "type": "Corner store / food mart", "ca_name": "CHICAGO LAWN", "placement_score": 11.0, "need": 11.0, "reach": 1.0, "recent_deaths_400m": 7, "nearest_nax_km": 1.32, "blight_score": 34.7, "hardship": 80, "transit_adjacent": false}}, {"type": "Feature", "geometry": {"type": "Point", "coordinates": [-87.7295305621, 41.9099521123]}, "properties": {"name": "ASI ES GUERRERO", "address": "4114 W NORTH AVE", "type": "Corner store / food mart", "ca_name": "HUMBOLDT PARK", "placement_score": 10.9, "need": 10.9, "reach": 1.0, "recent_deaths_400m": 9, "nearest_nax_km": 0.38, "blight_score": 34.9, "hardship": 85, "transit_adjacent": false}}, {"type": "Feature", "geometry": {"type": "Point", "coordinates": [-87.705060426, 41.8810954108]}, "properties": {"name": "CVS PHARMACY #4094", "address": "3146 W MADISON ST", "type": "Corner store / food mart", "ca_name": "EAST GARFIELD PARK", "placement_score": 10.9, "need": 7.2, "reach": 1.5, "recent_deaths_400m": 16, "nearest_nax_km": 0.13, "blight_score": 18.6, "hardship": 83, "transit_adjacent": true}}, {"type": "Feature", "geometry": {"type": "Point", "coordinates": [-87.773378177, 41.9093903894]}, "properties": {"name": "N & M FOOD MART, INC.", "address": "5914 W NORTH AVE 1ST", "type": "Corner store / food mart", "ca_name": "AUSTIN", "placement_score": 10.8, "need": 10.8, "reach": 1.0, "recent_deaths_400m": 9, "nearest_nax_km": 0.37, "blight_score": 50.4, "hardship": 73, "transit_adjacent": false}}, {"type": "Feature", "geometry": {"type": "Point", "coordinates": [-87.6670936714, 41.7795212849]}, "properties": {"name": "D'S HOUSE", "address": "1708 W 63RD ST 1 1", "type": "Corner store / food mart", "ca_name": "WEST ENGLEWOOD", "placement_score": 10.8, "need": 7.2, "reach": 1.5, "recent_deaths_400m": 13, "nearest_nax_km": 0.12, "blight_score": 80.9, "hardship": 89, "transit_adjacent": true}}, {"type": "Feature", "geometry": {"type": "Point", "coordinates": [-87.762891862, 41.8947633648]}, "properties": {"name": "Kutten Up Inc.", "address": "5457 W CHICAGO AVE", "type": "Barbershop / salon", "ca_name": "AUSTIN", "placement_score": 10.7, "need": 17.8, "reach": 0.6, "recent_deaths_400m": 11, "nearest_nax_km": 0.68, "blight_score": 50.4, "hardship": 73, "transit_adjacent": false}}, {"type": "Feature", "geometry": {"type": "Point", "coordinates": [-87.7024310246, 41.8876777423]}, "properties": {"name": "CITY PRESS JUICE & BOTTLE", "address": "3026 W CARROLL AVE", "type": "Corner store / food mart", "ca_name": "EAST GARFIELD PARK", "placement_score": 10.6, "need": 10.6, "reach": 1.0, "recent_deaths_400m": 7, "nearest_nax_km": 0.81, "blight_score": 18.6, "hardship": 83, "transit_adjacent": false}}, {"type": "Feature", "geometry": {"type": "Point", "coordinates": [-87.6201806148, 41.7584263999]}, "properties": {"name": "MARATHON GAS", "address": "130 E 75TH ST", "type": "Gas / filling station", "ca_name": "GREATER GRAND CROSSING", "placement_score": 10.5, "need": 10.5, "reach": 1.0, "recent_deaths_400m": 7, "nearest_nax_km": 0.96, "blight_score": 35.0, "hardship": 66, "transit_adjacent": false}}, {"type": "Feature", "geometry": {"type": "Point", "coordinates": [-87.6284166431, 41.7647358627]}, "properties": {"name": "NEW SHARKS FISH AND CHICKEN INC.", "address": "7122 S VINCENNES AVE 1ST", "type": "Corner store / food mart", "ca_name": "GREATER GRAND CROSSING", "placement_score": 10.5, "need": 10.5, "reach": 1.0, "recent_deaths_400m": 7, "nearest_nax_km": 1.47, "blight_score": 35.0, "hardship": 66, "transit_adjacent": false}}, {"type": "Feature", "geometry": {"type": "Point", "coordinates": [-87.6057301214, 41.777998196]}, "properties": {"name": "HAROLD'S CHICKEN SHACK #2", "address": "6419 S COTTAGE GROVE AVE", "type": "Corner store / food mart", "ca_name": "WOODLAWN", "placement_score": 10.5, "need": 7.0, "reach": 1.5, "recent_deaths_400m": 10, "nearest_nax_km": 0.26, "blight_score": 17.2, "hardship": 58, "transit_adjacent": true}}, {"type": "Feature", "geometry": {"type": "Point", "coordinates": [-87.6146782713, 41.7603514566]}, "properties": {"name": "UNCLE JOE'S", "address": "410-414 E 74TH ST 1-2", "type": "Corner store / food mart", "ca_name": "GREATER GRAND CROSSING", "placement_score": 10.5, "need": 10.5, "reach": 1.0, "recent_deaths_400m": 7, "nearest_nax_km": 1.05, "blight_score": 35.0, "hardship": 66, "transit_adjacent": false}}, {"type": "Feature", "geometry": {"type": "Point", "coordinates": [-87.6334722346, 41.7654853148]}, "properties": {"name": "HAL SYLVERS", "address": "330 W 71ST ST", "type": "Corner store / food mart", "ca_name": "GREATER GRAND CROSSING", "placement_score": 10.5, "need": 10.5, "reach": 1.0, "recent_deaths_400m": 7, "nearest_nax_km": 1.38, "blight_score": 35.0, "hardship": 66, "transit_adjacent": false}}, {"type": "Feature", "geometry": {"type": "Point", "coordinates": [-87.6234615029, 41.69991347]}, "properties": {"name": "BIG SAMS MINI MART", "address": "10658 S STATE ST 1", "type": "Corner store / food mart", "ca_name": "ROSELAND", "placement_score": 10.5, "need": 10.5, "reach": 1.0, "recent_deaths_400m": 7, "nearest_nax_km": 0.77, "blight_score": 48.9, "hardship": 52, "transit_adjacent": false}}, {"type": "Feature", "geometry": {"type": "Point", "coordinates": [-87.6170119965, 41.7691986564]}, "properties": {"name": "UNCLE JOHN'S BAR-B-QUE", "address": "337 E 69TH ST", "type": "Corner store / food mart", "ca_name": "GREATER GRAND CROSSING", "placement_score": 10.5, "need": 10.5, "reach": 1.0, "recent_deaths_400m": 7, "nearest_nax_km": 1.48, "blight_score": 35.0, "hardship": 66, "transit_adjacent": false}}, {"type": "Feature", "geometry": {"type": "Point", "coordinates": [-87.6099249886, 41.6931463706]}, "properties": {"name": "REGGIE'S DOG HOUSE", "address": "11052 S COTTAGE GROVE AVE 1ST", "type": "Corner store / food mart", "ca_name": "ROSELAND", "placement_score": 10.5, "need": 10.5, "reach": 1.0, "recent_deaths_400m": 7, "nearest_nax_km": 0.68, "blight_score": 48.9, "hardship": 52, "transit_adjacent": false}}, {"type": "Feature", "geometry": {"type": "Point", "coordinates": [-87.627942669, 41.6998616648]}, "properties": {"name": "FOOD EXPRESS,INC.", "address": "10659 S WENTWORTH AVE", "type": "Corner store / food mart", "ca_name": "ROSELAND", "placement_score": 10.5, "need": 10.5, "reach": 1.0, "recent_deaths_400m": 7, "nearest_nax_km": 1.03, "blight_score": 48.9, "hardship": 52, "transit_adjacent": false}}, {"type": "Feature", "geometry": {"type": "Point", "coordinates": [-87.7656035599, 41.9048103582]}, "properties": {"name": "M & H FOOD MART 1", "address": "1325 N CENTRAL AVE", "type": "Tobacco / vape", "ca_name": "AUSTIN", "placement_score": 10.2, "need": 14.6, "reach": 0.7, "recent_deaths_400m": 9, "nearest_nax_km": 0.6, "blight_score": 50.4, "hardship": 73, "transit_adjacent": false}}, {"type": "Feature", "geometry": {"type": "Point", "coordinates": [-87.6150493107, 41.7486300017]}, "properties": {"name": "CARRIBEAN COVE RESTAURANT", "address": "8020 S DR MARTIN LUTHER KING JR DR 1 FRONT", "type": "Corner store / food mart", "ca_name": "CHATHAM", "placement_score": 10.1, "need": 10.1, "reach": 1.0, "recent_deaths_400m": 14, "nearest_nax_km": 0.26, "blight_score": 20.3, "hardship": 60, "transit_adjacent": false}}, {"type": "Feature", "geometry": {"type": "Point", "coordinates": [-87.7073421617, 41.7790142647]}, "properties": {"name": "CELIS NUTRITION", "address": "3344 W 63RD ST", "type": "Corner store / food mart", "ca_name": "CHICAGO LAWN", "placement_score": 10.0, "need": 10.0, "reach": 1.0, "recent_deaths_400m": 7, "nearest_nax_km": 0.45, "blight_score": 34.7, "hardship": 80, "transit_adjacent": false}}, {"type": "Feature", "geometry": {"type": "Point", "coordinates": [-87.7018588272, 41.8920930242]}, "properties": {"name": "GOOSE ISLAND BEER COMPANY", "address": "603 N SACRAMENTO BLVD 1ST", "type": "Corner store / food mart", "ca_name": "HUMBOLDT PARK", "placement_score": 9.9, "need": 9.9, "reach": 1.0, "recent_deaths_400m": 7, "nearest_nax_km": 0.44, "blight_score": 34.9, "hardship": 85, "transit_adjacent": false}}, {"type": "Feature", "geometry": {"type": "Point", "coordinates": [-87.5863326622, 41.7606323833]}, "properties": {"name": "SUBWAY", "address": "7358 S STONY ISLAND AVE 1ST", "type": "Corner store / food mart", "ca_name": "SOUTH SHORE", "placement_score": 9.9, "need": 9.9, "reach": 1.0, "recent_deaths_400m": 7, "nearest_nax_km": 1.18, "blight_score": 26.8, "hardship": 55, "transit_adjacent": false}}, {"type": "Feature", "geometry": {"type": "Point", "coordinates": [-87.5596166825, 41.7632350239]}, "properties": {"name": "LAKESIDE COMMISSARY", "address": "7337 S SOUTH SHORE DR", "type": "Corner store / food mart", "ca_name": "SOUTH SHORE", "placement_score": 9.9, "need": 9.9, "reach": 1.0, "recent_deaths_400m": 10, "nearest_nax_km": 0.35, "blight_score": 26.8, "hardship": 55, "transit_adjacent": false}}, {"type": "Feature", "geometry": {"type": "Point", "coordinates": [-87.6211866738, 41.6932238217]}, "properties": {"name": "WALGREENS #2210", "address": "11040 S MICHIGAN AVE", "type": "Corner store / food mart", "ca_name": "ROSELAND", "placement_score": 9.9, "need": 9.9, "reach": 1.0, "recent_deaths_400m": 11, "nearest_nax_km": 0.3, "blight_score": 48.9, "hardship": 52, "transit_adjacent": false}}, {"type": "Feature", "geometry": {"type": "Point", "coordinates": [-87.6072520663, 41.780499956]}, "properties": {"name": "EVANS FOOD MART", "address": "726 E 63RD ST 1ST", "type": "Corner store / food mart", "ca_name": "WOODLAWN", "placement_score": 9.9, "need": 6.6, "reach": 1.5, "recent_deaths_400m": 16, "nearest_nax_km": 0.05, "blight_score": 17.2, "hardship": 58, "transit_adjacent": true}}, {"type": "Feature", "geometry": {"type": "Point", "coordinates": [-87.6676448448, 41.7756960983]}, "properties": {"name": "HERMITAGE  MINI MART INC.", "address": "6501 S HERMITAGE AVE 1ST", "type": "Corner store / food mart", "ca_name": "WEST ENGLEWOOD", "placement_score": 9.9, "need": 9.9, "reach": 1.0, "recent_deaths_400m": 7, "nearest_nax_km": 0.38, "blight_score": 80.9, "hardship": 89, "transit_adjacent": false}}, {"type": "Feature", "geometry": {"type": "Point", "coordinates": [-87.5863831101, 41.7696498146]}, "properties": {"name": "SUNRISE FOOD MART", "address": "6900 S STONY ISLAND AVE 1ST", "type": "Corner store / food mart", "ca_name": "SOUTH SHORE", "placement_score": 9.9, "need": 9.9, "reach": 1.0, "recent_deaths_400m": 7, "nearest_nax_km": 1.4, "blight_score": 26.8, "hardship": 55, "transit_adjacent": false}}, {"type": "Feature", "geometry": {"type": "Point", "coordinates": [-87.7339241602, 41.9062516305]}, "properties": {"name": "DANIA FOOD MART INC.", "address": "1400 N KILDARE AVE", "type": "Corner store / food mart", "ca_name": "HUMBOLDT PARK", "placement_score": 9.8, "need": 9.8, "reach": 1.0, "recent_deaths_400m": 7, "nearest_nax_km": 0.44, "blight_score": 34.9, "hardship": 85, "transit_adjacent": false}}, {"type": "Feature", "geometry": {"type": "Point", "coordinates": [-87.7645047392, 41.8746204849]}, "properties": {"name": "VAN-CENTRAL FOOD & LIQUOR", "address": "5575 W VAN BUREN ST", "type": "Corner store / food mart", "ca_name": "AUSTIN", "placement_score": 9.7, "need": 9.7, "reach": 1.0, "recent_deaths_400m": 6, "nearest_nax_km": 1.61, "blight_score": 50.4, "hardship": 73, "transit_adjacent": false}}, {"type": "Feature", "geometry": {"type": "Point", "coordinates": [-87.7766327522, 41.909350413]}, "properties": {"name": "KENTUCKY FRIED CHICKEN", "address": "6034 W NORTH AVE", "type": "Corner store / food mart", "ca_name": "AUSTIN", "placement_score": 9.7, "need": 9.7, "reach": 1.0, "recent_deaths_400m": 6, "nearest_nax_km": 0.64, "blight_score": 50.4, "hardship": 73, "transit_adjacent": false}}, {"type": "Feature", "geometry": {"type": "Point", "coordinates": [-87.7450696993, 41.9134299725]}, "properties": {"name": "PEPE'S", "address": "4743 W GRAND AVE", "type": "Corner store / food mart", "ca_name": "AUSTIN", "placement_score": 9.7, "need": 9.7, "reach": 1.0, "recent_deaths_400m": 6, "nearest_nax_km": 0.98, "blight_score": 50.4, "hardship": 73, "transit_adjacent": false}}, {"type": "Feature", "geometry": {"type": "Point", "coordinates": [-87.7457920945, 41.9123312807]}, "properties": {"name": "TAQUERIA LOS MOLCAJETES #2", "address": "1729 N CICERO AVE", "type": "Corner store / food mart", "ca_name": "AUSTIN", "placement_score": 9.7, "need": 9.7, "reach": 1.0, "recent_deaths_400m": 6, "nearest_nax_km": 1.0, "blight_score": 50.4, "hardship": 73, "transit_adjacent": false}}, {"type": "Feature", "geometry": {"type": "Point", "coordinates": [-87.7433762957, 41.909764527]}, "properties": {"name": "UNCLE REMUS CHICKEN", "address": "4650 W NORTH AVE", "type": "Corner store / food mart", "ca_name": "AUSTIN", "placement_score": 9.7, "need": 9.7, "reach": 1.0, "recent_deaths_400m": 6, "nearest_nax_km": 0.77, "blight_score": 50.4, "hardship": 73, "transit_adjacent": false}}, {"type": "Feature", "geometry": {"type": "Point", "coordinates": [-87.7637721908, 41.8729475328]}, "properties": {"name": "RAHAT SUPER MARKET", "address": "5556 W HARRISON ST", "type": "Corner store / food mart", "ca_name": "AUSTIN", "placement_score": 9.7, "need": 9.7, "reach": 1.0, "recent_deaths_400m": 6, "nearest_nax_km": 1.8, "blight_score": 50.4, "hardship": 73, "transit_adjacent": false}}, {"type": "Feature", "geometry": {"type": "Point", "coordinates": [-87.7450805105, 41.9095290577]}, "properties": {"name": "MARIN'S ICE CREAM SHOP", "address": "4737 1/2 W NORTH AVE 1ST", "type": "Corner store / food mart", "ca_name": "AUSTIN", "placement_score": 9.7, "need": 9.7, "reach": 1.0, "recent_deaths_400m": 6, "nearest_nax_km": 0.9, "blight_score": 50.4, "hardship": 73, "transit_adjacent": false}}, {"type": "Feature", "geometry": {"type": "Point", "coordinates": [-87.7195395459, 41.9098499206]}, "properties": {"name": "MOPED CAFE CAFE", "address": "3707 3709 W NORTH AVE 1ST", "type": "Corner store / food mart", "ca_name": "HUMBOLDT PARK", "placement_score": 9.6, "need": 9.6, "reach": 1.0, "recent_deaths_400m": 6, "nearest_nax_km": 1.18, "blight_score": 34.9, "hardship": 85, "transit_adjacent": false}}, {"type": "Feature", "geometry": {"type": "Point", "coordinates": [-87.7274689821, 41.9117869225]}, "properties": {"name": "LUIS RIVERA", "address": "1701 N KEYSTONE AVE", "type": "Corner store / food mart", "ca_name": "HUMBOLDT PARK", "placement_score": 9.6, "need": 9.6, "reach": 1.0, "recent_deaths_400m": 6, "nearest_nax_km": 0.58, "blight_score": 34.9, "hardship": 85, "transit_adjacent": false}}, {"type": "Feature", "geometry": {"type": "Point", "coordinates": [-87.7119201778, 41.9057612122]}, "properties": {"name": "LA PALMA RESTAURANT", "address": "1340 N HOMAN AVE  MAIN", "type": "Corner store / food mart", "ca_name": "HUMBOLDT PARK", "placement_score": 9.6, "need": 9.6, "reach": 1.0, "recent_deaths_400m": 6, "nearest_nax_km": 0.75, "blight_score": 34.9, "hardship": 85, "transit_adjacent": false}}, {"type": "Feature", "geometry": {"type": "Point", "coordinates": [-87.7306826519, 41.8953916538]}, "properties": {"name": "H & N FOODS LLC", "address": "4152 W CHICAGO AVE", "type": "Corner store / food mart", "ca_name": "HUMBOLDT PARK", "placement_score": 9.6, "need": 9.6, "reach": 1.0, "recent_deaths_400m": 6, "nearest_nax_km": 1.13, "blight_score": 34.9, "hardship": 85, "transit_adjacent": false}}, {"type": "Feature", "geometry": {"type": "Point", "coordinates": [-87.7062150307, 41.8890955922]}, "properties": {"name": "CHILLY.EEE PHILLY'S & BEEF'S", "address": "427 N KEDZIE AVE", "type": "Corner store / food mart", "ca_name": "HUMBOLDT PARK", "placement_score": 9.6, "need": 9.6, "reach": 1.0, "recent_deaths_400m": 6, "nearest_nax_km": 0.59, "blight_score": 34.9, "hardship": 85, "transit_adjacent": false}}, {"type": "Feature", "geometry": {"type": "Point", "coordinates": [-87.7069135127, 41.9029404715]}, "properties": {"name": "HINKEY DINKY FOOD MART, INC.", "address": "3200-3206 W DIVISION ST", "type": "Corner store / food mart", "ca_name": "HUMBOLDT PARK", "placement_score": 9.6, "need": 9.6, "reach": 1.0, "recent_deaths_400m": 6, "nearest_nax_km": 0.84, "blight_score": 34.9, "hardship": 85, "transit_adjacent": false}}, {"type": "Feature", "geometry": {"type": "Point", "coordinates": [-87.7507284225, 41.8921151399]}, "properties": {"name": "SPOTLITE GROCERY", "address": "5001 W ERIE ST", "type": "Tobacco / vape", "ca_name": "AUSTIN", "placement_score": 9.6, "need": 13.6, "reach": 0.7, "recent_deaths_400m": 10, "nearest_nax_km": 0.42, "blight_score": 50.4, "hardship": 73, "transit_adjacent": false}}, {"type": "Feature", "geometry": {"type": "Point", "coordinates": [-87.5864366257, 41.7752200873]}, "properties": {"name": "MCDONALD'S", "address": "6560 S STONY ISLAND AVE 1 1", "type": "Corner store / food mart", "ca_name": "WOODLAWN", "placement_score": 9.6, "need": 9.6, "reach": 1.0, "recent_deaths_400m": 7, "nearest_nax_km": 1.78, "blight_score": 17.2, "hardship": 58, "transit_adjacent": false}}, {"type": "Feature", "geometry": {"type": "Point", "coordinates": [-87.7409027063, 41.7990982897]}, "properties": {"name": "BORINKEN CAKES", "address": "5328 S ARCHER AVE", "type": "Corner store / food mart", "ca_name": "GARFIELD RIDGE", "placement_score": 9.6, "need": 9.6, "reach": 1.0, "recent_deaths_400m": 8, "nearest_nax_km": 1.2, "blight_score": 6.9, "hardship": 32, "transit_adjacent": false}}, {"type": "Feature", "geometry": {"type": "Point", "coordinates": [-87.7218327953, 41.8519328608]}, "properties": {"name": "4 SISTERS RESTAURANT", "address": "3853 W OGDEN AVE", "type": "Corner store / food mart", "ca_name": "NORTH LAWNDALE", "placement_score": 9.6, "need": 6.4, "reach": 1.5, "recent_deaths_400m": 4, "nearest_nax_km": 0.59, "blight_score": 31.5, "hardship": 87, "transit_adjacent": true}}, {"type": "Feature", "geometry": {"type": "Point", "coordinates": [-87.7344700864, 41.8550634951]}, "properties": {"name": "ARNOLDS HOLDINGS", "address": "1865 S KOSTNER AVE", "type": "Corner store / food mart", "ca_name": "NORTH LAWNDALE", "placement_score": 9.6, "need": 6.4, "reach": 1.5, "recent_deaths_400m": 4, "nearest_nax_km": 1.18, "blight_score": 31.5, "hardship": 87, "transit_adjacent": true}}, {"type": "Feature", "geometry": {"type": "Point", "coordinates": [-87.5963492177, 41.7804610046]}, "properties": {"name": "ROBUST COFFEE LOUNGE LLC", "address": "6300 S WOODLAWN AVE 1ST", "type": "Corner store / food mart", "ca_name": "WOODLAWN", "placement_score": 9.6, "need": 9.6, "reach": 1.0, "recent_deaths_400m": 7, "nearest_nax_km": 0.87, "blight_score": 17.2, "hardship": 58, "transit_adjacent": false}}, {"type": "Feature", "geometry": {"type": "Point", "coordinates": [-87.5687786244, 41.7494506042]}, "properties": {"name": "SOUTH SHORE HOSPITAL", "address": "8012 S CRANDON AVE 1ST", "type": "Corner store / food mart", "ca_name": "SOUTH CHICAGO", "placement_score": 9.5, "need": 9.5, "reach": 1.0, "recent_deaths_400m": 6, "nearest_nax_km": 1.49, "blight_score": 40.7, "hardship": 75, "transit_adjacent": false}}, {"type": "Feature", "geometry": {"type": "Point", "coordinates": [-87.5752614635, 41.744227983]}, "properties": {"name": "KFC", "address": "8307 S SOUTH CHICAGO AVE 1ST", "type": "Corner store / food mart", "ca_name": "SOUTH CHICAGO", "placement_score": 9.5, "need": 9.5, "reach": 1.0, "recent_deaths_400m": 6, "nearest_nax_km": 0.95, "blight_score": 40.7, "hardship": 75, "transit_adjacent": false}}, {"type": "Feature", "geometry": {"type": "Point", "coordinates": [-87.6278850415, 41.6976761389]}, "properties": {"name": "HALA FOOD MARKET INC.", "address": "10809 S WENTWORTH AVE", "type": "Tobacco / vape", "ca_name": "ROSELAND", "placement_score": 9.5, "need": 13.5, "reach": 0.7, "recent_deaths_400m": 9, "nearest_nax_km": 0.9, "blight_score": 48.9, "hardship": 52, "transit_adjacent": false}}, {"type": "Feature", "geometry": {"type": "Point", "coordinates": [-87.5505279974, 41.7445617616]}, "properties": {"name": "Chico's Oven/LS41 Consulting", "address": "3023 E 83RD ST 1", "type": "Corner store / food mart", "ca_name": "SOUTH CHICAGO", "placement_score": 9.5, "need": 9.5, "reach": 1.0, "recent_deaths_400m": 6, "nearest_nax_km": 1.58, "blight_score": 40.7, "hardship": 75, "transit_adjacent": false}}, {"type": "Feature", "geometry": {"type": "Point", "coordinates": [-87.5465408811, 41.7448111111]}, "properties": {"name": "BRANDON'S FOOD MART", "address": "8261 S BRANDON AVE 1ST", "type": "Corner store / food mart", "ca_name": "SOUTH CHICAGO", "placement_score": 9.5, "need": 9.5, "reach": 1.0, "recent_deaths_400m": 6, "nearest_nax_km": 1.62, "blight_score": 40.7, "hardship": 75, "transit_adjacent": false}}, {"type": "Feature", "geometry": {"type": "Point", "coordinates": [-87.6838859946, 41.7828162034]}, "properties": {"name": "DUNKIN DONUTS & BASKIN ROBBINS", "address": "6100 S WESTERN AVE 1ST", "type": "Corner store / food mart", "ca_name": "CHICAGO LAWN", "placement_score": 9.4, "need": 9.4, "reach": 1.0, "recent_deaths_400m": 6, "nearest_nax_km": 1.35, "blight_score": 34.7, "hardship": 80, "transit_adjacent": false}}, {"type": "Feature", "geometry": {"type": "Point", "coordinates": [-87.6833369061, 41.7627838419]}, "properties": {"name": "MARQUETE MOBILE INC", "address": "7200 S WESTERN AVE", "type": "Corner store / food mart", "ca_name": "CHICAGO LAWN", "placement_score": 9.4, "need": 9.4, "reach": 1.0, "recent_deaths_400m": 6, "nearest_nax_km": 2.19, "blight_score": 34.7, "hardship": 80, "transit_adjacent": false}}, {"type": "Feature", "geometry": {"type": "Point", "coordinates": [-87.6468375178, 41.7359170537]}, "properties": {"name": "HAROLD'S CHICKEN SHACK", "address": "917 W 87TH ST 1ST", "type": "Corner store / food mart", "ca_name": "AUBURN GRESHAM", "placement_score": 9.4, "need": 9.4, "reach": 1.0, "recent_deaths_400m": 6, "nearest_nax_km": 0.98, "blight_score": 39.4, "hardship": 74, "transit_adjacent": false}}, {"type": "Feature", "geometry": {"type": "Point", "coordinates": [-87.7017858374, 41.7718007954]}, "properties": {"name": "MARQUETTE PARK FOOD, INC.", "address": "3132 W MARQUETTE RD", "type": "Corner store / food mart", "ca_name": "CHICAGO LAWN", "placement_score": 9.4, "need": 9.4, "reach": 1.0, "recent_deaths_400m": 6, "nearest_nax_km": 1.14, "blight_score": 34.7, "hardship": 80, "transit_adjacent": false}}, {"type": "Feature", "geometry": {"type": "Point", "coordinates": [-87.6440350887, 41.7559994533]}, "properties": {"name": "MR. J FISH & CHICKEN", "address": "7601 S HALSTED ST", "type": "Corner store / food mart", "ca_name": "AUBURN GRESHAM", "placement_score": 9.4, "need": 9.4, "reach": 1.0, "recent_deaths_400m": 6, "nearest_nax_km": 0.87, "blight_score": 39.4, "hardship": 74, "transit_adjacent": false}}, {"type": "Feature", "geometry": {"type": "Point", "coordinates": [-87.6416666454, 41.7507874985]}, "properties": {"name": "SALAAM RESTAURANT AND BAKERY", "address": "700-706 W 79TH ST 1ST & 2ND", "type": "Corner store / food mart", "ca_name": "AUBURN GRESHAM", "placement_score": 9.4, "need": 9.4, "reach": 1.0, "recent_deaths_400m": 6, "nearest_nax_km": 1.28, "blight_score": 39.4, "hardship": 74, "transit_adjacent": false}}, {"type": "Feature", "geometry": {"type": "Point", "coordinates": [-87.7031561731, 41.7745259778]}, "properties": {"name": "ROGER'S FOOD", "address": "3200 W 65TH PL", "type": "Corner store / food mart", "ca_name": "CHICAGO LAWN", "placement_score": 9.4, "need": 9.4, "reach": 1.0, "recent_deaths_400m": 6, "nearest_nax_km": 0.83, "blight_score": 34.7, "hardship": 80, "transit_adjacent": false}}, {"type": "Feature", "geometry": {"type": "Point", "coordinates": [-87.7062965831, 41.8918191112]}, "properties": {"name": "KEDZIE & OHIO GROCERY PLUS, INC.", "address": "549 N KEDZIE AVE 1", "type": "Corner store / food mart", "ca_name": "HUMBOLDT PARK", "placement_score": 9.2, "need": 9.2, "reach": 1.0, "recent_deaths_400m": 10, "nearest_nax_km": 0.29, "blight_score": 34.9, "hardship": 85, "transit_adjacent": false}}, {"type": "Feature", "geometry": {"type": "Point", "coordinates": [-87.6635339505, 41.7609122509]}, "properties": {"name": "MAGA WAREHOUSE, INC", "address": "7311 S ASHLAND AVE 1ST", "type": "Corner store / food mart", "ca_name": "WEST ENGLEWOOD", "placement_score": 9.2, "need": 9.2, "reach": 1.0, "recent_deaths_400m": 5, "nearest_nax_km": 0.86, "blight_score": 80.9, "hardship": 89, "transit_adjacent": false}}, {"type": "Feature", "geometry": {"type": "Point", "coordinates": [-87.7152949516, 41.8849872779]}, "properties": {"name": "CUTS BY TEZ", "address": "3544 W LAKE ST 1ST", "type": "Barbershop / salon", "ca_name": "EAST GARFIELD PARK", "placement_score": 9.2, "need": 10.2, "reach": 0.9, "recent_deaths_400m": 7, "nearest_nax_km": 0.49, "blight_score": 18.6, "hardship": 83, "transit_adjacent": true}}, {"type": "Feature", "geometry": {"type": "Point", "coordinates": [-87.701234307, 41.8863732309]}, "properties": {"name": "CITGO ON FULTON", "address": "2959 W FULTON ST 1ST", "type": "Gas / filling station", "ca_name": "EAST GARFIELD PARK", "placement_score": 9.0, "need": 9.0, "reach": 1.0, "recent_deaths_400m": 6, "nearest_nax_km": 0.78, "blight_score": 18.6, "hardship": 83, "transit_adjacent": false}}, {"type": "Feature", "geometry": {"type": "Point", "coordinates": [-87.6300589479, 41.7612602139]}, "properties": {"name": "HAROLD'S CHICKEN SHACK", "address": "7318 S VINCENNES AVE 1", "type": "Corner store / food mart", "ca_name": "GREATER GRAND CROSSING", "placement_score": 9.0, "need": 9.0, "reach": 1.0, "recent_deaths_400m": 6, "nearest_nax_km": 1.73, "blight_score": 35.0, "hardship": 66, "transit_adjacent": false}}, {"type": "Feature", "geometry": {"type": "Point", "coordinates": [-87.6124530955, 41.7658684404]}, "properties": {"name": "FRANCES ICE CREAME & SWEET SHOP, INC.", "address": "508 E 71ST ST 1ST", "type": "Corner store / food mart", "ca_name": "GREATER GRAND CROSSING", "placement_score": 9.0, "need": 9.0, "reach": 1.0, "recent_deaths_400m": 6, "nearest_nax_km": 1.07, "blight_score": 35.0, "hardship": 66, "transit_adjacent": false}}, {"type": "Feature", "geometry": {"type": "Point", "coordinates": [-87.6153467653, 41.7658193754]}, "properties": {"name": "SUNNY SUB", "address": "380 E 71ST ST", "type": "Corner store / food mart", "ca_name": "GREATER GRAND CROSSING", "placement_score": 9.0, "need": 9.0, "reach": 1.0, "recent_deaths_400m": 6, "nearest_nax_km": 1.3, "blight_score": 35.0, "hardship": 66, "transit_adjacent": false}}, {"type": "Feature", "geometry": {"type": "Point", "coordinates": [-87.6154317765, 41.7692284113]}, "properties": {"name": "B & B FOOD MART", "address": "381 E 69TH ST 1ST", "type": "Corner store / food mart", "ca_name": "GREATER GRAND CROSSING", "placement_score": 9.0, "need": 9.0, "reach": 1.0, "recent_deaths_400m": 6, "nearest_nax_km": 1.41, "blight_score": 35.0, "hardship": 66, "transit_adjacent": false}}, {"type": "Feature", "geometry": {"type": "Point", "coordinates": [-87.6247991399, 41.7690980427]}, "properties": {"name": "76", "address": "6901-6915 S STATE ST", "type": "Corner store / food mart", "ca_name": "GREATER GRAND CROSSING", "placement_score": 9.0, "need": 6.0, "reach": 1.5, "recent_deaths_400m": 4, "nearest_nax_km": 1.11, "blight_score": 35.0, "hardship": 66, "transit_adjacent": true}}, {"type": "Feature", "geometry": {"type": "Point", "coordinates": [-87.6962162481, 41.8839120702]}, "properties": {"name": "CALIFORNIA VALLEY FOOD", "address": "133 N CALIFORNIA AVE", "type": "Corner store / food mart", "ca_name": "EAST GARFIELD PARK", "placement_score": 9.0, "need": 6.0, "reach": 1.5, "recent_deaths_400m": 4, "nearest_nax_km": 0.93, "blight_score": 18.6, "hardship": 83, "transit_adjacent": true}}, {"type": "Feature", "geometry": {"type": "Point", "coordinates": [-87.6040010138, 41.7584883126]}, "properties": {"name": "Crossover Grill", "address": "835 E 75TH ST 1", "type": "Corner store / food mart", "ca_name": "GREATER GRAND CROSSING", "placement_score": 9.0, "need": 9.0, "reach": 1.0, "recent_deaths_400m": 6, "nearest_nax_km": 0.54, "blight_score": 35.0, "hardship": 66, "transit_adjacent": false}}, {"type": "Feature", "geometry": {"type": "Point", "coordinates": [-87.6567915133, 41.7796878242]}, "properties": {"name": "IT'S OFFICIAL BARBER SHOP", "address": "1256 W 63RD ST", "type": "Barbershop / salon", "ca_name": "WEST ENGLEWOOD", "placement_score": 8.9, "need": 14.8, "reach": 0.6, "recent_deaths_400m": 8, "nearest_nax_km": 0.97, "blight_score": 80.9, "hardship": 89, "transit_adjacent": false}}, {"type": "Feature", "geometry": {"type": "Point", "coordinates": [-87.6698895167, 41.750161677]}, "properties": {"name": "DEARBORN WHOLESALE GROCER LP", "address": "1841 W 79TH ST 1 #", "type": "Tobacco / vape", "ca_name": "AUBURN GRESHAM", "placement_score": 8.8, "need": 12.5, "reach": 0.7, "recent_deaths_400m": 8, "nearest_nax_km": 1.52, "blight_score": 39.4, "hardship": 74, "transit_adjacent": false}}, {"type": "Feature", "geometry": {"type": "Point", "coordinates": [-87.7531981621, 41.9096436363]}, "properties": {"name": "URSULA", "address": "5112 W NORTH AVE GROUND", "type": "Barbershop / salon", "ca_name": "AUSTIN", "placement_score": 8.7, "need": 14.6, "reach": 0.6, "recent_deaths_400m": 9, "nearest_nax_km": 0.91, "blight_score": 50.4, "hardship": 73, "transit_adjacent": false}}, {"type": "Feature", "geometry": {"type": "Point", "coordinates": [-87.5883368693, 41.7734228157]}, "properties": {"name": "67TH ONE STOP FOOD & LIQUOR, INC.", "address": "1508 E 67TH ST 1ST", "type": "Liquor / package goods", "ca_name": "WOODLAWN", "placement_score": 8.7, "need": 9.6, "reach": 0.9, "recent_deaths_400m": 7, "nearest_nax_km": 1.57, "blight_score": 17.2, "hardship": 58, "transit_adjacent": false}}, {"type": "Feature", "geometry": {"type": "Point", "coordinates": [-87.7063374727, 41.8931815622]}, "properties": {"name": "EL BUN CUBANO", "address": "643 N KEDZIE AVE", "type": "Corner store / food mart", "ca_name": "HUMBOLDT PARK", "placement_score": 8.6, "need": 8.6, "reach": 1.0, "recent_deaths_400m": 18, "nearest_nax_km": 0.14, "blight_score": 34.9, "hardship": 85, "transit_adjacent": false}}, {"type": "Feature", "geometry": {"type": "Point", "coordinates": [-87.6740527314, 41.7792269207]}, "properties": {"name": "DAMEN CITGO", "address": "6300 S DAMEN AVE", "type": "Corner store / food mart", "ca_name": "WEST ENGLEWOOD", "placement_score": 8.6, "need": 8.6, "reach": 1.0, "recent_deaths_400m": 5, "nearest_nax_km": 0.47, "blight_score": 80.9, "hardship": 89, "transit_adjacent": false}}, {"type": "Feature", "geometry": {"type": "Point", "coordinates": [-87.7301585189, 41.8643620165]}, "properties": {"name": "MARSHALL GROCERIES", "address": "1258 S KEELER AVE", "type": "Corner store / food mart", "ca_name": "NORTH LAWNDALE", "placement_score": 8.6, "need": 8.6, "reach": 1.0, "recent_deaths_400m": 13, "nearest_nax_km": 0.21, "blight_score": 31.5, "hardship": 87, "transit_adjacent": false}}, {"type": "Feature", "geometry": {"type": "Point", "coordinates": [-87.5663237227, 41.7666030222]}, "properties": {"name": "WASHBURN CULINARY INSTITUTE", "address": "7059 S SOUTH SHORE DR 4", "type": "Corner store / food mart", "ca_name": "SOUTH SHORE", "placement_score": 8.5, "need": 8.5, "reach": 1.0, "recent_deaths_400m": 6, "nearest_nax_km": 0.51, "blight_score": 26.8, "hardship": 55, "transit_adjacent": false}}, {"type": "Feature", "geometry": {"type": "Point", "coordinates": [-87.5909422977, 41.758612565]}, "properties": {"name": "DORCHESTER FOOD & LIQUOR INC", "address": "1357 E 75TH ST 1ST", "type": "Corner store / food mart", "ca_name": "SOUTH SHORE", "placement_score": 8.5, "need": 8.5, "reach": 1.0, "recent_deaths_400m": 6, "nearest_nax_km": 0.89, "blight_score": 26.8, "hardship": 55, "transit_adjacent": false}}, {"type": "Feature", "geometry": {"type": "Point", "coordinates": [-87.5730629635, 41.751753512]}, "properties": {"name": "ISLAND DELITES FISH & HOAGY", "address": "2110 E 79TH ST", "type": "Corner store / food mart", "ca_name": "SOUTH SHORE", "placement_score": 8.5, "need": 8.5, "reach": 1.0, "recent_deaths_400m": 6, "nearest_nax_km": 1.25, "blight_score": 26.8, "hardship": 55, "transit_adjacent": false}}, {"type": "Feature", "geometry": {"type": "Point", "coordinates": [-87.5685820345, 41.7590735138]}, "properties": {"name": "MS GEORGIA'S COOKIN'", "address": "2304 E 75TH ST", "type": "Corner store / food mart", "ca_name": "SOUTH SHORE", "placement_score": 8.5, "need": 8.5, "reach": 1.0, "recent_deaths_400m": 6, "nearest_nax_km": 0.55, "blight_score": 26.8, "hardship": 55, "transit_adjacent": false}}, {"type": "Feature", "geometry": {"type": "Point", "coordinates": [-87.6051666739, 41.7554789518]}, "properties": {"name": "M & J CHICKEN & FISH", "address": "7643 S COTTAGE GROVE AVE", "type": "Tobacco / vape", "ca_name": "GREATER GRAND CROSSING", "placement_score": 8.4, "need": 12.0, "reach": 0.7, "recent_deaths_400m": 8, "nearest_nax_km": 0.88, "blight_score": 35.0, "hardship": 66, "transit_adjacent": false}}, {"type": "Feature", "geometry": {"type": "Point", "coordinates": [-87.6058126829, 41.7365266364]}, "properties": {"name": "Garrett Popcorn Shops", "address": "737 E 87TH ST GROUND", "type": "Corner store / food mart", "ca_name": "CHATHAM", "placement_score": 8.4, "need": 8.4, "reach": 1.0, "recent_deaths_400m": 6, "nearest_nax_km": 1.75, "blight_score": 20.3, "hardship": 60, "transit_adjacent": false}}, {"type": "Feature", "geometry": {"type": "Point", "coordinates": [-87.6047964054, 41.7408255379]}, "properties": {"name": "BEST STOP SHOP, INC.", "address": "8443 S COTTAGE GROVE AVE 1ST", "type": "Corner store / food mart", "ca_name": "CHATHAM", "placement_score": 8.4, "need": 8.4, "reach": 1.0, "recent_deaths_400m": 6, "nearest_nax_km": 1.38, "blight_score": 20.3, "hardship": 60, "transit_adjacent": false}}, {"type": "Feature", "geometry": {"type": "Point", "coordinates": [-87.7428007895, 41.7992442508]}, "properties": {"name": "BEGGARS PIZZA", "address": "5133 S CICERO AVE 1ST", "type": "Corner store / food mart", "ca_name": "GARFIELD RIDGE", "placement_score": 8.4, "need": 8.4, "reach": 1.0, "recent_deaths_400m": 7, "nearest_nax_km": 1.35, "blight_score": 6.9, "hardship": 32, "transit_adjacent": false}}, {"type": "Feature", "geometry": {"type": "Point", "coordinates": [-87.6048797999, 41.7329530229]}, "properties": {"name": "FAMILY FOOD MART", "address": "8900 S COTTAGE GROVE AVE 1ST", "type": "Corner store / food mart", "ca_name": "CHATHAM", "placement_score": 8.4, "need": 8.4, "reach": 1.0, "recent_deaths_400m": 6, "nearest_nax_km": 2.03, "blight_score": 20.3, "hardship": 60, "transit_adjacent": false}}, {"type": "Feature", "geometry": {"type": "Point", "coordinates": [-87.6229553664, 41.7435676803]}, "properties": {"name": "MATHER'S MORE THAN A CAFE", "address": "33 E 83RD ST 1ST", "type": "Corner store / food mart", "ca_name": "CHATHAM", "placement_score": 8.4, "need": 8.4, "reach": 1.0, "recent_deaths_400m": 6, "nearest_nax_km": 1.07, "blight_score": 20.3, "hardship": 60, "transit_adjacent": false}}, {"type": "Feature", "geometry": {"type": "Point", "coordinates": [-87.7431356839, 41.8015471271]}, "properties": {"name": "FAMILY DOLLAR STORE 1938", "address": "5018 S CICERO AVE 1ST", "type": "Corner store / food mart", "ca_name": "GARFIELD RIDGE", "placement_score": 8.4, "need": 8.4, "reach": 1.0, "recent_deaths_400m": 7, "nearest_nax_km": 1.37, "blight_score": 6.9, "hardship": 32, "transit_adjacent": false}}, {"type": "Feature", "geometry": {"type": "Point", "coordinates": [-87.7461735258, 41.9051237491]}, "properties": {"name": "HEALTHY ORGANIC KIDS,INC.", "address": "1334 N CICERO AVE", "type": "Corner store / food mart", "ca_name": "AUSTIN", "placement_score": 8.3, "need": 8.3, "reach": 1.0, "recent_deaths_400m": 6, "nearest_nax_km": 0.43, "blight_score": 50.4, "hardship": 73, "transit_adjacent": false}}, {"type": "Feature", "geometry": {"type": "Point", "coordinates": [-87.6098889853, 41.7729591403]}, "properties": {"name": "67TH FOOD  MART INC", "address": "617 E 67TH ST 1ST", "type": "Corner store / food mart", "ca_name": "WOODLAWN", "placement_score": 8.3, "need": 8.3, "reach": 1.0, "recent_deaths_400m": 6, "nearest_nax_km": 0.84, "blight_score": 17.2, "hardship": 58, "transit_adjacent": false}}, {"type": "Feature", "geometry": {"type": "Point", "coordinates": [-87.6059633536, 41.77527504]}, "properties": {"name": "CHRISTIAN FIELDS STYLE BAR", "address": "6550 S COTTAGE GROVE AVE 1ST", "type": "Corner store / food mart", "ca_name": "WOODLAWN", "placement_score": 8.3, "need": 8.3, "reach": 1.0, "recent_deaths_400m": 6, "nearest_nax_km": 0.55, "blight_score": 17.2, "hardship": 58, "transit_adjacent": false}}, {"type": "Feature", "geometry": {"type": "Point", "coordinates": [-87.7755596697, 41.9148204267]}, "properties": {"name": "COCINA FUSION", "address": "1900 N AUSTIN AVE 1 14E", "type": "Corner store / food mart", "ca_name": "AUSTIN", "placement_score": 8.1, "need": 8.1, "reach": 1.0, "recent_deaths_400m": 5, "nearest_nax_km": 0.8, "blight_score": 50.4, "hardship": 73, "transit_adjacent": false}}, {"type": "Feature", "geometry": {"type": "Point", "coordinates": [-87.7739047681, 41.9019096634]}, "properties": {"name": "SUNSET LIQUORS", "address": "5921-5927 W DIVISION ST 1ST", "type": "Corner store / food mart", "ca_name": "AUSTIN", "placement_score": 8.1, "need": 8.1, "reach": 1.0, "recent_deaths_400m": 5, "nearest_nax_km": 0.95, "blight_score": 50.4, "hardship": 73, "transit_adjacent": false}}, {"type": "Feature", "geometry": {"type": "Point", "coordinates": [-87.7690492737, 41.9019837455]}, "properties": {"name": "FLAVOR'S SOUTHERN COOKING", "address": "5721 W DIVISION ST 1ST", "type": "Corner store / food mart", "ca_name": "AUSTIN", "placement_score": 8.1, "need": 8.1, "reach": 1.0, "recent_deaths_400m": 5, "nearest_nax_km": 0.85, "blight_score": 50.4, "hardship": 73, "transit_adjacent": false}}, {"type": "Feature", "geometry": {"type": "Point", "coordinates": [-87.7740891852, 41.8948379434]}, "properties": {"name": "PEEPLES TACO'S", "address": "5944 W CHICAGO AVE", "type": "Corner store / food mart", "ca_name": "AUSTIN", "placement_score": 8.1, "need": 8.1, "reach": 1.0, "recent_deaths_400m": 5, "nearest_nax_km": 0.94, "blight_score": 50.4, "hardship": 73, "transit_adjacent": false}}, {"type": "Feature", "geometry": {"type": "Point", "coordinates": [-87.6284365622, 41.7217713464]}, "properties": {"name": "JJ FISH & CHICKEN", "address": "154 W 95TH ST", "type": "Corner store / food mart", "ca_name": "ROSELAND", "placement_score": 8.1, "need": 5.4, "reach": 1.5, "recent_deaths_400m": 12, "nearest_nax_km": 0.05, "blight_score": 48.9, "hardship": 52, "transit_adjacent": true}}, {"type": "Feature", "geometry": {"type": "Point", "coordinates": [-87.7103045522, 41.8632771656]}, "properties": {"name": "ADAM'S FOOD MART PLUS", "address": "1339 S HOMAN AVE 1ST", "type": "Corner store / food mart", "ca_name": "NORTH LAWNDALE", "placement_score": 8.1, "need": 8.1, "reach": 1.0, "recent_deaths_400m": 17, "nearest_nax_km": 0.12, "blight_score": 31.5, "hardship": 87, "transit_adjacent": false}}, {"type": "Feature", "geometry": {"type": "Point", "coordinates": [-87.7118917871, 41.9119586911]}, "properties": {"name": "MORAD FOODS INC", "address": "1700 N KIMBALL AVE", "type": "Corner store / food mart", "ca_name": "HUMBOLDT PARK", "placement_score": 8.0, "need": 8.0, "reach": 1.0, "recent_deaths_400m": 5, "nearest_nax_km": 0.57, "blight_score": 34.9, "hardship": 85, "transit_adjacent": false}}, {"type": "Feature", "geometry": {"type": "Point", "coordinates": [-87.7334794209, 41.8997029679]}, "properties": {"name": "J'S CORNER STORE", "address": "4259 W CORTEZ ST", "type": "Corner store / food mart", "ca_name": "HUMBOLDT PARK", "placement_score": 8.0, "need": 8.0, "reach": 1.0, "recent_deaths_400m": 5, "nearest_nax_km": 1.16, "blight_score": 34.9, "hardship": 85, "transit_adjacent": false}}, {"type": "Feature", "geometry": {"type": "Point", "coordinates": [-87.7336711664, 41.8968960754]}, "properties": {"name": "DAISY CAMIDA", "address": "854 N KILDARE AVE 1", "type": "Corner store / food mart", "ca_name": "HUMBOLDT PARK", "placement_score": 8.0, "need": 8.0, "reach": 1.0, "recent_deaths_400m": 5, "nearest_nax_km": 1.05, "blight_score": 34.9, "hardship": 85, "transit_adjacent": false}}, {"type": "Feature", "geometry": {"type": "Point", "coordinates": [-87.7117287074, 41.9083360567]}, "properties": {"name": "HOMAN FOOD MARKET", "address": "3358 W LE MOYNE ST 1", "type": "Corner store / food mart", "ca_name": "HUMBOLDT PARK", "placement_score": 8.0, "need": 8.0, "reach": 1.0, "recent_deaths_400m": 5, "nearest_nax_km": 0.58, "blight_score": 34.9, "hardship": 85, "transit_adjacent": false}}, {"type": "Feature", "geometry": {"type": "Point", "coordinates": [-87.7068964134, 41.9015659678]}, "properties": {"name": "WOLFGANG PUCK CATERING AND EVENTS", "address": "1116 N KEDZIE AVE", "type": "Corner store / food mart", "ca_name": "HUMBOLDT PARK", "placement_score": 8.0, "need": 8.0, "reach": 1.0, "recent_deaths_400m": 5, "nearest_nax_km": 0.8, "blight_score": 34.9, "hardship": 85, "transit_adjacent": false}}, {"type": "Feature", "geometry": {"type": "Point", "coordinates": [-87.7121895802, 41.9099403934]}, "properties": {"name": "JR'S FOOD MART, INC.", "address": "3407 W NORTH AVE", "type": "Corner store / food mart", "ca_name": "HUMBOLDT PARK", "placement_score": 8.0, "need": 8.0, "reach": 1.0, "recent_deaths_400m": 5, "nearest_nax_km": 0.57, "blight_score": 34.9, "hardship": 85, "transit_adjacent": false}}, {"type": "Feature", "geometry": {"type": "Point", "coordinates": [-87.7386833545, 41.8999238112]}, "properties": {"name": "GODDESS ROCKS!", "address": "1036 N KILBOURN AVE GROUND", "type": "Corner store / food mart", "ca_name": "HUMBOLDT PARK", "placement_score": 8.0, "need": 8.0, "reach": 1.0, "recent_deaths_400m": 5, "nearest_nax_km": 0.81, "blight_score": 34.9, "hardship": 85, "transit_adjacent": false}}, {"type": "Feature", "geometry": {"type": "Point", "coordinates": [-87.7088054762, 41.9027022896]}, "properties": {"name": "DIVISION FOOD & LIQUOR, INC.", "address": "3251 W DIVISION ST", "type": "Corner store / food mart", "ca_name": "HUMBOLDT PARK", "placement_score": 8.0, "need": 8.0, "reach": 1.0, "recent_deaths_400m": 5, "nearest_nax_km": 0.91, "blight_score": 34.9, "hardship": 85, "transit_adjacent": false}}, {"type": "Feature", "geometry": {"type": "Point", "coordinates": [-87.7299918776, 41.8589454246]}, "properties": {"name": "SILVER GATE FOOD", "address": "1556 S KEELER AVE 1", "type": "Corner store / food mart", "ca_name": "NORTH LAWNDALE", "placement_score": 8.0, "need": 8.0, "reach": 1.0, "recent_deaths_400m": 5, "nearest_nax_km": 0.81, "blight_score": 31.5, "hardship": 87, "transit_adjacent": false}}, {"type": "Feature", "geometry": {"type": "Point", "coordinates": [-87.6956445338, 41.862519666]}, "properties": {"name": "SCHWAB REHAB HOSPITAL&CARE NET", "address": "1401 S CALIFORNIA BLVD 1ST", "type": "Corner store / food mart", "ca_name": "NORTH LAWNDALE", "placement_score": 8.0, "need": 8.0, "reach": 1.0, "recent_deaths_400m": 5, "nearest_nax_km": 1.03, "blight_score": 31.5, "hardship": 87, "transit_adjacent": false}}, {"type": "Feature", "geometry": {"type": "Point", "coordinates": [-87.6952879986, 41.8602481903]}, "properties": {"name": "MOUNT SINAI HOSPITAL MEDICAL CENTER", "address": "2750 W 15TH PL 1ST", "type": "Corner store / food mart", "ca_name": "NORTH LAWNDALE", "placement_score": 8.0, "need": 8.0, "reach": 1.0, "recent_deaths_400m": 5, "nearest_nax_km": 1.18, "blight_score": 31.5, "hardship": 87, "transit_adjacent": false}}, {"type": "Feature", "geometry": {"type": "Point", "coordinates": [-87.6831348024, 41.7660903164]}, "properties": {"name": "WENDY'S OLD FASHIONED HAMBURGERS OF NEW YORK, INC", "address": "7013-23 S WESTERN AVE 1ST", "type": "Corner store / food mart", "ca_name": "CHICAGO LAWN", "placement_score": 7.9, "need": 7.9, "reach": 1.0, "recent_deaths_400m": 5, "nearest_nax_km": 1.89, "blight_score": 34.7, "hardship": 80, "transit_adjacent": false}}, {"type": "Feature", "geometry": {"type": "Point", "coordinates": [-87.6549684161, 41.7920829819]}, "properties": {"name": "BLESS HANDS", "address": "5606 S RACINE AVE 1", "type": "Corner store / food mart", "ca_name": "WEST ENGLEWOOD", "placement_score": 7.9, "need": 7.9, "reach": 1.0, "recent_deaths_400m": 7, "nearest_nax_km": 0.31, "blight_score": 80.9, "hardship": 89, "transit_adjacent": false}}, {"type": "Feature", "geometry": {"type": "Point", "coordinates": [-87.552025482, 41.7447602771]}, "properties": {"name": "H & M GYROS", "address": "2948 E 83RD ST", "type": "Corner store / food mart", "ca_name": "SOUTH CHICAGO", "placement_score": 7.9, "need": 7.9, "reach": 1.0, "recent_deaths_400m": 5, "nearest_nax_km": 1.61, "blight_score": 40.7, "hardship": 75, "transit_adjacent": false}}, {"type": "Feature", "geometry": {"type": "Point", "coordinates": [-87.6838992969, 41.7647973835]}, "properties": {"name": "LITTLE BABA'S", "address": "2414 W 71ST ST 1ST", "type": "Corner store / food mart", "ca_name": "CHICAGO LAWN", "placement_score": 7.9, "need": 7.9, "reach": 1.0, "recent_deaths_400m": 5, "nearest_nax_km": 2.04, "blight_score": 34.7, "hardship": 80, "transit_adjacent": false}}, {"type": "Feature", "geometry": {"type": "Point", "coordinates": [-87.5536651136, 41.7447364896]}, "properties": {"name": "FISH & CHICKEN", "address": "2906 E 83RD ST", "type": "Corner store / food mart", "ca_name": "SOUTH CHICAGO", "placement_score": 7.9, "need": 7.9, "reach": 1.0, "recent_deaths_400m": 5, "nearest_nax_km": 1.63, "blight_score": 40.7, "hardship": 75, "transit_adjacent": false}}, {"type": "Feature", "geometry": {"type": "Point", "coordinates": [-87.573189889, 41.7442591596]}, "properties": {"name": "JC CARIBBEAN SOUL", "address": "2105 E 83RD ST", "type": "Corner store / food mart", "ca_name": "SOUTH CHICAGO", "placement_score": 7.9, "need": 7.9, "reach": 1.0, "recent_deaths_400m": 5, "nearest_nax_km": 1.11, "blight_score": 40.7, "hardship": 75, "transit_adjacent": false}}, {"type": "Feature", "geometry": {"type": "Point", "coordinates": [-87.6832973762, 41.7613685571]}, "properties": {"name": "POPEYE'S LOUISIANA KITCHEN", "address": "7250 S WESTERN AVE", "type": "Corner store / food mart", "ca_name": "CHICAGO LAWN", "placement_score": 7.9, "need": 7.9, "reach": 1.0, "recent_deaths_400m": 5, "nearest_nax_km": 2.32, "blight_score": 34.7, "hardship": 80, "transit_adjacent": false}}, {"type": "Feature", "geometry": {"type": "Point", "coordinates": [-87.6874336749, 41.7863954495]}, "properties": {"name": "FAMILY DOLLAR STORE #6850", "address": "2525 W 59TH ST", "type": "Corner store / food mart", "ca_name": "CHICAGO LAWN", "placement_score": 7.9, "need": 7.9, "reach": 1.0, "recent_deaths_400m": 5, "nearest_nax_km": 0.96, "blight_score": 34.7, "hardship": 80, "transit_adjacent": false}}, {"type": "Feature", "geometry": {"type": "Point", "coordinates": [-87.5484731119, 41.7448097252]}, "properties": {"name": "R & B'S PLACE INC.", "address": "3114 E 83RD ST", "type": "Corner store / food mart", "ca_name": "SOUTH CHICAGO", "placement_score": 7.9, "need": 7.9, "reach": 1.0, "recent_deaths_400m": 5, "nearest_nax_km": 1.61, "blight_score": 40.7, "hardship": 75, "transit_adjacent": false}}, {"type": "Feature", "geometry": {"type": "Point", "coordinates": [-87.5770568615, 41.7514836019]}, "properties": {"name": "JERUSALEM SUPERMARKET INC", "address": "1935 E 79TH ST 1ST FLOOR", "type": "Corner store / food mart", "ca_name": "SOUTH CHICAGO", "placement_score": 7.9, "need": 7.9, "reach": 1.0, "recent_deaths_400m": 5, "nearest_nax_km": 0.96, "blight_score": 40.7, "hardship": 75, "transit_adjacent": false}}, {"type": "Feature", "geometry": {"type": "Point", "coordinates": [-87.5526417192, 41.7461598766]}, "properties": {"name": "ABOOD FOOD MARKET INC.", "address": "8209 S EXCHANGE AVE", "type": "Corner store / food mart", "ca_name": "SOUTH CHICAGO", "placement_score": 7.9, "need": 7.9, "reach": 1.0, "recent_deaths_400m": 5, "nearest_nax_km": 1.77, "blight_score": 40.7, "hardship": 75, "transit_adjacent": false}}, {"type": "Feature", "geometry": {"type": "Point", "coordinates": [-87.6857818175, 41.7627403162]}, "properties": {"name": "HAMPTONS CORNER", "address": "7200 S CAMPBELL AVE  1", "type": "Corner store / food mart", "ca_name": "CHICAGO LAWN", "placement_score": 7.9, "need": 7.9, "reach": 1.0, "recent_deaths_400m": 5, "nearest_nax_km": 2.32, "blight_score": 34.7, "hardship": 80, "transit_adjacent": false}}, {"type": "Feature", "geometry": {"type": "Point", "coordinates": [-87.552702445, 41.7492611536]}, "properties": {"name": "ROXIE'S FOOD NO. 2, INC.", "address": "8027 S EXCHANGE AVE 1ST", "type": "Corner store / food mart", "ca_name": "SOUTH CHICAGO", "placement_score": 7.9, "need": 7.9, "reach": 1.0, "recent_deaths_400m": 5, "nearest_nax_km": 1.73, "blight_score": 40.7, "hardship": 75, "transit_adjacent": false}}, {"type": "Feature", "geometry": {"type": "Point", "coordinates": [-87.6634438529, 41.7565454141]}, "properties": {"name": "WALMART NEIGHBORHOOD MARKET #3110", "address": "7535 S ASHLAND AVE 1ST", "type": "Corner store / food mart", "ca_name": "AUBURN GRESHAM", "placement_score": 7.8, "need": 7.8, "reach": 1.0, "recent_deaths_400m": 5, "nearest_nax_km": 0.76, "blight_score": 39.4, "hardship": 74, "transit_adjacent": false}}, {"type": "Feature", "geometry": {"type": "Point", "coordinates": [-87.6433103613, 41.7303532549]}, "properties": {"name": "XQUISITE ELEGANT EVENTS", "address": "9015-9025 S HALSTED ST 1", "type": "Corner store / food mart", "ca_name": "AUBURN GRESHAM", "placement_score": 7.8, "need": 7.8, "reach": 1.0, "recent_deaths_400m": 5, "nearest_nax_km": 1.05, "blight_score": 39.4, "hardship": 74, "transit_adjacent": false}}, {"type": "Feature", "geometry": {"type": "Point", "coordinates": [-87.6596401889, 41.7849051975]}, "properties": {"name": "ARCHIE THURMAN", "address": "6000 S LOOMIS BLVD  1", "type": "Tobacco / vape", "ca_name": "WEST ENGLEWOOD", "placement_score": 7.8, "need": 11.1, "reach": 0.7, "recent_deaths_400m": 6, "nearest_nax_km": 0.98, "blight_score": 80.9, "hardship": 89, "transit_adjacent": false}}, {"type": "Feature", "geometry": {"type": "Point", "coordinates": [-87.6450861104, 41.7397712598]}, "properties": {"name": "GOURMET JUNK FOOD", "address": "8458 S GREEN ST", "type": "Corner store / food mart", "ca_name": "AUBURN GRESHAM", "placement_score": 7.8, "need": 7.8, "reach": 1.0, "recent_deaths_400m": 5, "nearest_nax_km": 1.32, "blight_score": 39.4, "hardship": 74, "transit_adjacent": false}}, {"type": "Feature", "geometry": {"type": "Point", "coordinates": [-87.7259881688, 41.8867593234]}, "properties": {"name": "TEE'S SOUL FOOD KITCHEN", "address": "342 N PULASKI RD 1ST", "type": "Corner store / food mart", "ca_name": "WEST GARFIELD PARK", "placement_score": 7.8, "need": 5.2, "reach": 1.5, "recent_deaths_400m": 11, "nearest_nax_km": 0.1, "blight_score": 24.7, "hardship": 92, "transit_adjacent": true}}, {"type": "Feature", "geometry": {"type": "Point", "coordinates": [-87.6838527271, 41.7816070463]}, "properties": {"name": "KO MART", "address": "6142 S WESTERN AVE", "type": "Tobacco / vape", "ca_name": "CHICAGO LAWN", "placement_score": 7.7, "need": 11.0, "reach": 0.7, "recent_deaths_400m": 7, "nearest_nax_km": 1.31, "blight_score": 34.7, "hardship": 80, "transit_adjacent": false}}, {"type": "Feature", "geometry": {"type": "Point", "coordinates": [-87.7100373336, 41.9099642851]}, "properties": {"name": "SUBWAY", "address": "3313 W NORTH AVE 1", "type": "Corner store / food mart", "ca_name": "HUMBOLDT PARK", "placement_score": 7.6, "need": 7.6, "reach": 1.0, "recent_deaths_400m": 6, "nearest_nax_km": 0.4, "blight_score": 34.9, "hardship": 85, "transit_adjacent": false}}, {"type": "Feature", "geometry": {"type": "Point", "coordinates": [-87.557095237, 41.7519639411]}, "properties": {"name": "HAYGOOD LOOKING", "address": "2732 E 79TH ST 1ST", "type": "Barbershop / salon", "ca_name": "SOUTH SHORE", "placement_score": 7.6, "need": 12.7, "reach": 0.6, "recent_deaths_400m": 9, "nearest_nax_km": 1.29, "blight_score": 26.8, "hardship": 55, "transit_adjacent": false}}, {"type": "Feature", "geometry": {"type": "Point", "coordinates": [-87.7110838917, 41.8875700914]}, "properties": {"name": "HOMAN & CARROLL FOOD/LIQUORS", "address": "3358 W CARROLL AVE", "type": "Tobacco / vape", "ca_name": "EAST GARFIELD PARK", "placement_score": 7.6, "need": 10.8, "reach": 0.7, "recent_deaths_400m": 9, "nearest_nax_km": 0.4, "blight_score": 18.6, "hardship": 83, "transit_adjacent": false}}, {"type": "Feature", "geometry": {"type": "Point", "coordinates": [-87.6245785234, 41.7565259775]}, "properties": {"name": "ULTIMATE AMOCO", "address": "7559 S STATE ST", "type": "Corner store / food mart", "ca_name": "GREATER GRAND CROSSING", "placement_score": 7.5, "need": 7.5, "reach": 1.0, "recent_deaths_400m": 5, "nearest_nax_km": 1.04, "blight_score": 35.0, "hardship": 66, "transit_adjacent": false}}, {"type": "Feature", "geometry": {"type": "Point", "coordinates": [-87.6379138185, 41.7068710904]}, "properties": {"name": "B & G HEINZ PHARMACY, INC", "address": "559 W 103RD ST 1ST", "type": "Corner store / food mart", "ca_name": "ROSELAND", "placement_score": 7.5, "need": 7.5, "reach": 1.0, "recent_deaths_400m": 5, "nearest_nax_km": 1.61, "blight_score": 48.9, "hardship": 52, "transit_adjacent": false}}, {"type": "Feature", "geometry": {"type": "Point", "coordinates": [-87.6203552836, 41.7729895172]}, "properties": {"name": "NOAH'S ARK DOLLAR PLUS STORE,INC.", "address": "160 E MARQUETTE RD 1ST FLOOR 1", "type": "Corner store / food mart", "ca_name": "GREATER GRAND CROSSING", "placement_score": 7.5, "need": 7.5, "reach": 1.0, "recent_deaths_400m": 5, "nearest_nax_km": 1.05, "blight_score": 35.0, "hardship": 66, "transit_adjacent": false}}, {"type": "Feature", "geometry": {"type": "Point", "coordinates": [-87.6091918179, 41.7657039539]}, "properties": {"name": "L & L CONVENIENCE STORE", "address": "633 E 71ST ST 1ST", "type": "Corner store / food mart", "ca_name": "GREATER GRAND CROSSING", "placement_score": 7.5, "need": 7.5, "reach": 1.0, "recent_deaths_400m": 5, "nearest_nax_km": 0.81, "blight_score": 35.0, "hardship": 66, "transit_adjacent": false}}, {"type": "Feature", "geometry": {"type": "Point", "coordinates": [-87.6362656274, 41.7068923842]}, "properties": {"name": "MS. D'S CANDY SHOP", "address": "519 W 103RD ST", "type": "Corner store / food mart", "ca_name": "ROSELAND", "placement_score": 7.5, "need": 7.5, "reach": 1.0, "recent_deaths_400m": 5, "nearest_nax_km": 1.65, "blight_score": 48.9, "hardship": 52, "transit_adjacent": false}}, {"type": "Feature", "geometry": {"type": "Point", "coordinates": [-87.6634925229, 41.7593705404]}, "properties": {"name": "HARRY A AKOURIS", "address": "7401 S ASHLAND AVE  1", "type": "Corner store / food mart", "ca_name": "WEST ENGLEWOOD", "placement_score": 7.4, "need": 7.4, "reach": 1.0, "recent_deaths_400m": 4, "nearest_nax_km": 0.79, "blight_score": 80.9, "hardship": 89, "transit_adjacent": false}}, {"type": "Feature", "geometry": {"type": "Point", "coordinates": [-87.61244436, 41.7512694422]}, "properties": {"name": "FAMILY DOLLAR", "address": "500 E 79TH ST 1", "type": "Corner store / food mart", "ca_name": "GREATER GRAND CROSSING", "placement_score": 7.4, "need": 7.4, "reach": 1.0, "recent_deaths_400m": 14, "nearest_nax_km": 0.18, "blight_score": 35.0, "hardship": 66, "transit_adjacent": false}}, {"type": "Feature", "geometry": {"type": "Point", "coordinates": [-87.6749329969, 41.7775993268]}, "properties": {"name": "N & D GROCERY", "address": "6359 S SEELEY AVE", "type": "Corner store / food mart", "ca_name": "WEST ENGLEWOOD", "placement_score": 7.4, "need": 7.4, "reach": 1.0, "recent_deaths_400m": 4, "nearest_nax_km": 0.56, "blight_score": 80.9, "hardship": 89, "transit_adjacent": false}}, {"type": "Feature", "geometry": {"type": "Point", "coordinates": [-87.6547521643, 41.7836727373]}, "properties": {"name": "LLOYD'S LOUNGE, INC.", "address": "6046 S RACINE AVE 1", "type": "Corner store / food mart", "ca_name": "WEST ENGLEWOOD", "placement_score": 7.4, "need": 7.4, "reach": 1.0, "recent_deaths_400m": 4, "nearest_nax_km": 1.2, "blight_score": 80.9, "hardship": 89, "transit_adjacent": false}}, {"type": "Feature", "geometry": {"type": "Point", "coordinates": [-87.7028239287, 41.8956983528]}, "properties": {"name": "Amplify Texture Studio", "address": "3032 W CHICAGO AVE 1ST", "type": "Barbershop / salon", "ca_name": "HUMBOLDT PARK", "placement_score": 7.3, "need": 12.1, "reach": 0.6, "recent_deaths_400m": 12, "nearest_nax_km": 0.32, "blight_score": 34.9, "hardship": 85, "transit_adjacent": false}}, {"type": "Feature", "geometry": {"type": "Point", "coordinates": [-87.7484443571, 41.8978327076]}, "properties": {"name": "The Corner Store Deli", "address": "4900 W WALTON ST", "type": "Corner store / food mart", "ca_name": "AUSTIN", "placement_score": 7.3, "need": 7.3, "reach": 1.0, "recent_deaths_400m": 8, "nearest_nax_km": 0.28, "blight_score": 50.4, "hardship": 73, "transit_adjacent": false}}, {"type": "Feature", "geometry": {"type": "Point", "coordinates": [-87.6541277016, 41.7598941516]}, "properties": {"name": "KENTUCKY FRIED CHICKEN", "address": "7350 S RACINE AVE", "type": "Corner store / food mart", "ca_name": "WEST ENGLEWOOD", "placement_score": 7.3, "need": 7.3, "reach": 1.0, "recent_deaths_400m": 7, "nearest_nax_km": 0.28, "blight_score": 80.9, "hardship": 89, "transit_adjacent": false}}, {"type": "Feature", "geometry": {"type": "Point", "coordinates": [-87.714360878, 41.8545703585]}, "properties": {"name": "Farm on Ogden", "address": "3555 W OGDEN AVE", "type": "Corner store / food mart", "ca_name": "NORTH LAWNDALE", "placement_score": 7.2, "need": 4.8, "reach": 1.5, "recent_deaths_400m": 10, "nearest_nax_km": 0.08, "blight_score": 31.5, "hardship": 87, "transit_adjacent": true}}, {"type": "Feature", "geometry": {"type": "Point", "coordinates": [-87.6883009077, 41.7683658358]}, "properties": {"name": "OGIES FOOD, INC", "address": "2600-2604 W LITHUANIAN PLAZA CT", "type": "Liquor / package goods", "ca_name": "CHICAGO LAWN", "placement_score": 7.1, "need": 7.9, "reach": 0.9, "recent_deaths_400m": 5, "nearest_nax_km": 1.97, "blight_score": 34.7, "hardship": 80, "transit_adjacent": false}}, {"type": "Feature", "geometry": {"type": "Point", "coordinates": [-87.645333175, 41.7359393617]}, "properties": {"name": "BUY LOW FOOD & LIQUOR", "address": "847-853 W 87TH ST 1", "type": "Liquor / package goods", "ca_name": "AUBURN GRESHAM", "placement_score": 7.1, "need": 7.8, "reach": 0.9, "recent_deaths_400m": 5, "nearest_nax_km": 1.1, "blight_score": 39.4, "hardship": 74, "transit_adjacent": false}}, {"type": "Feature", "geometry": {"type": "Point", "coordinates": [-87.6039383102, 41.7805475739]}, "properties": {"name": "63RD AND DREXEL MOBIL", "address": "850 E 63RD ST", "type": "Gas / filling station", "ca_name": "WOODLAWN", "placement_score": 7.1, "need": 4.7, "reach": 1.5, "recent_deaths_400m": 7, "nearest_nax_km": 0.24, "blight_score": 17.2, "hardship": 58, "transit_adjacent": true}}, {"type": "Feature", "geometry": {"type": "Point", "coordinates": [-87.6330547282, 41.7214899288]}, "properties": {"name": "RONNIE RIBS", "address": "349 W 95TH ST", "type": "Corner store / food mart", "ca_name": "ROSELAND", "placement_score": 7.1, "need": 7.1, "reach": 1.0, "recent_deaths_400m": 7, "nearest_nax_km": 0.34, "blight_score": 48.9, "hardship": 52, "transit_adjacent": false}}, {"type": "Feature", "geometry": {"type": "Point", "coordinates": [-87.5763454887, 41.7733602196]}, "properties": {"name": "BP AM PM GAS STATION", "address": "6701 S JEFFERY BLVD", "type": "Corner store / food mart", "ca_name": "SOUTH SHORE", "placement_score": 7.0, "need": 7.0, "reach": 1.0, "recent_deaths_400m": 5, "nearest_nax_km": 1.6, "blight_score": 26.8, "hardship": 55, "transit_adjacent": false}}, {"type": "Feature", "geometry": {"type": "Point", "coordinates": [-87.6149039828, 41.7438929587]}, "properties": {"name": "CITGO", "address": "8258 S DR MARTIN LUTHER KING JR DR", "type": "Corner store / food mart", "ca_name": "CHATHAM", "placement_score": 7.0, "need": 7.0, "reach": 1.0, "recent_deaths_400m": 5, "nearest_nax_km": 0.78, "blight_score": 20.3, "hardship": 60, "transit_adjacent": false}}, {"type": "Feature", "geometry": {"type": "Point", "coordinates": [-87.6129085444, 41.7439486661]}, "properties": {"name": "K & M  GROCERIES", "address": "442 E 83RD ST", "type": "Corner store / food mart", "ca_name": "CHATHAM", "placement_score": 7.0, "need": 7.0, "reach": 1.0, "recent_deaths_400m": 5, "nearest_nax_km": 0.78, "blight_score": 20.3, "hardship": 60, "transit_adjacent": false}}, {"type": "Feature", "geometry": {"type": "Point", "coordinates": [-87.6047481241, 41.727358105]}, "properties": {"name": "JACKS COTTAGE GROVE MINI MART INC.", "address": "9204 S COTTAGE GROVE AVE 1ST", "type": "Corner store / food mart", "ca_name": "CHATHAM", "placement_score": 7.0, "need": 7.0, "reach": 1.0, "recent_deaths_400m": 5, "nearest_nax_km": 1.73, "blight_score": 20.3, "hardship": 60, "transit_adjacent": false}}, {"type": "Feature", "geometry": {"type": "Point", "coordinates": [-87.604720212, 41.738148972]}, "properties": {"name": "HEALTH FOOD & GENERAL NURITION CENTER INC", "address": "8609 S COTTAGE GROVE AVE", "type": "Corner store / food mart", "ca_name": "CHATHAM", "placement_score": 7.0, "need": 7.0, "reach": 1.0, "recent_deaths_400m": 5, "nearest_nax_km": 1.63, "blight_score": 20.3, "hardship": 60, "transit_adjacent": false}}, {"type": "Feature", "geometry": {"type": "Point", "coordinates": [-87.5702526506, 41.7590551435]}, "properties": {"name": "WINDY CITY CHOPS INC.", "address": "2222 E 75TH ST 1ST", "type": "Corner store / food mart", "ca_name": "SOUTH SHORE", "placement_score": 7.0, "need": 7.0, "reach": 1.0, "recent_deaths_400m": 5, "nearest_nax_km": 0.66, "blight_score": 26.8, "hardship": 55, "transit_adjacent": false}}, {"type": "Feature", "geometry": {"type": "Point", "coordinates": [-87.6045298731, 41.7306412911]}, "properties": {"name": "H & M FOOD MART", "address": "9019 S COTTAGE GROVE AVE  1", "type": "Corner store / food mart", "ca_name": "CHATHAM", "placement_score": 7.0, "need": 7.0, "reach": 1.0, "recent_deaths_400m": 5, "nearest_nax_km": 1.91, "blight_score": 20.3, "hardship": 60, "transit_adjacent": false}}, {"type": "Feature", "geometry": {"type": "Point", "coordinates": [-87.6209307735, 41.6957648241]}, "properties": {"name": "BON - TON FAMILY DINING", "address": "10914 S MICHIGAN AVE 1 1", "type": "Corner store / food mart", "ca_name": "ROSELAND", "placement_score": 7.0, "need": 7.0, "reach": 1.0, "recent_deaths_400m": 8, "nearest_nax_km": 0.29, "blight_score": 48.9, "hardship": 52, "transit_adjacent": false}}, {"type": "Feature", "geometry": {"type": "Point", "coordinates": [-87.7161603612, 41.8517603737]}, "properties": {"name": "D-C FOOD & LIQUOR", "address": "3624 W CERMAK RD", "type": "Liquor / package goods", "ca_name": "NORTH LAWNDALE", "placement_score": 7.0, "need": 5.2, "reach": 1.35, "recent_deaths_400m": 6, "nearest_nax_km": 0.27, "blight_score": 31.5, "hardship": 87, "transit_adjacent": true}}, {"type": "Feature", "geometry": {"type": "Point", "coordinates": [-87.5912907857, 41.7679372385]}, "properties": {"name": "THE SPOT", "address": "1368 E 70TH ST", "type": "Corner store / food mart", "ca_name": "SOUTH SHORE", "placement_score": 7.0, "need": 7.0, "reach": 1.0, "recent_deaths_400m": 5, "nearest_nax_km": 0.96, "blight_score": 26.8, "hardship": 55, "transit_adjacent": false}}, {"type": "Feature", "geometry": {"type": "Point", "coordinates": [-87.6059130529, 41.7730478219]}, "properties": {"name": "CITGO FUEL & MINI MART", "address": "6700 S COTTAGE GROVE AVE", "type": "Corner store / food mart", "ca_name": "WOODLAWN", "placement_score": 6.9, "need": 6.9, "reach": 1.0, "recent_deaths_400m": 5, "nearest_nax_km": 0.79, "blight_score": 17.2, "hardship": 58, "transit_adjacent": false}}, {"type": "Feature", "geometry": {"type": "Point", "coordinates": [-87.750764972, 41.8948538698]}, "properties": {"name": "ED'S GROCERY", "address": "5001 W CHICAGO AVE 1ST", "type": "Corner store / food mart", "ca_name": "AUSTIN", "placement_score": 6.8, "need": 6.8, "reach": 1.0, "recent_deaths_400m": 9, "nearest_nax_km": 0.23, "blight_score": 50.4, "hardship": 73, "transit_adjacent": false}}, {"type": "Feature", "geometry": {"type": "Point", "coordinates": [-87.7283152965, 41.8660171486]}, "properties": {"name": "SUPER NICK FOOD", "address": "4115 W ROOSEVELT RD", "type": "Corner store / food mart", "ca_name": "NORTH LAWNDALE", "placement_score": 6.8, "need": 6.8, "reach": 1.0, "recent_deaths_400m": 13, "nearest_nax_km": 0.16, "blight_score": 31.5, "hardship": 87, "transit_adjacent": false}}, {"type": "Feature", "geometry": {"type": "Point", "coordinates": [-87.6244014161, 41.7510095803]}, "properties": {"name": "79TH & STATE ST SHELL", "address": "7859 S STATE ST", "type": "Gas / filling station", "ca_name": "GREATER GRAND CROSSING", "placement_score": 6.8, "need": 4.5, "reach": 1.5, "recent_deaths_400m": 3, "nearest_nax_km": 0.82, "blight_score": 35.0, "hardship": 66, "transit_adjacent": true}}, {"type": "Feature", "geometry": {"type": "Point", "coordinates": [-87.6057866607, 41.7805596442]}, "properties": {"name": "Daleys Restaurant", "address": "6257 S COTTAGE GROVE AVE", "type": "Corner store / food mart", "ca_name": "WOODLAWN", "placement_score": 6.8, "need": 4.5, "reach": 1.5, "recent_deaths_400m": 11, "nearest_nax_km": 0.1, "blight_score": 17.2, "hardship": 58, "transit_adjacent": true}}, {"type": "Feature", "geometry": {"type": "Point", "coordinates": [-87.6645158049, 41.785638858]}, "properties": {"name": "MJG SALON LLC", "address": "5936 S ASHLAND AVE 1ST", "type": "Barbershop / salon", "ca_name": "WEST ENGLEWOOD", "placement_score": 6.7, "need": 11.1, "reach": 0.6, "recent_deaths_400m": 6, "nearest_nax_km": 0.8, "blight_score": 80.9, "hardship": 89, "transit_adjacent": false}}, {"type": "Feature", "geometry": {"type": "Point", "coordinates": [-87.6542767139, 41.7688009732]}, "properties": {"name": "SUNSHINE FOOD MART.", "address": "1200 W 69TH ST", "type": "Corner store / food mart", "ca_name": "WEST ENGLEWOOD", "placement_score": 6.7, "need": 6.7, "reach": 1.0, "recent_deaths_400m": 12, "nearest_nax_km": 0.09, "blight_score": 80.9, "hardship": 89, "transit_adjacent": false}}, {"type": "Feature", "geometry": {"type": "Point", "coordinates": [-87.6730313504, 41.7865311459]}, "properties": {"name": "1935 - 1937 W 59TH ST INC", "address": "1935-1937 W 59TH ST  1FL", "type": "Liquor / package goods", "ca_name": "WEST ENGLEWOOD", "placement_score": 6.7, "need": 7.4, "reach": 0.9, "recent_deaths_400m": 4, "nearest_nax_km": 0.91, "blight_score": 80.9, "hardship": 89, "transit_adjacent": false}}, {"type": "Feature", "geometry": {"type": "Point", "coordinates": [-87.745876776, 41.8927134516]}, "properties": {"name": "FLAJAE CAFE", "address": "644 N CICERO AVE 1ST", "type": "Corner store / food mart", "ca_name": "AUSTIN", "placement_score": 6.6, "need": 6.6, "reach": 1.0, "recent_deaths_400m": 7, "nearest_nax_km": 0.29, "blight_score": 50.4, "hardship": 73, "transit_adjacent": false}}, {"type": "Feature", "geometry": {"type": "Point", "coordinates": [-87.686672266, 41.7681737619]}, "properties": {"name": "IRVIN'S HAIR GALLERY", "address": "2519 W LITHUANIAN PLAZA CT 1ST", "type": "Barbershop / salon", "ca_name": "CHICAGO LAWN", "placement_score": 6.6, "need": 11.0, "reach": 0.6, "recent_deaths_400m": 7, "nearest_nax_km": 1.94, "blight_score": 34.7, "hardship": 80, "transit_adjacent": false}}, {"type": "Feature", "geometry": {"type": "Point", "coordinates": [-87.7670934155, 41.9020128005]}, "properties": {"name": "TIM'S FRIED RICE", "address": "5637 W DIVISION ST", "type": "Corner store / food mart", "ca_name": "AUSTIN", "placement_score": 6.5, "need": 6.5, "reach": 1.0, "recent_deaths_400m": 4, "nearest_nax_km": 0.86, "blight_score": 50.4, "hardship": 73, "transit_adjacent": false}}, {"type": "Feature", "geometry": {"type": "Point", "coordinates": [-87.6573078048, 41.7648941814]}, "properties": {"name": "ADA FOODS", "address": "1281 W 71ST ST 1ST", "type": "Tobacco / vape", "ca_name": "WEST ENGLEWOOD", "placement_score": 6.5, "need": 9.2, "reach": 0.7, "recent_deaths_400m": 5, "nearest_nax_km": 0.51, "blight_score": 80.9, "hardship": 89, "transit_adjacent": false}}, {"type": "Feature", "geometry": {"type": "Point", "coordinates": [-87.7397368756, 41.898909601]}, "properties": {"name": "MIDWEST GROCERY", "address": "4530 W AUGUSTA BLVD", "type": "Corner store / food mart", "ca_name": "HUMBOLDT PARK", "placement_score": 6.4, "need": 6.4, "reach": 1.0, "recent_deaths_400m": 4, "nearest_nax_km": 0.67, "blight_score": 34.9, "hardship": 85, "transit_adjacent": false}}, {"type": "Feature", "geometry": {"type": "Point", "coordinates": [-87.6967646402, 41.8955437081]}, "properties": {"name": "THE CONTINENTAL LOUNGE", "address": "2801 W CHICAGO AVE 1&2", "type": "Corner store / food mart", "ca_name": "HUMBOLDT PARK", "placement_score": 6.4, "need": 6.4, "reach": 1.0, "recent_deaths_400m": 4, "nearest_nax_km": 0.79, "blight_score": 34.9, "hardship": 85, "transit_adjacent": false}}, {"type": "Feature", "geometry": {"type": "Point", "coordinates": [-87.7139298997, 41.9101364659]}, "properties": {"name": "EL PILON Y PIZZA RESTAURANT", "address": "3454 W NORTH AVE  1", "type": "Corner store / food mart", "ca_name": "HUMBOLDT PARK", "placement_score": 6.4, "need": 6.4, "reach": 1.0, "recent_deaths_400m": 4, "nearest_nax_km": 0.72, "blight_score": 34.9, "hardship": 85, "transit_adjacent": false}}, {"type": "Feature", "geometry": {"type": "Point", "coordinates": [-87.7143618372, 41.9065049008]}, "properties": {"name": "FOOD STORE", "address": "3500 W HIRSCH ST", "type": "Corner store / food mart", "ca_name": "HUMBOLDT PARK", "placement_score": 6.4, "need": 6.4, "reach": 1.0, "recent_deaths_400m": 4, "nearest_nax_km": 0.87, "blight_score": 34.9, "hardship": 85, "transit_adjacent": false}}, {"type": "Feature", "geometry": {"type": "Point", "coordinates": [-87.7144327448, 41.9077456542]}, "properties": {"name": "LA PRIMAVERA", "address": "1446 N ST LOUIS AVE", "type": "Corner store / food mart", "ca_name": "HUMBOLDT PARK", "placement_score": 6.4, "need": 6.4, "reach": 1.0, "recent_deaths_400m": 4, "nearest_nax_km": 0.81, "blight_score": 34.9, "hardship": 85, "transit_adjacent": false}}, {"type": "Feature", "geometry": {"type": "Point", "coordinates": [-87.7353676834, 41.8950864958]}, "properties": {"name": "Culver's of Chicago JPSTA", "address": "4347 W CHICAGO AVE", "type": "Corner store / food mart", "ca_name": "HUMBOLDT PARK", "placement_score": 6.4, "need": 6.4, "reach": 1.0, "recent_deaths_400m": 4, "nearest_nax_km": 0.9, "blight_score": 34.9, "hardship": 85, "transit_adjacent": false}}, {"type": "Feature", "geometry": {"type": "Point", "coordinates": [-87.7251056486, 41.8590139133]}, "properties": {"name": "PAULS SNACK SHOP", "address": "1556 S PULASKI RD 1ST", "type": "Corner store / food mart", "ca_name": "NORTH LAWNDALE", "placement_score": 6.4, "need": 6.4, "reach": 1.0, "recent_deaths_400m": 4, "nearest_nax_km": 0.91, "blight_score": 31.5, "hardship": 87, "transit_adjacent": false}}, {"type": "Feature", "geometry": {"type": "Point", "coordinates": [-87.7248818146, 41.8614125848]}, "properties": {"name": "BEA'S TRAILER COURT SNACK SHOP", "address": "1437 S PULASKI RD", "type": "Corner store / food mart", "ca_name": "NORTH LAWNDALE", "placement_score": 6.4, "need": 6.4, "reach": 1.0, "recent_deaths_400m": 4, "nearest_nax_km": 0.7, "blight_score": 31.5, "hardship": 87, "transit_adjacent": false}}, {"type": "Feature", "geometry": {"type": "Point", "coordinates": [-87.7507129471, 41.9017562648]}, "properties": {"name": "BETH -ANNE PLACE", "address": "1143 N LAVERGNE AVE", "type": "Corner store / food mart", "ca_name": "AUSTIN", "placement_score": 6.3, "need": 6.3, "reach": 1.0, "recent_deaths_400m": 13, "nearest_nax_km": 0.12, "blight_score": 50.4, "hardship": 73, "transit_adjacent": false}}, {"type": "Feature", "geometry": {"type": "Point", "coordinates": [-87.5516457966, 41.7411834016]}, "properties": {"name": "MR G'S", "address": "8480 S COMMERCIAL AVE", "type": "Corner store / food mart", "ca_name": "SOUTH CHICAGO", "placement_score": 6.3, "need": 6.3, "reach": 1.0, "recent_deaths_400m": 4, "nearest_nax_km": 1.21, "blight_score": 40.7, "hardship": 75, "transit_adjacent": false}}, {"type": "Feature", "geometry": {"type": "Point", "coordinates": [-87.551617866, 41.7395152198]}, "properties": {"name": "MAYA'S PIZZA", "address": "8550 S COMMERCIAL AVE 1ST", "type": "Corner store / food mart", "ca_name": "SOUTH CHICAGO", "placement_score": 6.3, "need": 6.3, "reach": 1.0, "recent_deaths_400m": 4, "nearest_nax_km": 1.03, "blight_score": 40.7, "hardship": 75, "transit_adjacent": false}}, {"type": "Feature", "geometry": {"type": "Point", "coordinates": [-87.5512486896, 41.7358202897]}, "properties": {"name": "POLKA SAUSAGE & DELI", "address": "8753 S COMMERCIAL AVE 1ST", "type": "Corner store / food mart", "ca_name": "SOUTH CHICAGO", "placement_score": 6.3, "need": 6.3, "reach": 1.0, "recent_deaths_400m": 4, "nearest_nax_km": 0.62, "blight_score": 40.7, "hardship": 75, "transit_adjacent": false}}, {"type": "Feature", "geometry": {"type": "Point", "coordinates": [-87.7109010652, 41.7789559595]}, "properties": {"name": "N'DIGA COFFEE & BOOKS", "address": "3510 W 63RD ST", "type": "Corner store / food mart", "ca_name": "CHICAGO LAWN", "placement_score": 6.3, "need": 6.3, "reach": 1.0, "recent_deaths_400m": 4, "nearest_nax_km": 0.69, "blight_score": 34.7, "hardship": 80, "transit_adjacent": false}}, {"type": "Feature", "geometry": {"type": "Point", "coordinates": [-87.6836233778, 41.7839658423]}, "properties": {"name": "ALDI INC.#94", "address": "6025 S WESTERN AVE  1ST", "type": "Corner store / food mart", "ca_name": "CHICAGO LAWN", "placement_score": 6.3, "need": 6.3, "reach": 1.0, "recent_deaths_400m": 4, "nearest_nax_km": 1.37, "blight_score": 34.7, "hardship": 80, "transit_adjacent": false}}, {"type": "Feature", "geometry": {"type": "Point", "coordinates": [-87.5854374369, 41.7515037487]}, "properties": {"name": "MAXWELL STREET GRILL", "address": "7901 S SOUTH CHICAGO AVE", "type": "Corner store / food mart", "ca_name": "SOUTH CHICAGO", "placement_score": 6.3, "need": 6.3, "reach": 1.0, "recent_deaths_400m": 4, "nearest_nax_km": 0.58, "blight_score": 40.7, "hardship": 75, "transit_adjacent": false}}, {"type": "Feature", "geometry": {"type": "Point", "coordinates": [-87.545293615, 41.7430088164]}, "properties": {"name": "META FOODS AND MEAT", "address": "8361 S BURLEY AVE", "type": "Corner store / food mart", "ca_name": "SOUTH CHICAGO", "placement_score": 6.3, "need": 6.3, "reach": 1.0, "recent_deaths_400m": 4, "nearest_nax_km": 1.45, "blight_score": 40.7, "hardship": 75, "transit_adjacent": false}}, {"type": "Feature", "geometry": {"type": "Point", "coordinates": [-87.5515677362, 41.7369466061]}, "properties": {"name": "LA ESPANOLA BAKERY", "address": "8712 S COMMERCIAL AVE", "type": "Corner store / food mart", "ca_name": "SOUTH CHICAGO", "placement_score": 6.3, "need": 6.3, "reach": 1.0, "recent_deaths_400m": 4, "nearest_nax_km": 0.75, "blight_score": 40.7, "hardship": 75, "transit_adjacent": false}}, {"type": "Feature", "geometry": {"type": "Point", "coordinates": [-87.650041948, 41.7431195496]}, "properties": {"name": "EAGLE'S CORNER GROCERY", "address": "8302 S CARPENTER ST", "type": "Corner store / food mart", "ca_name": "AUBURN GRESHAM", "placement_score": 6.3, "need": 6.3, "reach": 1.0, "recent_deaths_400m": 4, "nearest_nax_km": 1.34, "blight_score": 39.4, "hardship": 74, "transit_adjacent": false}}, {"type": "Feature", "geometry": {"type": "Point", "coordinates": [-87.6913968371, 41.7863331631]}, "properties": {"name": "BIRRIERIA Y TAQUERIA LOPEZ", "address": "2705 W 59TH ST 1ST", "type": "Corner store / food mart", "ca_name": "CHICAGO LAWN", "placement_score": 6.3, "need": 6.3, "reach": 1.0, "recent_deaths_400m": 4, "nearest_nax_km": 0.82, "blight_score": 34.7, "hardship": 80, "transit_adjacent": false}}, {"type": "Feature", "geometry": {"type": "Point", "coordinates": [-87.6508587778, 41.7360797687]}, "properties": {"name": "MAXWELL STREET EXPRESS", "address": "1058 W 87TH ST", "type": "Corner store / food mart", "ca_name": "AUBURN GRESHAM", "placement_score": 6.3, "need": 6.3, "reach": 1.0, "recent_deaths_400m": 4, "nearest_nax_km": 0.69, "blight_score": 39.4, "hardship": 74, "transit_adjacent": false}}, {"type": "Feature", "geometry": {"type": "Point", "coordinates": [-87.555039118, 41.7374467927]}, "properties": {"name": "DE ARCOS PIZZA & RESTAURANT", "address": "2832 E 87TH ST", "type": "Corner store / food mart", "ca_name": "SOUTH CHICAGO", "placement_score": 6.3, "need": 6.3, "reach": 1.0, "recent_deaths_400m": 4, "nearest_nax_km": 0.91, "blight_score": 40.7, "hardship": 75, "transit_adjacent": false}}, {"type": "Feature", "geometry": {"type": "Point", "coordinates": [-87.578907801, 41.7514599205]}, "properties": {"name": "HERITAGE CAFE", "address": "1849 E 79TH ST 1ST", "type": "Corner store / food mart", "ca_name": "SOUTH CHICAGO", "placement_score": 6.3, "need": 6.3, "reach": 1.0, "recent_deaths_400m": 4, "nearest_nax_km": 0.84, "blight_score": 40.7, "hardship": 75, "transit_adjacent": false}}, {"type": "Feature", "geometry": {"type": "Point", "coordinates": [-87.7030229743, 41.7801758902]}, "properties": {"name": "DOLLAR GENERAL STORE #18701", "address": "6221-6227 S KEDZIE AVE 1 1", "type": "Corner store / food mart", "ca_name": "CHICAGO LAWN", "placement_score": 6.3, "need": 6.3, "reach": 1.0, "recent_deaths_400m": 10, "nearest_nax_km": 0.2, "blight_score": 34.7, "hardship": 80, "transit_adjacent": false}}, {"type": "Feature", "geometry": {"type": "Point", "coordinates": [-87.5493419986, 41.7484147266]}, "properties": {"name": "META MINI MART", "address": "8058 S COLES AVE", "type": "Corner store / food mart", "ca_name": "SOUTH CHICAGO", "placement_score": 6.3, "need": 6.3, "reach": 1.0, "recent_deaths_400m": 4, "nearest_nax_km": 1.96, "blight_score": 40.7, "hardship": 75, "transit_adjacent": false}}, {"type": "Feature", "geometry": {"type": "Point", "coordinates": [-87.7321995907, 41.887597576]}, "properties": {"name": "Andy's Deli Butcher Shop", "address": "4235-4245 W KINZIE ST 1", "type": "Corner store / food mart", "ca_name": "WEST GARFIELD PARK", "placement_score": 6.3, "need": 6.3, "reach": 1.0, "recent_deaths_400m": 4, "nearest_nax_km": 0.56, "blight_score": 24.7, "hardship": 92, "transit_adjacent": false}}, {"type": "Feature", "geometry": {"type": "Point", "coordinates": [-87.6434195918, 41.7342281857]}, "properties": {"name": "THE GARDEN DELI", "address": "8801 S HALSTED ST", "type": "Corner store / food mart", "ca_name": "AUBURN GRESHAM", "placement_score": 6.3, "need": 6.3, "reach": 1.0, "recent_deaths_400m": 4, "nearest_nax_km": 1.2, "blight_score": 39.4, "hardship": 74, "transit_adjacent": false}}, {"type": "Feature", "geometry": {"type": "Point", "coordinates": [-87.6435254108, 41.7379737803]}, "properties": {"name": "GO LO FUEL MARKET", "address": "8601-8615 S HALSTED ST", "type": "Gas / filling station", "ca_name": "AUBURN GRESHAM", "placement_score": 6.3, "need": 6.3, "reach": 1.0, "recent_deaths_400m": 4, "nearest_nax_km": 1.33, "blight_score": 39.4, "hardship": 74, "transit_adjacent": false}}, {"type": "Feature", "geometry": {"type": "Point", "coordinates": [-87.7378639793, 41.8696547502]}, "properties": {"name": "ANGELS PLACE, INC", "address": "4504 W FIFTH AVE", "type": "Corner store / food mart", "ca_name": "WEST GARFIELD PARK", "placement_score": 6.3, "need": 6.3, "reach": 1.0, "recent_deaths_400m": 4, "nearest_nax_km": 0.73, "blight_score": 24.7, "hardship": 92, "transit_adjacent": false}}, {"type": "Feature", "geometry": {"type": "Point", "coordinates": [-87.6811150175, 41.7811680743]}, "properties": {"name": "ICE Theaters 62nd and Western", "address": "2258 W 62ND ST", "type": "Corner store / food mart", "ca_name": "CHICAGO LAWN", "placement_score": 6.3, "need": 6.3, "reach": 1.0, "recent_deaths_400m": 4, "nearest_nax_km": 1.08, "blight_score": 34.7, "hardship": 80, "transit_adjacent": false}}, {"type": "Feature", "geometry": {"type": "Point", "coordinates": [-87.6184016491, 41.7509484549]}, "properties": {"name": "ANU'S STORE CO.", "address": "231 E 79TH ST 1", "type": "Corner store / food mart", "ca_name": "CHATHAM", "placement_score": 6.3, "need": 6.3, "reach": 1.0, "recent_deaths_400m": 7, "nearest_nax_km": 0.32, "blight_score": 20.3, "hardship": 60, "transit_adjacent": false}}, {"type": "Feature", "geometry": {"type": "Point", "coordinates": [-87.5553659957, 41.7445110396]}, "properties": {"name": "SOUTHSIDE AFRICAN RESTAURANT", "address": "8311 S BALTIMORE AVE 1ST", "type": "Corner store / food mart", "ca_name": "SOUTH CHICAGO", "placement_score": 6.3, "need": 6.3, "reach": 1.0, "recent_deaths_400m": 4, "nearest_nax_km": 1.64, "blight_score": 40.7, "hardship": 75, "transit_adjacent": false}}, {"type": "Feature", "geometry": {"type": "Point", "coordinates": [-87.5838548357, 41.7513974196]}, "properties": {"name": "NEW REGAL THEATER", "address": "1645 E 79TH ST  1ST", "type": "Corner store / food mart", "ca_name": "SOUTH CHICAGO", "placement_score": 6.3, "need": 6.3, "reach": 1.0, "recent_deaths_400m": 4, "nearest_nax_km": 0.6, "blight_score": 40.7, "hardship": 75, "transit_adjacent": false}}, {"type": "Feature", "geometry": {"type": "Point", "coordinates": [-87.6896897317, 41.7863617959]}, "properties": {"name": "Taqueria Maravatio", "address": "2621 W 59TH ST", "type": "Corner store / food mart", "ca_name": "CHICAGO LAWN", "placement_score": 6.3, "need": 6.3, "reach": 1.0, "recent_deaths_400m": 4, "nearest_nax_km": 0.87, "blight_score": 34.7, "hardship": 80, "transit_adjacent": false}}, {"type": "Feature", "geometry": {"type": "Point", "coordinates": [-87.5578502861, 41.7446798884]}, "properties": {"name": "SUGAR & SPICE EVERYTHING NICE", "address": "2722 E 83RD ST", "type": "Corner store / food mart", "ca_name": "SOUTH CHICAGO", "placement_score": 6.3, "need": 6.3, "reach": 1.0, "recent_deaths_400m": 4, "nearest_nax_km": 1.73, "blight_score": 40.7, "hardship": 75, "transit_adjacent": false}}, {"type": "Feature", "geometry": {"type": "Point", "coordinates": [-87.6397223305, 41.732486673]}, "properties": {"name": "BUY-A-LOT", "address": "8901 S LOWE AVE", "type": "Corner store / food mart", "ca_name": "AUBURN GRESHAM", "placement_score": 6.3, "need": 6.3, "reach": 1.0, "recent_deaths_400m": 4, "nearest_nax_km": 1.31, "blight_score": 39.4, "hardship": 74, "transit_adjacent": false}}, {"type": "Feature", "geometry": {"type": "Point", "coordinates": [-87.766009355, 41.9089789212]}, "properties": {"name": "WALGREENS # 04147", "address": "1546 N CENTRAL AVE", "type": "Tobacco / vape", "ca_name": "AUSTIN", "placement_score": 6.2, "need": 8.9, "reach": 0.7, "recent_deaths_400m": 11, "nearest_nax_km": 0.25, "blight_score": 50.4, "hardship": 73, "transit_adjacent": false}}, {"type": "Feature", "geometry": {"type": "Point", "coordinates": [-87.6252090144, 41.7222320053]}, "properties": {"name": "SEE THRU CHINESE KITCHEN #15", "address": "9440 S LAFAYETTE AVE", "type": "Corner store / food mart", "ca_name": "ROSELAND", "placement_score": 6.1, "need": 4.1, "reach": 1.5, "recent_deaths_400m": 9, "nearest_nax_km": 0.08, "blight_score": 48.9, "hardship": 52, "transit_adjacent": true}}, {"type": "Feature", "geometry": {"type": "Point", "coordinates": [-87.6200704781, 41.7071568616]}, "properties": {"name": "WHITE CASTLE #58", "address": "10301 S MICHIGAN AVE 1ST", "type": "Corner store / food mart", "ca_name": "ROSELAND", "placement_score": 6.0, "need": 6.0, "reach": 1.0, "recent_deaths_400m": 4, "nearest_nax_km": 1.43, "blight_score": 48.9, "hardship": 52, "transit_adjacent": false}}, {"type": "Feature", "geometry": {"type": "Point", "coordinates": [-87.605584027, 41.7657167263]}, "properties": {"name": "DELIGHTFULLY  / DELICIOUS  SAUCE", "address": "7100 S SOUTH CHICAGO AVE", "type": "Corner store / food mart", "ca_name": "GREATER GRAND CROSSING", "placement_score": 6.0, "need": 6.0, "reach": 1.0, "recent_deaths_400m": 4, "nearest_nax_km": 0.56, "blight_score": 35.0, "hardship": 66, "transit_adjacent": false}}, {"type": "Feature", "geometry": {"type": "Point", "coordinates": [-87.6405477797, 41.7068366835]}, "properties": {"name": "BLAK'S CORNER STORE", "address": "703 W 103RD ST", "type": "Corner store / food mart", "ca_name": "ROSELAND", "placement_score": 6.0, "need": 6.0, "reach": 1.0, "recent_deaths_400m": 4, "nearest_nax_km": 1.58, "blight_score": 48.9, "hardship": 52, "transit_adjacent": false}}, {"type": "Feature", "geometry": {"type": "Point", "coordinates": [-87.7466781484, 41.7980158738]}, "properties": {"name": "MIDWAY AIRPORT CONCESSIONAIRES", "address": "5559-3 S ARCHER AVE", "type": "Corner store / food mart", "ca_name": "GARFIELD RIDGE", "placement_score": 6.0, "need": 6.0, "reach": 1.0, "recent_deaths_400m": 5, "nearest_nax_km": 1.65, "blight_score": 6.9, "hardship": 32, "transit_adjacent": false}}, {"type": "Feature", "geometry": {"type": "Point", "coordinates": [-87.5958409183, 41.7660124521]}, "properties": {"name": "LAT'S LIQUOR", "address": "1200 E 71ST ST 1ST", "type": "Corner store / food mart", "ca_name": "GREATER GRAND CROSSING", "placement_score": 6.0, "need": 6.0, "reach": 1.0, "recent_deaths_400m": 4, "nearest_nax_km": 0.54, "blight_score": 35.0, "hardship": 66, "transit_adjacent": false}}, {"type": "Feature", "geometry": {"type": "Point", "coordinates": [-87.6343446377, 41.7581900396]}, "properties": {"name": "STEWART LIQUORS INC", "address": "356 W 75TH ST 1ST", "type": "Corner store / food mart", "ca_name": "GREATER GRAND CROSSING", "placement_score": 6.0, "need": 6.0, "reach": 1.0, "recent_deaths_400m": 4, "nearest_nax_km": 1.66, "blight_score": 35.0, "hardship": 66, "transit_adjacent": false}}, {"type": "Feature", "geometry": {"type": "Point", "coordinates": [-87.7427569288, 41.7980059743]}, "properties": {"name": "SUNSET INN,INC", "address": "5221 S CICERO AVE", "type": "Corner store / food mart", "ca_name": "GARFIELD RIDGE", "placement_score": 6.0, "need": 6.0, "reach": 1.0, "recent_deaths_400m": 5, "nearest_nax_km": 1.35, "blight_score": 6.9, "hardship": 32, "transit_adjacent": false}}, {"type": "Feature", "geometry": {"type": "Point", "coordinates": [-87.7427180899, 41.7967771924]}, "properties": {"name": "MASTERS PANCAKE HOUSE", "address": "5265 S CICERO AVE", "type": "Corner store / food mart", "ca_name": "GARFIELD RIDGE", "placement_score": 6.0, "need": 6.0, "reach": 1.0, "recent_deaths_400m": 5, "nearest_nax_km": 1.3, "blight_score": 6.9, "hardship": 32, "transit_adjacent": false}}, {"type": "Feature", "geometry": {"type": "Point", "coordinates": [-87.6312791199, 41.7586679115]}, "properties": {"name": "MEG'S KITCHEN LTD", "address": "7448 S VINCENNES AVE", "type": "Corner store / food mart", "ca_name": "GREATER GRAND CROSSING", "placement_score": 6.0, "need": 6.0, "reach": 1.0, "recent_deaths_400m": 4, "nearest_nax_km": 1.64, "blight_score": 35.0, "hardship": 66, "transit_adjacent": false}}, {"type": "Feature", "geometry": {"type": "Point", "coordinates": [-87.6000778022, 41.7569239877]}, "properties": {"name": "SAM TOCCI", "address": "1008 E 76TH ST 1ST", "type": "Corner store / food mart", "ca_name": "GREATER GRAND CROSSING", "placement_score": 6.0, "need": 6.0, "reach": 1.0, "recent_deaths_400m": 4, "nearest_nax_km": 0.63, "blight_score": 35.0, "hardship": 66, "transit_adjacent": false}}, {"type": "Feature", "geometry": {"type": "Point", "coordinates": [-87.6327360172, 41.7582152157]}, "properties": {"name": "MR. TIPS", "address": "314 W 75TH ST", "type": "Corner store / food mart", "ca_name": "GREATER GRAND CROSSING", "placement_score": 6.0, "need": 6.0, "reach": 1.0, "recent_deaths_400m": 4, "nearest_nax_km": 1.72, "blight_score": 35.0, "hardship": 66, "transit_adjacent": false}}, {"type": "Feature", "geometry": {"type": "Point", "coordinates": [-87.6139084219, 41.7656247334]}, "properties": {"name": "ALEX 71", "address": "435 E 71ST ST", "type": "Corner store / food mart", "ca_name": "GREATER GRAND CROSSING", "placement_score": 6.0, "need": 6.0, "reach": 1.0, "recent_deaths_400m": 4, "nearest_nax_km": 1.18, "blight_score": 35.0, "hardship": 66, "transit_adjacent": false}}, {"type": "Feature", "geometry": {"type": "Point", "coordinates": [-87.6294533889, 41.7580482584]}, "properties": {"name": "SANJUSTIN'S KITCHEN, INC.", "address": "157 W 75TH ST GROUND", "type": "Corner store / food mart", "ca_name": "GREATER GRAND CROSSING", "placement_score": 6.0, "need": 6.0, "reach": 1.0, "recent_deaths_400m": 4, "nearest_nax_km": 1.47, "blight_score": 35.0, "hardship": 66, "transit_adjacent": false}}, {"type": "Feature", "geometry": {"type": "Point", "coordinates": [-87.7102073878, 41.9120076215]}, "properties": {"name": "NATACHA GROCERY", "address": "3300 W WABANSIA AVE", "type": "Corner store / food mart", "ca_name": "HUMBOLDT PARK", "placement_score": 5.7, "need": 5.7, "reach": 1.0, "recent_deaths_400m": 4, "nearest_nax_km": 0.44, "blight_score": 34.9, "hardship": 85, "transit_adjacent": false}}, {"type": "Feature", "geometry": {"type": "Point", "coordinates": [-87.721686765, 41.9062307195]}, "properties": {"name": "NEVEEN'S FOOD MARKET INC", "address": "1366 N HAMLIN AVE 1ST", "type": "Tobacco / vape", "ca_name": "HUMBOLDT PARK", "placement_score": 5.6, "need": 8.0, "reach": 0.7, "recent_deaths_400m": 5, "nearest_nax_km": 1.12, "blight_score": 34.9, "hardship": 85, "transit_adjacent": false}}, {"type": "Feature", "geometry": {"type": "Point", "coordinates": [-87.709442816, 41.9054322522]}, "properties": {"name": "EVERGREEN CONVENIENT FOOD", "address": "3301 W EVERGREEN AVE 1 1", "type": "Tobacco / vape", "ca_name": "HUMBOLDT PARK", "placement_score": 5.6, "need": 8.0, "reach": 0.7, "recent_deaths_400m": 5, "nearest_nax_km": 0.65, "blight_score": 34.9, "hardship": 85, "transit_adjacent": false}}, {"type": "Feature", "geometry": {"type": "Point", "coordinates": [-87.5808284241, 41.7516552378]}, "properties": {"name": "SHRIMP HOUSE", "address": "1800 E 79TH ST", "type": "Corner store / food mart", "ca_name": "SOUTH SHORE", "placement_score": 5.6, "need": 5.6, "reach": 1.0, "recent_deaths_400m": 4, "nearest_nax_km": 0.75, "blight_score": 26.8, "hardship": 55, "transit_adjacent": false}}, {"type": "Feature", "geometry": {"type": "Point", "coordinates": [-87.6041748722, 41.7367676431]}, "properties": {"name": "DUNKIN DONUTS", "address": "814 E 87TH ST", "type": "Corner store / food mart", "ca_name": "CHATHAM", "placement_score": 5.6, "need": 5.6, "reach": 1.0, "recent_deaths_400m": 4, "nearest_nax_km": 1.79, "blight_score": 20.3, "hardship": 60, "transit_adjacent": false}}, {"type": "Feature", "geometry": {"type": "Point", "coordinates": [-87.5928141734, 41.7568558348]}, "properties": {"name": "AMOCO GAS & FOOD", "address": "7603 S SOUTH CHICAGO AVE 1ST", "type": "Corner store / food mart", "ca_name": "SOUTH SHORE", "placement_score": 5.6, "need": 5.6, "reach": 1.0, "recent_deaths_400m": 4, "nearest_nax_km": 0.89, "blight_score": 26.8, "hardship": 55, "transit_adjacent": false}}, {"type": "Feature", "geometry": {"type": "Point", "coordinates": [-87.5512106163, 41.7341643087]}, "properties": {"name": "COCULA RESTAURANT", "address": "8847 S COMMERCIAL AVE 1", "type": "Corner store / food mart", "ca_name": "SOUTH CHICAGO", "placement_score": 5.6, "need": 5.6, "reach": 1.0, "recent_deaths_400m": 4, "nearest_nax_km": 0.44, "blight_score": 40.7, "hardship": 75, "transit_adjacent": false}}, {"type": "Feature", "geometry": {"type": "Point", "coordinates": [-87.7361448856, 41.8601043738]}, "properties": {"name": "BONDS GROCERY", "address": "1512 S KENNETH AVE", "type": "Tobacco / vape", "ca_name": "NORTH LAWNDALE", "placement_score": 5.6, "need": 8.0, "reach": 0.7, "recent_deaths_400m": 5, "nearest_nax_km": 0.84, "blight_score": 31.5, "hardship": 87, "transit_adjacent": false}}, {"type": "Feature", "geometry": {"type": "Point", "coordinates": [-87.5759544623, 41.7569700964]}, "properties": {"name": "76TH AND JEFFERY INC", "address": "7601 S JEFFERY BLVD", "type": "Corner store / food mart", "ca_name": "SOUTH SHORE", "placement_score": 5.6, "need": 5.6, "reach": 1.0, "recent_deaths_400m": 4, "nearest_nax_km": 1.18, "blight_score": 26.8, "hardship": 55, "transit_adjacent": false}}, {"type": "Feature", "geometry": {"type": "Point", "coordinates": [-87.5725195994, 41.7588090827]}, "properties": {"name": "CC BECKY'S CATERING, INC.", "address": "2131 E 75TH ST", "type": "Corner store / food mart", "ca_name": "SOUTH SHORE", "placement_score": 5.6, "need": 5.6, "reach": 1.0, "recent_deaths_400m": 4, "nearest_nax_km": 0.84, "blight_score": 26.8, "hardship": 55, "transit_adjacent": false}}, {"type": "Feature", "geometry": {"type": "Point", "coordinates": [-87.5900148847, 41.7658596705]}, "properties": {"name": "Dollar General Store #25059", "address": "1425 E 71ST ST 1", "type": "Corner store / food mart", "ca_name": "SOUTH SHORE", "placement_score": 5.6, "need": 5.6, "reach": 1.0, "recent_deaths_400m": 4, "nearest_nax_km": 0.93, "blight_score": 26.8, "hardship": 55, "transit_adjacent": false}}, {"type": "Feature", "geometry": {"type": "Point", "coordinates": [-87.604792543, 41.7293068345]}, "properties": {"name": "ORBIT STEAK, FISH & CHICKEN", "address": "9100 S COTTAGE GROVE AVE", "type": "Corner store / food mart", "ca_name": "CHATHAM", "placement_score": 5.6, "need": 5.6, "reach": 1.0, "recent_deaths_400m": 4, "nearest_nax_km": 1.82, "blight_score": 20.3, "hardship": 60, "transit_adjacent": false}}, {"type": "Feature", "geometry": {"type": "Point", "coordinates": [-87.6047632647, 41.739733476]}, "properties": {"name": "DOLLAR TREE #5461", "address": "8517 S COTTAGE GROVE AVE 1ST", "type": "Corner store / food mart", "ca_name": "CHATHAM", "placement_score": 5.6, "need": 5.6, "reach": 1.0, "recent_deaths_400m": 4, "nearest_nax_km": 1.48, "blight_score": 20.3, "hardship": 60, "transit_adjacent": false}}, {"type": "Feature", "geometry": {"type": "Point", "coordinates": [-87.6044203269, 41.7257513421]}, "properties": {"name": "MAMA MADE SWEET POTATA PIE", "address": "9259 S COTTAGE GROVE AVE 1ST REAR", "type": "Corner store / food mart", "ca_name": "CHATHAM", "placement_score": 5.6, "need": 5.6, "reach": 1.0, "recent_deaths_400m": 4, "nearest_nax_km": 1.7, "blight_score": 20.3, "hardship": 60, "transit_adjacent": false}}, {"type": "Feature", "geometry": {"type": "Point", "coordinates": [-87.5910957169, 41.7643027785]}, "properties": {"name": "EDEN SOUTH SHORE", "address": "7156 S DORCHESTER AVE 1-4", "type": "Corner store / food mart", "ca_name": "SOUTH SHORE", "placement_score": 5.6, "need": 5.6, "reach": 1.0, "recent_deaths_400m": 4, "nearest_nax_km": 0.79, "blight_score": 26.8, "hardship": 55, "transit_adjacent": false}}, {"type": "Feature", "geometry": {"type": "Point", "coordinates": [-87.6084450081, 41.7732046892]}, "properties": {"name": "E R & J FOOD & LIQUOR, INC", "address": "654-658 E 67TH ST", "type": "Corner store / food mart", "ca_name": "WOODLAWN", "placement_score": 5.5, "need": 5.5, "reach": 1.0, "recent_deaths_400m": 4, "nearest_nax_km": 0.78, "blight_score": 17.2, "hardship": 58, "transit_adjacent": false}}, {"type": "Feature", "geometry": {"type": "Point", "coordinates": [-87.6537178195, 41.7554644127]}, "properties": {"name": "POPEYE'S CHICKEN & BISCUITS", "address": "7617 S RACINE AVE  1", "type": "Corner store / food mart", "ca_name": "AUBURN GRESHAM", "placement_score": 5.5, "need": 5.5, "reach": 1.0, "recent_deaths_400m": 8, "nearest_nax_km": 0.22, "blight_score": 39.4, "hardship": 74, "transit_adjacent": false}}, {"type": "Feature", "geometry": {"type": "Point", "coordinates": [-87.6037446861, 41.7857909577]}, "properties": {"name": "CAFE LOGAN", "address": "915 E 60TH ST 1", "type": "Corner store / food mart", "ca_name": "WOODLAWN", "placement_score": 5.5, "need": 5.5, "reach": 1.0, "recent_deaths_400m": 4, "nearest_nax_km": 0.68, "blight_score": 17.2, "hardship": 58, "transit_adjacent": false}}, {"type": "Feature", "geometry": {"type": "Point", "coordinates": [-87.6552954618, 41.7869869984]}, "properties": {"name": "AMOCO", "address": "1212-1224 W 59TH ST 1ST", "type": "Corner store / food mart", "ca_name": "WEST ENGLEWOOD", "placement_score": 5.5, "need": 5.5, "reach": 1.0, "recent_deaths_400m": 3, "nearest_nax_km": 0.87, "blight_score": 80.9, "hardship": 89, "transit_adjacent": false}}, {"type": "Feature", "geometry": {"type": "Point", "coordinates": [-87.5997511136, 41.7733089702]}, "properties": {"name": "GREEN FOODS & LIQUOR, INC.", "address": "1026 E 67TH ST 1ST", "type": "Corner store / food mart", "ca_name": "WOODLAWN", "placement_score": 5.5, "need": 5.5, "reach": 1.0, "recent_deaths_400m": 4, "nearest_nax_km": 0.96, "blight_score": 17.2, "hardship": 58, "transit_adjacent": false}}, {"type": "Feature", "geometry": {"type": "Point", "coordinates": [-87.6148084142, 41.7506272764]}, "properties": {"name": "THE BAY", "address": "7915 S DR MARTIN LUTHER KING JR DR", "type": "Corner store / food mart", "ca_name": "CHATHAM", "placement_score": 5.5, "need": 5.5, "reach": 1.0, "recent_deaths_400m": 13, "nearest_nax_km": 0.04, "blight_score": 20.3, "hardship": 60, "transit_adjacent": false}}, {"type": "Feature", "geometry": {"type": "Point", "coordinates": [-87.6119986361, 41.7706229858]}, "properties": {"name": "BIRDIES", "address": "6817 S SOUTH CHICAGO AVE", "type": "Corner store / food mart", "ca_name": "WOODLAWN", "placement_score": 5.5, "need": 5.5, "reach": 1.0, "recent_deaths_400m": 4, "nearest_nax_km": 1.14, "blight_score": 17.2, "hardship": 58, "transit_adjacent": false}}, {"type": "Feature", "geometry": {"type": "Point", "coordinates": [-87.5645350005, 41.7659416234]}, "properties": {"name": "FAULKNER SCHOOL", "address": "7110 S COLES AVE", "type": "Corner store / food mart", "ca_name": "SOUTH SHORE", "placement_score": 5.5, "need": 5.5, "reach": 1.0, "recent_deaths_400m": 5, "nearest_nax_km": 0.39, "blight_score": 26.8, "hardship": 55, "transit_adjacent": false}}, {"type": "Feature", "geometry": {"type": "Point", "coordinates": [-87.6236369729, 41.7230059244]}, "properties": {"name": "QUALITY MART LLC", "address": "9417 S STATE ST", "type": "Corner store / food mart", "ca_name": "ROSELAND", "placement_score": 5.4, "need": 3.6, "reach": 1.5, "recent_deaths_400m": 8, "nearest_nax_km": 0.13, "blight_score": 48.9, "hardship": 52, "transit_adjacent": true}}, {"type": "Feature", "geometry": {"type": "Point", "coordinates": [-87.6216769161, 41.7580299511]}, "properties": {"name": "LAURA'S HAIR STUDIO 1", "address": "7506 S MICHIGAN AVE 1ST", "type": "Barbershop / salon", "ca_name": "GREATER GRAND CROSSING", "placement_score": 5.4, "need": 9.0, "reach": 0.6, "recent_deaths_400m": 6, "nearest_nax_km": 0.99, "blight_score": 35.0, "hardship": 66, "transit_adjacent": false}}, {"type": "Feature", "geometry": {"type": "Point", "coordinates": [-87.7094208849, 41.8646198859]}, "properties": {"name": "EULA PAYNE", "address": "1256 S CHRISTIANA AVE 1ST", "type": "Tobacco / vape", "ca_name": "NORTH LAWNDALE", "placement_score": 5.4, "need": 7.6, "reach": 0.7, "recent_deaths_400m": 16, "nearest_nax_km": 0.07, "blight_score": 31.5, "hardship": 87, "transit_adjacent": false}}, {"type": "Feature", "geometry": {"type": "Point", "coordinates": [-87.6335931975, 41.7670830618]}, "properties": {"name": "MACK'S", "address": "333 W 70TH ST 1ST", "type": "Tobacco / vape", "ca_name": "GREATER GRAND CROSSING", "placement_score": 5.3, "need": 7.5, "reach": 0.7, "recent_deaths_400m": 5, "nearest_nax_km": 1.2, "blight_score": 35.0, "hardship": 66, "transit_adjacent": false}}, {"type": "Feature", "geometry": {"type": "Point", "coordinates": [-87.7660202468, 41.9125535919]}, "properties": {"name": "YUMMY'S GRILL", "address": "5609 W BLOOMINGDALE AVE", "type": "Corner store / food mart", "ca_name": "AUSTIN", "placement_score": 5.2, "need": 5.2, "reach": 1.0, "recent_deaths_400m": 4, "nearest_nax_km": 0.4, "blight_score": 50.4, "hardship": 73, "transit_adjacent": false}}, {"type": "Feature", "geometry": {"type": "Point", "coordinates": [-87.6609044048, 41.7869074448]}, "properties": {"name": "FIVE NINE FOOD & GROCERIES, LLC", "address": "1434 W 59TH ST", "type": "Tobacco / vape", "ca_name": "WEST ENGLEWOOD", "placement_score": 5.2, "need": 7.4, "reach": 0.7, "recent_deaths_400m": 4, "nearest_nax_km": 1.0, "blight_score": 80.9, "hardship": 89, "transit_adjacent": false}}, {"type": "Feature", "geometry": {"type": "Point", "coordinates": [-87.6714366715, 41.7794611564]}, "properties": {"name": "EDDIE'S FOOD MART", "address": "1858 W 63RD ST  1ST", "type": "Tobacco / vape", "ca_name": "WEST ENGLEWOOD", "placement_score": 5.2, "need": 7.5, "reach": 0.7, "recent_deaths_400m": 8, "nearest_nax_km": 0.25, "blight_score": 80.9, "hardship": 89, "transit_adjacent": false}}, {"type": "Feature", "geometry": {"type": "Point", "coordinates": [-87.6209332014, 41.6945741818]}, "properties": {"name": "SHARKS FISH & CHICKEN", "address": "10956 S MICHIGAN AVE", "type": "Corner store / food mart", "ca_name": "ROSELAND", "placement_score": 5.2, "need": 5.2, "reach": 1.0, "recent_deaths_400m": 7, "nearest_nax_km": 0.25, "blight_score": 48.9, "hardship": 52, "transit_adjacent": false}}, {"type": "Feature", "geometry": {"type": "Point", "coordinates": [-87.5655594876, 41.7643364902]}, "properties": {"name": "KENNEDY FISH AND CHICKEN", "address": "2425 E 72ND ST", "type": "Corner store / food mart", "ca_name": "SOUTH SHORE", "placement_score": 5.1, "need": 5.1, "reach": 1.0, "recent_deaths_400m": 7, "nearest_nax_km": 0.26, "blight_score": 26.8, "hardship": 55, "transit_adjacent": false}}, {"type": "Feature", "geometry": {"type": "Point", "coordinates": [-87.7466288432, 41.9022351236]}, "properties": {"name": "O.T.'S PLACE", "address": "4815 W DIVISION ST", "type": "Corner store / food mart", "ca_name": "AUSTIN", "placement_score": 5.0, "need": 5.0, "reach": 1.0, "recent_deaths_400m": 7, "nearest_nax_km": 0.22, "blight_score": 50.4, "hardship": 73, "transit_adjacent": false}}, {"type": "Feature", "geometry": {"type": "Point", "coordinates": [-87.5696947744, 41.7626949269]}, "properties": {"name": "J & R BARBER SHOP", "address": "2240 E 73RD ST", "type": "Barbershop / salon", "ca_name": "SOUTH SHORE", "placement_score": 5.0, "need": 8.4, "reach": 0.6, "recent_deaths_400m": 6, "nearest_nax_km": 0.5, "blight_score": 26.8, "hardship": 55, "transit_adjacent": false}}, {"type": "Feature", "geometry": {"type": "Point", "coordinates": [-87.551469154, 41.7328422114]}, "properties": {"name": "AFRICAN FOOD PALACE", "address": "8928 S COMMERCIAL AVE 1", "type": "Corner store / food mart", "ca_name": "SOUTH CHICAGO", "placement_score": 5.0, "need": 5.0, "reach": 1.0, "recent_deaths_400m": 5, "nearest_nax_km": 0.32, "blight_score": 40.7, "hardship": 75, "transit_adjacent": false}}, {"type": "Feature", "geometry": {"type": "Point", "coordinates": [-87.74884541, 41.902212301]}, "properties": {"name": "RISHI PHARMACY", "address": "4909 W DIVISION ST", "type": "Corner store / food mart", "ca_name": "AUSTIN", "placement_score": 4.9, "need": 4.9, "reach": 1.0, "recent_deaths_400m": 10, "nearest_nax_km": 0.04, "blight_score": 50.4, "hardship": 73, "transit_adjacent": false}}, {"type": "Feature", "geometry": {"type": "Point", "coordinates": [-87.6572077625, 41.7359858322]}, "properties": {"name": "WESTERN JERK", "address": "1334 W 87TH ST", "type": "Corner store / food mart", "ca_name": "AUBURN GRESHAM", "placement_score": 4.9, "need": 4.9, "reach": 1.0, "recent_deaths_400m": 4, "nearest_nax_km": 0.39, "blight_score": 39.4, "hardship": 74, "transit_adjacent": false}}, {"type": "Feature", "geometry": {"type": "Point", "coordinates": [-87.7177724178, 41.9098704839]}, "properties": {"name": "EL MOFONGUITO LLC", "address": "3625 W NORTH AVE 1", "type": "Corner store / food mart", "ca_name": "HUMBOLDT PARK", "placement_score": 4.8, "need": 4.8, "reach": 1.0, "recent_deaths_400m": 3, "nearest_nax_km": 1.03, "blight_score": 34.9, "hardship": 85, "transit_adjacent": false}}, {"type": "Feature", "geometry": {"type": "Point", "coordinates": [-87.7116469589, 41.9134716593]}, "properties": {"name": "DAYGLOW", "address": "1757 N KIMBALL AVE", "type": "Corner store / food mart", "ca_name": "HUMBOLDT PARK", "placement_score": 4.8, "need": 4.8, "reach": 1.0, "recent_deaths_400m": 3, "nearest_nax_km": 0.63, "blight_score": 34.9, "hardship": 85, "transit_adjacent": false}}, {"type": "Feature", "geometry": {"type": "Point", "coordinates": [-87.7210672539, 41.9098343795]}, "properties": {"name": "MOCA MASTER CUTS", "address": "3747 W NORTH AVE 1ST", "type": "Barbershop / salon", "ca_name": "HUMBOLDT PARK", "placement_score": 4.8, "need": 8.0, "reach": 0.6, "recent_deaths_400m": 5, "nearest_nax_km": 1.08, "blight_score": 34.9, "hardship": 85, "transit_adjacent": false}}, {"type": "Feature", "geometry": {"type": "Point", "coordinates": [-87.6056253477, 41.7617969671]}, "properties": {"name": "ONE CUT AT A TIME", "address": "7312 S COTTAGE GROVE AVE", "type": "Barbershop / salon", "ca_name": "GREATER GRAND CROSSING", "placement_score": 4.8, "need": 8.1, "reach": 0.6, "recent_deaths_400m": 6, "nearest_nax_km": 0.45, "blight_score": 35.0, "hardship": 66, "transit_adjacent": false}}, {"type": "Feature", "geometry": {"type": "Point", "coordinates": [-87.7486942611, 41.7977070715]}, "properties": {"name": "MELON EXPRESS CATERING", "address": "5559 S ARCHER AVE UNIT 3", "type": "Corner store / food mart", "ca_name": "GARFIELD RIDGE", "placement_score": 4.8, "need": 4.8, "reach": 1.0, "recent_deaths_400m": 4, "nearest_nax_km": 1.8, "blight_score": 6.9, "hardship": 32, "transit_adjacent": false}}, {"type": "Feature", "geometry": {"type": "Point", "coordinates": [-87.6934828424, 41.8638710221]}, "properties": {"name": "NEW HOPE FOOD", "address": "1330 S WASHTENAW AVE", "type": "Corner store / food mart", "ca_name": "NORTH LAWNDALE", "placement_score": 4.8, "need": 4.8, "reach": 1.0, "recent_deaths_400m": 3, "nearest_nax_km": 0.79, "blight_score": 31.5, "hardship": 87, "transit_adjacent": false}}, {"type": "Feature", "geometry": {"type": "Point", "coordinates": [-87.7172542891, 41.85357266]}, "properties": {"name": "EDDY'S FOOD MART", "address": "3661 W OGDEN AVE 1ST", "type": "Corner store / food mart", "ca_name": "NORTH LAWNDALE", "placement_score": 4.8, "need": 3.2, "reach": 1.5, "recent_deaths_400m": 5, "nearest_nax_km": 0.2, "blight_score": 31.5, "hardship": 87, "transit_adjacent": true}}, {"type": "Feature", "geometry": {"type": "Point", "coordinates": [-87.7469750728, 41.8074617083]}, "properties": {"name": "LOS PRIMOS FRESH MARKET & TAQUERIA LLC", "address": "4935-4937 W 47TH ST", "type": "Corner store / food mart", "ca_name": "GARFIELD RIDGE", "placement_score": 4.8, "need": 4.8, "reach": 1.0, "recent_deaths_400m": 4, "nearest_nax_km": 1.84, "blight_score": 6.9, "hardship": 32, "transit_adjacent": false}}, {"type": "Feature", "geometry": {"type": "Point", "coordinates": [-87.6909893297, 41.8631198355]}, "properties": {"name": "MAXWELL' S ON OGDEN", "address": "2600 W OGDEN AVE 1ST", "type": "Corner store / food mart", "ca_name": "NORTH LAWNDALE", "placement_score": 4.8, "need": 4.8, "reach": 1.0, "recent_deaths_400m": 3, "nearest_nax_km": 0.7, "blight_score": 31.5, "hardship": 87, "transit_adjacent": false}}, {"type": "Feature", "geometry": {"type": "Point", "coordinates": [-87.6931495556, 41.8625283518]}, "properties": {"name": "La Catedral Cafe on Ogden Inc.", "address": "1407 S WASHTENAW AVE", "type": "Corner store / food mart", "ca_name": "NORTH LAWNDALE", "placement_score": 4.8, "need": 4.8, "reach": 1.0, "recent_deaths_400m": 3, "nearest_nax_km": 0.87, "blight_score": 31.5, "hardship": 87, "transit_adjacent": false}}, {"type": "Feature", "geometry": {"type": "Point", "coordinates": [-87.7318889761, 41.8659656873]}, "properties": {"name": "DIVINE MEATS AND PRODUCE MARKET, LLC", "address": "4247 W ROOSEVELT RD 1ST", "type": "Corner store / food mart", "ca_name": "NORTH LAWNDALE", "placement_score": 4.8, "need": 4.8, "reach": 1.0, "recent_deaths_400m": 10, "nearest_nax_km": 0.14, "blight_score": 31.5, "hardship": 87, "transit_adjacent": false}}, {"type": "Feature", "geometry": {"type": "Point", "coordinates": [-87.7337790055, 41.8480198809]}, "properties": {"name": "Eccentric Trend Setters Hair Emporium", "address": "4372 W OGDEN AVE 1", "type": "Barbershop / salon", "ca_name": "NORTH LAWNDALE", "placement_score": 4.8, "need": 8.0, "reach": 0.6, "recent_deaths_400m": 5, "nearest_nax_km": 0.73, "blight_score": 31.5, "hardship": 87, "transit_adjacent": false}}, {"type": "Feature", "geometry": {"type": "Point", "coordinates": [-87.6909667089, 41.8593891128]}, "properties": {"name": "Eurest Dining Services @ Ryerson Tull", "address": "2602 W 16TH ST", "type": "Corner store / food mart", "ca_name": "NORTH LAWNDALE", "placement_score": 4.8, "need": 4.8, "reach": 1.0, "recent_deaths_400m": 3, "nearest_nax_km": 1.06, "blight_score": 31.5, "hardship": 87, "transit_adjacent": false}}, {"type": "Feature", "geometry": {"type": "Point", "coordinates": [-87.6440311626, 41.7452772803]}, "properties": {"name": "AMM MARATHON INC.", "address": "8158 S HALSTED ST", "type": "Corner store / food mart", "ca_name": "AUBURN GRESHAM", "placement_score": 4.7, "need": 4.7, "reach": 1.0, "recent_deaths_400m": 3, "nearest_nax_km": 1.6, "blight_score": 39.4, "hardship": 74, "transit_adjacent": false}}, {"type": "Feature", "geometry": {"type": "Point", "coordinates": [-87.5505110214, 41.7520528268]}, "properties": {"name": "Barbara's", "address": "3030 E 79TH ST 1ST", "type": "Barbershop / salon", "ca_name": "SOUTH CHICAGO", "placement_score": 4.7, "need": 7.9, "reach": 0.6, "recent_deaths_400m": 5, "nearest_nax_km": 1.59, "blight_score": 40.7, "hardship": 75, "transit_adjacent": false}}, {"type": "Feature", "geometry": {"type": "Point", "coordinates": [-87.6629701924, 41.7377623183]}, "properties": {"name": "K & H GROCERY INC", "address": "8557 S ASHLAND AVE", "type": "Corner store / food mart", "ca_name": "AUBURN GRESHAM", "placement_score": 4.7, "need": 4.7, "reach": 1.0, "recent_deaths_400m": 3, "nearest_nax_km": 0.73, "blight_score": 39.4, "hardship": 74, "transit_adjacent": false}}, {"type": "Feature", "geometry": {"type": "Point", "coordinates": [-87.6533891822, 41.7430139029]}, "properties": {"name": "BEST SUB", "address": "8305 S RACINE AVE", "type": "Corner store / food mart", "ca_name": "AUBURN GRESHAM", "placement_score": 4.7, "need": 4.7, "reach": 1.0, "recent_deaths_400m": 3, "nearest_nax_km": 1.22, "blight_score": 39.4, "hardship": 74, "transit_adjacent": false}}, {"type": "Feature", "geometry": {"type": "Point", "coordinates": [-87.6579071845, 41.7505454189]}, "properties": {"name": "WASH & RELAX", "address": "1364 W 79TH ST", "type": "Corner store / food mart", "ca_name": "AUBURN GRESHAM", "placement_score": 4.7, "need": 4.7, "reach": 1.0, "recent_deaths_400m": 3, "nearest_nax_km": 0.81, "blight_score": 39.4, "hardship": 74, "transit_adjacent": false}}, {"type": "Feature", "geometry": {"type": "Point", "coordinates": [-87.561913784, 41.7446261037]}, "properties": {"name": "THE NEW LOOK", "address": "2544 E 83RD ST 1", "type": "Corner store / food mart", "ca_name": "SOUTH CHICAGO", "placement_score": 4.7, "need": 4.7, "reach": 1.0, "recent_deaths_400m": 3, "nearest_nax_km": 1.85, "blight_score": 40.7, "hardship": 75, "transit_adjacent": false}}, {"type": "Feature", "geometry": {"type": "Point", "coordinates": [-87.5482503373, 41.7518556025]}, "properties": {"name": "SOUTH SHORE PRODUCE, INC.", "address": "7900 S SOUTH SHORE DR  1", "type": "Corner store / food mart", "ca_name": "SOUTH CHICAGO", "placement_score": 4.7, "need": 4.7, "reach": 1.0, "recent_deaths_400m": 3, "nearest_nax_km": 1.74, "blight_score": 40.7, "hardship": 75, "transit_adjacent": false}}, {"type": "Feature", "geometry": {"type": "Point", "coordinates": [-87.6436976027, 41.743793659]}, "properties": {"name": "FALCON FUEL", "address": "8247-8259 S HALSTED ST 1ST", "type": "Gas / filling station", "ca_name": "AUBURN GRESHAM", "placement_score": 4.7, "need": 4.7, "reach": 1.0, "recent_deaths_400m": 3, "nearest_nax_km": 1.71, "blight_score": 39.4, "hardship": 74, "transit_adjacent": false}}, {"type": "Feature", "geometry": {"type": "Point", "coordinates": [-87.5478751099, 41.7418251068]}, "properties": {"name": "LAKE SHORE FOOD", "address": "8400 S BAKER AVE", "type": "Corner store / food mart", "ca_name": "SOUTH CHICAGO", "placement_score": 4.7, "need": 4.7, "reach": 1.0, "recent_deaths_400m": 3, "nearest_nax_km": 1.28, "blight_score": 40.7, "hardship": 75, "transit_adjacent": false}}, {"type": "Feature", "geometry": {"type": "Point", "coordinates": [-87.693651826, 41.7862960144]}, "properties": {"name": "GAGE PARK CITGO & FOOD MART", "address": "2801 W 59TH ST", "type": "Gas / filling station", "ca_name": "CHICAGO LAWN", "placement_score": 4.7, "need": 4.7, "reach": 1.0, "recent_deaths_400m": 3, "nearest_nax_km": 0.8, "blight_score": 34.7, "hardship": 80, "transit_adjacent": false}}, {"type": "Feature", "geometry": {"type": "Point", "coordinates": [-87.6910993452, 41.7644596908]}, "properties": {"name": "SEKLYCIA LITHUANIAN MANOR INN", "address": "2711  -00015 W 71ST ST  1", "type": "Corner store / food mart", "ca_name": "CHICAGO LAWN", "placement_score": 4.7, "need": 4.7, "reach": 1.0, "recent_deaths_400m": 3, "nearest_nax_km": 2.2, "blight_score": 34.7, "hardship": 80, "transit_adjacent": false}}, {"type": "Feature", "geometry": {"type": "Point", "coordinates": [-87.6689084828, 41.7356025185]}, "properties": {"name": "REESE'S FAST FOOD", "address": "1823 W 87TH ST", "type": "Corner store / food mart", "ca_name": "AUBURN GRESHAM", "placement_score": 4.7, "need": 4.7, "reach": 1.0, "recent_deaths_400m": 3, "nearest_nax_km": 0.99, "blight_score": 39.4, "hardship": 74, "transit_adjacent": false}}, {"type": "Feature", "geometry": {"type": "Point", "coordinates": [-87.6839628093, 41.7858803439]}, "properties": {"name": "BLOCKBUSTER VIDEO #17031", "address": "5920 S WESTERN AVE", "type": "Corner store / food mart", "ca_name": "CHICAGO LAWN", "placement_score": 4.7, "need": 4.7, "reach": 1.0, "recent_deaths_400m": 3, "nearest_nax_km": 1.19, "blight_score": 34.7, "hardship": 80, "transit_adjacent": false}}, {"type": "Feature", "geometry": {"type": "Point", "coordinates": [-87.5550185582, 41.7426998484]}, "properties": {"name": "LULU FOOD MART", "address": "8401 S MUSKEGON AVE", "type": "Corner store / food mart", "ca_name": "SOUTH CHICAGO", "placement_score": 4.7, "need": 4.7, "reach": 1.0, "recent_deaths_400m": 3, "nearest_nax_km": 1.44, "blight_score": 40.7, "hardship": 75, "transit_adjacent": false}}, {"type": "Feature", "geometry": {"type": "Point", "coordinates": [-87.5601902914, 41.7444302995]}, "properties": {"name": "AHMAD MAROU - MARIO'S FOOD", "address": "2625 E 83RD ST  1ST", "type": "Corner store / food mart", "ca_name": "SOUTH CHICAGO", "placement_score": 4.7, "need": 4.7, "reach": 1.0, "recent_deaths_400m": 3, "nearest_nax_km": 1.78, "blight_score": 40.7, "hardship": 75, "transit_adjacent": false}}, {"type": "Feature", "geometry": {"type": "Point", "coordinates": [-87.5823667312, 41.7514167392]}, "properties": {"name": "WESLEY' S PLACE", "address": "1713 E 79TH ST 1ST", "type": "Corner store / food mart", "ca_name": "SOUTH CHICAGO", "placement_score": 4.7, "need": 4.7, "reach": 1.0, "recent_deaths_400m": 3, "nearest_nax_km": 0.65, "blight_score": 40.7, "hardship": 75, "transit_adjacent": false}}, {"type": "Feature", "geometry": {"type": "Point", "coordinates": [-87.663228291, 41.7365014574]}, "properties": {"name": "BEVERLY FOOD MART", "address": "8636 S ASHLAND AVE 1", "type": "Corner store / food mart", "ca_name": "AUBURN GRESHAM", "placement_score": 4.7, "need": 4.7, "reach": 1.0, "recent_deaths_400m": 3, "nearest_nax_km": 0.64, "blight_score": 39.4, "hardship": 74, "transit_adjacent": false}}, {"type": "Feature", "geometry": {"type": "Point", "coordinates": [-87.6829656292, 41.7595510337]}, "properties": {"name": "ELIZABETH'S", "address": "7351 S WESTERN AVE 1ST", "type": "Corner store / food mart", "ca_name": "CHICAGO LAWN", "placement_score": 4.7, "need": 4.7, "reach": 1.0, "recent_deaths_400m": 3, "nearest_nax_km": 2.38, "blight_score": 34.7, "hardship": 80, "transit_adjacent": false}}, {"type": "Feature", "geometry": {"type": "Point", "coordinates": [-87.5586591547, 41.7428904769]}, "properties": {"name": "LEMON'S ONE STOP FOOD MART", "address": "8357 S MARQUETTE AVE 1ST", "type": "Corner store / food mart", "ca_name": "SOUTH CHICAGO", "placement_score": 4.7, "need": 4.7, "reach": 1.0, "recent_deaths_400m": 3, "nearest_nax_km": 1.58, "blight_score": 40.7, "hardship": 75, "transit_adjacent": false}}, {"type": "Feature", "geometry": {"type": "Point", "coordinates": [-87.6437588296, 41.7357852665]}, "properties": {"name": "KENTUCKY FRIED CHICKEN", "address": "8700 S HALSTED ST", "type": "Corner store / food mart", "ca_name": "AUBURN GRESHAM", "placement_score": 4.7, "need": 4.7, "reach": 1.0, "recent_deaths_400m": 3, "nearest_nax_km": 1.22, "blight_score": 39.4, "hardship": 74, "transit_adjacent": false}}, {"type": "Feature", "geometry": {"type": "Point", "coordinates": [-87.771319343, 41.9094166957]}, "properties": {"name": "MNJ MARTS", "address": "5822 W NORTH AVE 1ST", "type": "Corner store / food mart", "ca_name": "AUSTIN", "placement_score": 4.6, "need": 4.6, "reach": 1.0, "recent_deaths_400m": 7, "nearest_nax_km": 0.2, "blight_score": 50.4, "hardship": 73, "transit_adjacent": false}}, {"type": "Feature", "geometry": {"type": "Point", "coordinates": [-87.7148276274, 41.9119447207]}, "properties": {"name": "CARNICERIA TARANDA", "address": "3534 W WABANSIA AVE  1", "type": "Tobacco / vape", "ca_name": "HUMBOLDT PARK", "placement_score": 4.5, "need": 6.4, "reach": 0.7, "recent_deaths_400m": 4, "nearest_nax_km": 0.81, "blight_score": 34.9, "hardship": 85, "transit_adjacent": false}}, {"type": "Feature", "geometry": {"type": "Point", "coordinates": [-87.696558136, 41.8866462303]}, "properties": {"name": "HERITAGE WOODS OF CHICAGO", "address": "2800 W FULTON ST", "type": "Corner store / food mart", "ca_name": "EAST GARFIELD PARK", "placement_score": 4.5, "need": 3.0, "reach": 1.5, "recent_deaths_400m": 2, "nearest_nax_km": 1.07, "blight_score": 18.6, "hardship": 83, "transit_adjacent": true}}, {"type": "Feature", "geometry": {"type": "Point", "coordinates": [-87.6242081331, 41.7580961025]}, "properties": {"name": "WALGREENS #03539", "address": "11 E 75TH ST  1", "type": "Corner store / food mart", "ca_name": "GREATER GRAND CROSSING", "placement_score": 4.5, "need": 4.5, "reach": 1.0, "recent_deaths_400m": 3, "nearest_nax_km": 1.13, "blight_score": 35.0, "hardship": 66, "transit_adjacent": false}}, {"type": "Feature", "geometry": {"type": "Point", "coordinates": [-87.6249913991, 41.7731393711]}, "properties": {"name": "CITGO GAS", "address": "6661 S STATE ST", "type": "Gas / filling station", "ca_name": "GREATER GRAND CROSSING", "placement_score": 4.5, "need": 4.5, "reach": 1.0, "recent_deaths_400m": 3, "nearest_nax_km": 0.74, "blight_score": 35.0, "hardship": 66, "transit_adjacent": false}}, {"type": "Feature", "geometry": {"type": "Point", "coordinates": [-87.6334700565, 41.6925723561]}, "properties": {"name": "PRETEND TOWN", "address": "420 W 111TH ST # 1ST", "type": "Corner store / food mart", "ca_name": "ROSELAND", "placement_score": 4.5, "need": 4.5, "reach": 1.0, "recent_deaths_400m": 3, "nearest_nax_km": 1.3, "blight_score": 48.9, "hardship": 52, "transit_adjacent": false}}, {"type": "Feature", "geometry": {"type": "Point", "coordinates": [-87.6246590645, 41.7605419656]}, "properties": {"name": "ALDI'S #08", "address": "7345 S STATE ST 1ST FLOOR 1", "type": "Corner store / food mart", "ca_name": "GREATER GRAND CROSSING", "placement_score": 4.5, "need": 4.5, "reach": 1.0, "recent_deaths_400m": 3, "nearest_nax_km": 1.36, "blight_score": 35.0, "hardship": 66, "transit_adjacent": false}}, {"type": "Feature", "geometry": {"type": "Point", "coordinates": [-87.6324323658, 41.756231795]}, "properties": {"name": "FUEL STAR", "address": "7602 S VINCENNES AVE", "type": "Gas / filling station", "ca_name": "GREATER GRAND CROSSING", "placement_score": 4.5, "need": 4.5, "reach": 1.0, "recent_deaths_400m": 3, "nearest_nax_km": 1.6, "blight_score": 35.0, "hardship": 66, "transit_adjacent": false}}, {"type": "Feature", "geometry": {"type": "Point", "coordinates": [-87.6234661719, 41.7072753216]}, "properties": {"name": "DEPENDABLE WASH STOP", "address": "2 E 103RD ST", "type": "Corner store / food mart", "ca_name": "ROSELAND", "placement_score": 4.5, "need": 4.5, "reach": 1.0, "recent_deaths_400m": 3, "nearest_nax_km": 1.51, "blight_score": 48.9, "hardship": 52, "transit_adjacent": false}}, {"type": "Feature", "geometry": {"type": "Point", "coordinates": [-87.6297150256, 41.7689324114]}, "properties": {"name": "4 & 1 CANDY STORE", "address": "6903 S WENTWORTH AVE", "type": "Corner store / food mart", "ca_name": "GREATER GRAND CROSSING", "placement_score": 4.5, "need": 3.0, "reach": 1.5, "recent_deaths_400m": 2, "nearest_nax_km": 0.99, "blight_score": 35.0, "hardship": 66, "transit_adjacent": true}}, {"type": "Feature", "geometry": {"type": "Point", "coordinates": [-87.6153834237, 41.7071788566]}, "properties": {"name": "DOLLAR FUNCTIONS INC", "address": "319 E 103RD ST", "type": "Corner store / food mart", "ca_name": "ROSELAND", "placement_score": 4.5, "need": 4.5, "reach": 1.0, "recent_deaths_400m": 3, "nearest_nax_km": 1.44, "blight_score": 48.9, "hardship": 52, "transit_adjacent": false}}, {"type": "Feature", "geometry": {"type": "Point", "coordinates": [-87.6211563587, 41.6893415717]}, "properties": {"name": "OLD FASHIONED DONUTS INC", "address": "11248 S MICHIGAN AVE", "type": "Corner store / food mart", "ca_name": "ROSELAND", "placement_score": 4.5, "need": 4.5, "reach": 1.0, "recent_deaths_400m": 3, "nearest_nax_km": 0.51, "blight_score": 48.9, "hardship": 52, "transit_adjacent": false}}, {"type": "Feature", "geometry": {"type": "Point", "coordinates": [-87.6280313855, 41.7034151044]}, "properties": {"name": "01 Food Mart", "address": "10501 S WENTWORTH AVE 1ST STO", "type": "Corner store / food mart", "ca_name": "ROSELAND", "placement_score": 4.5, "need": 4.5, "reach": 1.0, "recent_deaths_400m": 3, "nearest_nax_km": 1.31, "blight_score": 48.9, "hardship": 52, "transit_adjacent": false}}, {"type": "Feature", "geometry": {"type": "Point", "coordinates": [-87.5753285507, 41.7515039399]}, "properties": {"name": "WALGREENS #5033", "address": "2015 E 79TH ST 1ST", "type": "Tobacco / vape", "ca_name": "SOUTH CHICAGO", "placement_score": 4.4, "need": 6.3, "reach": 0.7, "recent_deaths_400m": 4, "nearest_nax_km": 1.08, "blight_score": 40.7, "hardship": 75, "transit_adjacent": false}}, {"type": "Feature", "geometry": {"type": "Point", "coordinates": [-87.5453362168, 41.7302541315]}, "properties": {"name": "RICH'S FOOD", "address": "3240 E 91ST ST", "type": "Corner store / food mart", "ca_name": "SOUTH CHICAGO", "placement_score": 4.4, "need": 4.4, "reach": 1.0, "recent_deaths_400m": 4, "nearest_nax_km": 0.35, "blight_score": 40.7, "hardship": 75, "transit_adjacent": false}}, {"type": "Feature", "geometry": {"type": "Point", "coordinates": [-87.6292603119, 41.7362261216]}, "properties": {"name": "AUTOZONE #5244", "address": "208 W 87TH ST", "type": "Corner store / food mart", "ca_name": "CHATHAM", "placement_score": 4.2, "need": 2.8, "reach": 1.5, "recent_deaths_400m": 2, "nearest_nax_km": 1.58, "blight_score": 20.3, "hardship": 60, "transit_adjacent": true}}, {"type": "Feature", "geometry": {"type": "Point", "coordinates": [-87.5631281767, 41.7627109859]}, "properties": {"name": "ABBASSI FOOD & LIQUOR INC", "address": "7301 S EXCHANGE AVE 1ST", "type": "Liquor / package goods", "ca_name": "SOUTH SHORE", "placement_score": 4.2, "need": 4.6, "reach": 0.9, "recent_deaths_400m": 11, "nearest_nax_km": 0.06, "blight_score": 26.8, "hardship": 55, "transit_adjacent": false}}, {"type": "Feature", "geometry": {"type": "Point", "coordinates": [-87.6043647208, 41.7238602893]}, "properties": {"name": "W K R B FOOD & LIQUOR", "address": "9361 S COTTAGE GROVE AVE 1ST", "type": "Corner store / food mart", "ca_name": "CHATHAM", "placement_score": 4.2, "need": 4.2, "reach": 1.0, "recent_deaths_400m": 3, "nearest_nax_km": 1.67, "blight_score": 20.3, "hardship": 60, "transit_adjacent": false}}, {"type": "Feature", "geometry": {"type": "Point", "coordinates": [-87.6015797483, 41.7585135237]}, "properties": {"name": "STYLISH HAIR STUDIO", "address": "935 E 75TH ST 1ST", "type": "Barbershop / salon", "ca_name": "GREATER GRAND CROSSING", "placement_score": 4.2, "need": 6.9, "reach": 0.6, "recent_deaths_400m": 5, "nearest_nax_km": 0.46, "blight_score": 35.0, "hardship": 66, "transit_adjacent": false}}, {"type": "Feature", "geometry": {"type": "Point", "coordinates": [-87.6049347481, 41.7352480382]}, "properties": {"name": "SANGENE'S STYLING SALON", "address": "8746 S COTTAGE GROVE AVE 1ST", "type": "Barbershop / salon", "ca_name": "CHATHAM", "placement_score": 4.2, "need": 7.0, "reach": 0.6, "recent_deaths_400m": 5, "nearest_nax_km": 1.91, "blight_score": 20.3, "hardship": 60, "transit_adjacent": false}}, {"type": "Feature", "geometry": {"type": "Point", "coordinates": [-87.5932184737, 41.7606390048]}, "properties": {"name": "HUNTER MOULTRY", "address": "1300  -01308 E 74TH ST 1ST", "type": "Corner store / food mart", "ca_name": "SOUTH SHORE", "placement_score": 4.2, "need": 4.2, "reach": 1.0, "recent_deaths_400m": 3, "nearest_nax_km": 0.63, "blight_score": 26.8, "hardship": 55, "transit_adjacent": false}}, {"type": "Feature", "geometry": {"type": "Point", "coordinates": [-87.625976311, 41.7417050756]}, "properties": {"name": "ILLINOIS BOTTLED WATER CO", "address": "41 W 84TH ST", "type": "Corner store / food mart", "ca_name": "CHATHAM", "placement_score": 4.2, "need": 4.2, "reach": 1.0, "recent_deaths_400m": 3, "nearest_nax_km": 1.4, "blight_score": 20.3, "hardship": 60, "transit_adjacent": false}}, {"type": "Feature", "geometry": {"type": "Point", "coordinates": [-87.713812122, 41.8883933322]}, "properties": {"name": "GRACE MISSION CHURCH", "address": "400 N ST LOUIS AVE  1ST", "type": "Corner store / food mart", "ca_name": "HUMBOLDT PARK", "placement_score": 4.1, "need": 4.1, "reach": 1.0, "recent_deaths_400m": 8, "nearest_nax_km": 0.16, "blight_score": 34.9, "hardship": 85, "transit_adjacent": false}}, {"type": "Feature", "geometry": {"type": "Point", "coordinates": [-87.5864809159, 41.7770652267]}, "properties": {"name": "65TH FOODS CORP.", "address": "6458 S STONY ISLAND AVE 1", "type": "Corner store / food mart", "ca_name": "WOODLAWN", "placement_score": 4.1, "need": 4.1, "reach": 1.0, "recent_deaths_400m": 3, "nearest_nax_km": 1.72, "blight_score": 17.2, "hardship": 58, "transit_adjacent": false}}, {"type": "Feature", "geometry": {"type": "Point", "coordinates": [-87.616455485, 41.7509820439]}, "properties": {"name": "EVA FOOD MART", "address": "343 E 79TH ST 1", "type": "Corner store / food mart", "ca_name": "CHATHAM", "placement_score": 4.1, "need": 4.1, "reach": 1.0, "recent_deaths_400m": 9, "nearest_nax_km": 0.16, "blight_score": 20.3, "hardship": 60, "transit_adjacent": false}}, {"type": "Feature", "geometry": {"type": "Point", "coordinates": [-87.6132480717, 41.7715220928]}, "properties": {"name": "MISS BISCUITS REST", "address": "6767 S SOUTH CHICAGO AVE", "type": "Corner store / food mart", "ca_name": "WOODLAWN", "placement_score": 4.1, "need": 4.1, "reach": 1.0, "recent_deaths_400m": 3, "nearest_nax_km": 1.1, "blight_score": 17.2, "hardship": 58, "transit_adjacent": false}}, {"type": "Feature", "geometry": {"type": "Point", "coordinates": [-87.7377979693, 41.909842058]}, "properties": {"name": "BIGI'S", "address": "4440 W NORTH AVE  1", "type": "Corner store / food mart", "ca_name": "HUMBOLDT PARK", "placement_score": 4.0, "need": 4.0, "reach": 1.0, "recent_deaths_400m": 4, "nearest_nax_km": 0.31, "blight_score": 34.9, "hardship": 85, "transit_adjacent": false}}, {"type": "Feature", "geometry": {"type": "Point", "coordinates": [-87.7301223283, 41.8659911411]}, "properties": {"name": "BROS. DRUGS & LIQUORS, INC.", "address": "4201 W ROOSEVELT RD 1ST", "type": "Tobacco / vape", "ca_name": "NORTH LAWNDALE", "placement_score": 4.0, "need": 5.7, "reach": 0.7, "recent_deaths_400m": 12, "nearest_nax_km": 0.03, "blight_score": 31.5, "hardship": 87, "transit_adjacent": false}}, {"type": "Feature", "geometry": {"type": "Point", "coordinates": [-87.7069542607, 41.9121934412]}, "properties": {"name": "GATEWAY FOUNDATION-KEDZIE CENT", "address": "1706 N KEDZIE AVE 1ST", "type": "Corner store / food mart", "ca_name": "HUMBOLDT PARK", "placement_score": 3.9, "need": 3.9, "reach": 1.0, "recent_deaths_400m": 5, "nearest_nax_km": 0.24, "blight_score": 34.9, "hardship": 85, "transit_adjacent": false}}, {"type": "Feature", "geometry": {"type": "Point", "coordinates": [-87.6759364262, 41.7791769523]}, "properties": {"name": "TONY'S FOOD MART", "address": "2051 W 63RD ST", "type": "Tobacco / vape", "ca_name": "WEST ENGLEWOOD", "placement_score": 3.9, "need": 5.5, "reach": 0.7, "recent_deaths_400m": 3, "nearest_nax_km": 0.62, "blight_score": 80.9, "hardship": 89, "transit_adjacent": false}}, {"type": "Feature", "geometry": {"type": "Point", "coordinates": [-87.7460403781, 41.8987882403]}, "properties": {"name": "KARLA'S KITCHEN INC.", "address": "1002 N CICERO AVE STOREFRONT", "type": "Corner store / food mart", "ca_name": "AUSTIN", "placement_score": 3.8, "need": 3.8, "reach": 1.0, "recent_deaths_400m": 3, "nearest_nax_km": 0.39, "blight_score": 50.4, "hardship": 73, "transit_adjacent": false}}, {"type": "Feature", "geometry": {"type": "Point", "coordinates": [-87.653552765, 41.7383524368]}, "properties": {"name": "SAVAD'S HAIR STUDIO INC.", "address": "8540 S RACINE AVE 1", "type": "Barbershop / salon", "ca_name": "AUBURN GRESHAM", "placement_score": 3.8, "need": 6.3, "reach": 0.6, "recent_deaths_400m": 4, "nearest_nax_km": 0.74, "blight_score": 39.4, "hardship": 74, "transit_adjacent": false}}, {"type": "Feature", "geometry": {"type": "Point", "coordinates": [-87.5514369901, 41.7315259369]}, "properties": {"name": "CAFETERIA Y NEVERIA FRUTILANDIA", "address": "9010 S COMMERCIAL AVE 1ST", "type": "Corner store / food mart", "ca_name": "SOUTH CHICAGO", "placement_score": 3.8, "need": 3.8, "reach": 1.0, "recent_deaths_400m": 6, "nearest_nax_km": 0.2, "blight_score": 40.7, "hardship": 75, "transit_adjacent": false}}, {"type": "Feature", "geometry": {"type": "Point", "coordinates": [-87.7384383227, 41.7857328077]}, "properties": {"name": "DUNKIN DONUTS", "address": "4612 W 59TH ST 1ST", "type": "Corner store / food mart", "ca_name": "GARFIELD RIDGE", "placement_score": 3.6, "need": 2.4, "reach": 1.5, "recent_deaths_400m": 2, "nearest_nax_km": 1.23, "blight_score": 6.9, "hardship": 32, "transit_adjacent": true}}, {"type": "Feature", "geometry": {"type": "Point", "coordinates": [-87.7412765596, 41.7878356312]}, "properties": {"name": "HUDSON'S BOOK CORNER/EURO CAFE", "address": "5757 S CICERO AVE  TC-01", "type": "Corner store / food mart", "ca_name": "GARFIELD RIDGE", "placement_score": 3.6, "need": 2.4, "reach": 1.5, "recent_deaths_400m": 2, "nearest_nax_km": 1.28, "blight_score": 6.9, "hardship": 32, "transit_adjacent": true}}, {"type": "Feature", "geometry": {"type": "Point", "coordinates": [-87.7598654991, 41.795991]}, "properties": {"name": "BASKIN ROBBINS ICE CREAM #3599", "address": "5833 S ARCHER AVE 1ST", "type": "Corner store / food mart", "ca_name": "GARFIELD RIDGE", "placement_score": 3.6, "need": 3.6, "reach": 1.0, "recent_deaths_400m": 3, "nearest_nax_km": 1.72, "blight_score": 6.9, "hardship": 32, "transit_adjacent": false}}, {"type": "Feature", "geometry": {"type": "Point", "coordinates": [-87.7974810436, 41.7919267178]}, "properties": {"name": "HALINA'S PUB", "address": "7023 W ARCHER AVE 1ST", "type": "Corner store / food mart", "ca_name": "GARFIELD RIDGE", "placement_score": 3.6, "need": 3.6, "reach": 1.0, "recent_deaths_400m": 3, "nearest_nax_km": 1.43, "blight_score": 6.9, "hardship": 32, "transit_adjacent": false}}, {"type": "Feature", "geometry": {"type": "Point", "coordinates": [-87.7385758024, 41.7992568236]}, "properties": {"name": "BOBAK SAUSAGE COMPANY", "address": "5279 S ARCHER AVE 1ST", "type": "Corner store / food mart", "ca_name": "GARFIELD RIDGE", "placement_score": 3.6, "need": 3.6, "reach": 1.0, "recent_deaths_400m": 3, "nearest_nax_km": 1.01, "blight_score": 6.9, "hardship": 32, "transit_adjacent": false}}, {"type": "Feature", "geometry": {"type": "Point", "coordinates": [-87.7433820571, 41.8106128709]}, "properties": {"name": "CITGO", "address": "4520 S CICERO AVE", "type": "Gas / filling station", "ca_name": "GARFIELD RIDGE", "placement_score": 3.6, "need": 3.6, "reach": 1.0, "recent_deaths_400m": 3, "nearest_nax_km": 1.76, "blight_score": 6.9, "hardship": 32, "transit_adjacent": false}}, {"type": "Feature", "geometry": {"type": "Point", "coordinates": [-87.8012858227, 41.7896473265]}, "properties": {"name": "DUNKIN DONUTS", "address": "5615 S HARLEM AVE", "type": "Corner store / food mart", "ca_name": "GARFIELD RIDGE", "placement_score": 3.6, "need": 3.6, "reach": 1.0, "recent_deaths_400m": 3, "nearest_nax_km": 1.78, "blight_score": 6.9, "hardship": 32, "transit_adjacent": false}}, {"type": "Feature", "geometry": {"type": "Point", "coordinates": [-87.621138063, 41.6879579424]}, "properties": {"name": "K & M QUICK MART", "address": "11334 S MICHIGAN AVE", "type": "Corner store / food mart", "ca_name": "ROSELAND", "placement_score": 3.6, "need": 3.6, "reach": 1.0, "recent_deaths_400m": 3, "nearest_nax_km": 0.4, "blight_score": 48.9, "hardship": 52, "transit_adjacent": false}}, {"type": "Feature", "geometry": {"type": "Point", "coordinates": [-87.7443016095, 41.798570496]}, "properties": {"name": "HAIR WE ARE", "address": "5434 S ARCHER AVE", "type": "Barbershop / salon", "ca_name": "GARFIELD RIDGE", "placement_score": 3.6, "need": 6.0, "reach": 0.6, "recent_deaths_400m": 5, "nearest_nax_km": 1.49, "blight_score": 6.9, "hardship": 32, "transit_adjacent": false}}, {"type": "Feature", "geometry": {"type": "Point", "coordinates": [-87.5524888514, 41.7301689185]}, "properties": {"name": "DORSEY'S DEVELOPMENTAL INSTITUTE", "address": "2938 E 91ST ST", "type": "Corner store / food mart", "ca_name": "SOUTH CHICAGO", "placement_score": 3.6, "need": 3.6, "reach": 1.0, "recent_deaths_400m": 7, "nearest_nax_km": 0.16, "blight_score": 40.7, "hardship": 75, "transit_adjacent": false}}, {"type": "Feature", "geometry": {"type": "Point", "coordinates": [-87.7498799429, 41.8074248299]}, "properties": {"name": "MARCO'S PALACE", "address": "5045 W 47TH ST", "type": "Corner store / food mart", "ca_name": "GARFIELD RIDGE", "placement_score": 3.6, "need": 3.6, "reach": 1.0, "recent_deaths_400m": 3, "nearest_nax_km": 2.06, "blight_score": 6.9, "hardship": 32, "transit_adjacent": false}}, {"type": "Feature", "geometry": {"type": "Point", "coordinates": [-87.7459197315, 41.893939811]}, "properties": {"name": "BEST FOOD CENTER", "address": "722 N CICERO AVE", "type": "Corner store / food mart", "ca_name": "AUSTIN", "placement_score": 3.5, "need": 3.5, "reach": 1.0, "recent_deaths_400m": 7, "nearest_nax_km": 0.15, "blight_score": 50.4, "hardship": 73, "transit_adjacent": false}}, {"type": "Feature", "geometry": {"type": "Point", "coordinates": [-87.6587177057, 41.7357448514]}, "properties": {"name": "PETE PRODUCE CO", "address": "1411 W 87TH ST 1ST", "type": "Corner store / food mart", "ca_name": "AUBURN GRESHAM", "placement_score": 3.5, "need": 3.5, "reach": 1.0, "recent_deaths_400m": 3, "nearest_nax_km": 0.37, "blight_score": 39.4, "hardship": 74, "transit_adjacent": false}}, {"type": "Feature", "geometry": {"type": "Point", "coordinates": [-87.7685387972, 41.9092306114]}, "properties": {"name": "Dunkin Donuts", "address": "5705-5709 W NORTH AVE 1", "type": "Corner store / food mart", "ca_name": "AUSTIN", "placement_score": 3.4, "need": 3.4, "reach": 1.0, "recent_deaths_400m": 7, "nearest_nax_km": 0.05, "blight_score": 50.4, "hardship": 73, "transit_adjacent": false}}, {"type": "Feature", "geometry": {"type": "Point", "coordinates": [-87.7521663088, 41.8709702552]}, "properties": {"name": "NADER WHOLESALE GROCERS INC", "address": "5077 W LEXINGTON ST", "type": "Tobacco / vape", "ca_name": "AUSTIN", "placement_score": 3.4, "need": 4.9, "reach": 0.7, "recent_deaths_400m": 3, "nearest_nax_km": 1.05, "blight_score": 50.4, "hardship": 73, "transit_adjacent": false}}, {"type": "Feature", "geometry": {"type": "Point", "coordinates": [-87.7492934548, 41.8950865485]}, "properties": {"name": "EUGENE'S ULTIMATE SOUL FOOD", "address": "4924 W CHICAGO AVE 1", "type": "Corner store / food mart", "ca_name": "AUSTIN", "placement_score": 3.4, "need": 3.4, "reach": 1.0, "recent_deaths_400m": 7, "nearest_nax_km": 0.11, "blight_score": 50.4, "hardship": 73, "transit_adjacent": false}}, {"type": "Feature", "geometry": {"type": "Point", "coordinates": [-87.5509432621, 41.7267230939]}, "properties": {"name": "ROMA'S RESTAURANT", "address": "9273 S SOUTH CHICAGO AVE 1ST", "type": "Corner store / food mart", "ca_name": "SOUTH CHICAGO", "placement_score": 3.4, "need": 3.4, "reach": 1.0, "recent_deaths_400m": 3, "nearest_nax_km": 0.36, "blight_score": 40.7, "hardship": 75, "transit_adjacent": false}}, {"type": "Feature", "geometry": {"type": "Point", "coordinates": [-87.6197874222, 41.7216861523]}, "properties": {"name": "THE ALOE SHOPPE", "address": "117 E 95TH ST", "type": "Corner store / food mart", "ca_name": "ROSELAND", "placement_score": 3.4, "need": 2.3, "reach": 1.5, "recent_deaths_400m": 2, "nearest_nax_km": 0.38, "blight_score": 48.9, "hardship": 52, "transit_adjacent": true}}, {"type": "Feature", "geometry": {"type": "Point", "coordinates": [-87.6236176486, 41.7218125665]}, "properties": {"name": "95TH FOOD MART", "address": "4 E 95TH ST", "type": "Corner store / food mart", "ca_name": "ROSELAND", "placement_score": 3.4, "need": 2.3, "reach": 1.5, "recent_deaths_400m": 5, "nearest_nax_km": 0.06, "blight_score": 48.9, "hardship": 52, "transit_adjacent": true}}, {"type": "Feature", "geometry": {"type": "Point", "coordinates": [-87.5510898523, 41.7292496233]}, "properties": {"name": "SAYEL FOOD MART INC.", "address": "9127 S COMMERCIAL AVE 1ST", "type": "Corner store / food mart", "ca_name": "SOUTH CHICAGO", "placement_score": 3.4, "need": 3.4, "reach": 1.0, "recent_deaths_400m": 6, "nearest_nax_km": 0.18, "blight_score": 40.7, "hardship": 75, "transit_adjacent": false}}, {"type": "Feature", "geometry": {"type": "Point", "coordinates": [-87.5510612281, 41.7278801912]}, "properties": {"name": "MCDONALD'S RESTAURANT", "address": "9211 S COMMERCIAL AVE", "type": "Corner store / food mart", "ca_name": "SOUTH CHICAGO", "placement_score": 3.4, "need": 3.4, "reach": 1.0, "recent_deaths_400m": 4, "nearest_nax_km": 0.27, "blight_score": 40.7, "hardship": 75, "transit_adjacent": false}}, {"type": "Feature", "geometry": {"type": "Point", "coordinates": [-87.6308915723, 41.7215173442]}, "properties": {"name": "PETE'S QUALITY MEATS", "address": "255 W 95TH ST", "type": "Corner store / food mart", "ca_name": "ROSELAND", "placement_score": 3.4, "need": 3.4, "reach": 1.0, "recent_deaths_400m": 7, "nearest_nax_km": 0.16, "blight_score": 48.9, "hardship": 52, "transit_adjacent": false}}, {"type": "Feature", "geometry": {"type": "Point", "coordinates": [-87.7363483567, 41.9127695019]}, "properties": {"name": "BIG KMART #9355", "address": "1740 N KOSTNER AVE", "type": "Corner store / food mart", "ca_name": "HUMBOLDT PARK", "placement_score": 3.3, "need": 3.3, "reach": 1.0, "recent_deaths_400m": 3, "nearest_nax_km": 0.34, "blight_score": 34.9, "hardship": 85, "transit_adjacent": false}}, {"type": "Feature", "geometry": {"type": "Point", "coordinates": [-87.6536852177, 41.7540479041]}, "properties": {"name": "GREEN LINE FOOD MART", "address": "7701 S RACINE AVE", "type": "Tobacco / vape", "ca_name": "AUBURN GRESHAM", "placement_score": 3.3, "need": 4.7, "reach": 0.7, "recent_deaths_400m": 4, "nearest_nax_km": 0.37, "blight_score": 39.4, "hardship": 74, "transit_adjacent": false}}, {"type": "Feature", "geometry": {"type": "Point", "coordinates": [-87.7364191213, 41.9073769303]}, "properties": {"name": "ALDI 16", "address": "1440 N KOSTNER AVE 1", "type": "Liquor / package goods", "ca_name": "HUMBOLDT PARK", "placement_score": 3.2, "need": 3.5, "reach": 0.9, "recent_deaths_400m": 3, "nearest_nax_km": 0.37, "blight_score": 34.9, "hardship": 85, "transit_adjacent": false}}, {"type": "Feature", "geometry": {"type": "Point", "coordinates": [-87.770782638, 41.8656158249]}, "properties": {"name": "THE DEPOT", "address": "5840 W ROOSEVELT RD 1", "type": "Corner store / food mart", "ca_name": "AUSTIN", "placement_score": 3.2, "need": 3.2, "reach": 1.0, "recent_deaths_400m": 2, "nearest_nax_km": 1.96, "blight_score": 50.4, "hardship": 73, "transit_adjacent": false}}, {"type": "Feature", "geometry": {"type": "Point", "coordinates": [-87.7803599483, 41.9093033007]}, "properties": {"name": "KARLA' S KITCHEN", "address": "6204 W NORTH AVE 1ST", "type": "Corner store / food mart", "ca_name": "AUSTIN", "placement_score": 3.2, "need": 3.2, "reach": 1.0, "recent_deaths_400m": 2, "nearest_nax_km": 0.95, "blight_score": 50.4, "hardship": 73, "transit_adjacent": false}}, {"type": "Feature", "geometry": {"type": "Point", "coordinates": [-87.7738222672, 41.8655722953]}, "properties": {"name": "MAICOS TACOS AND BAKERY", "address": "5952 W ROOSEVELT RD 1ST", "type": "Corner store / food mart", "ca_name": "AUSTIN", "placement_score": 3.2, "need": 3.2, "reach": 1.0, "recent_deaths_400m": 2, "nearest_nax_km": 2.11, "blight_score": 50.4, "hardship": 73, "transit_adjacent": false}}, {"type": "Feature", "geometry": {"type": "Point", "coordinates": [-87.5582058514, 41.7372071045]}, "properties": {"name": "RAY'S FOOD INC.", "address": "8701 S MARQUETTE AVE", "type": "Corner store / food mart", "ca_name": "SOUTH CHICAGO", "placement_score": 3.2, "need": 3.2, "reach": 1.0, "recent_deaths_400m": 2, "nearest_nax_km": 0.97, "blight_score": 40.7, "hardship": 75, "transit_adjacent": false}}, {"type": "Feature", "geometry": {"type": "Point", "coordinates": [-87.5684930885, 41.7443211867]}, "properties": {"name": "AMERI FOOD MART", "address": "2301 E 83RD ST", "type": "Corner store / food mart", "ca_name": "SOUTH CHICAGO", "placement_score": 3.2, "need": 3.2, "reach": 1.0, "recent_deaths_400m": 2, "nearest_nax_km": 1.49, "blight_score": 40.7, "hardship": 75, "transit_adjacent": false}}, {"type": "Feature", "geometry": {"type": "Point", "coordinates": [-87.5499054254, 41.7375086756]}, "properties": {"name": "J & L FOOD MART, INC.", "address": "3036 E 87TH ST 1", "type": "Corner store / food mart", "ca_name": "SOUTH CHICAGO", "placement_score": 3.2, "need": 3.2, "reach": 1.0, "recent_deaths_400m": 2, "nearest_nax_km": 0.79, "blight_score": 40.7, "hardship": 75, "transit_adjacent": false}}, {"type": "Feature", "geometry": {"type": "Point", "coordinates": [-87.5468178512, 41.7281892673]}, "properties": {"name": "LONCARS", "address": "3201 E 92ND ST", "type": "Corner store / food mart", "ca_name": "SOUTH CHICAGO", "placement_score": 3.2, "need": 3.2, "reach": 1.0, "recent_deaths_400m": 3, "nearest_nax_km": 0.33, "blight_score": 40.7, "hardship": 75, "transit_adjacent": false}}, {"type": "Feature", "geometry": {"type": "Point", "coordinates": [-87.5625929889, 41.7426015754]}, "properties": {"name": "H & M MURPHY GROCERIES", "address": "8400 S KINGSTON AVE", "type": "Corner store / food mart", "ca_name": "SOUTH CHICAGO", "placement_score": 3.2, "need": 3.2, "reach": 1.0, "recent_deaths_400m": 2, "nearest_nax_km": 1.67, "blight_score": 40.7, "hardship": 75, "transit_adjacent": false}}, {"type": "Feature", "geometry": {"type": "Point", "coordinates": [-87.5539906944, 41.7346961309]}, "properties": {"name": "FRANCISCO ESPINOZA", "address": "8827 S ESCANABA AVE", "type": "Corner store / food mart", "ca_name": "SOUTH CHICAGO", "placement_score": 3.2, "need": 3.2, "reach": 1.0, "recent_deaths_400m": 2, "nearest_nax_km": 0.61, "blight_score": 40.7, "hardship": 75, "transit_adjacent": false}}, {"type": "Feature", "geometry": {"type": "Point", "coordinates": [-87.6056563727, 41.7631020248]}, "properties": {"name": "THE COTTAGE BARBER SHOP", "address": "7228 S COTTAGE GROVE AVE 1ST", "type": "Barbershop / salon", "ca_name": "GREATER GRAND CROSSING", "placement_score": 3.2, "need": 5.4, "reach": 0.6, "recent_deaths_400m": 4, "nearest_nax_km": 0.45, "blight_score": 35.0, "hardship": 66, "transit_adjacent": false}}, {"type": "Feature", "geometry": {"type": "Point", "coordinates": [-87.687986655, 41.7645116769]}, "properties": {"name": "QUALITY FOOD ON 71 ST INC", "address": "2557 W 71ST ST", "type": "Corner store / food mart", "ca_name": "CHICAGO LAWN", "placement_score": 3.1, "need": 3.1, "reach": 1.0, "recent_deaths_400m": 2, "nearest_nax_km": 2.29, "blight_score": 34.7, "hardship": 80, "transit_adjacent": false}}, {"type": "Feature", "geometry": {"type": "Point", "coordinates": [-87.7013342706, 41.7861691736]}, "properties": {"name": "LA SERENA", "address": "3109 W 59TH ST  1ST", "type": "Corner store / food mart", "ca_name": "CHICAGO LAWN", "placement_score": 3.1, "need": 3.1, "reach": 1.0, "recent_deaths_400m": 2, "nearest_nax_km": 0.5, "blight_score": 34.7, "hardship": 80, "transit_adjacent": false}}, {"type": "Feature", "geometry": {"type": "Point", "coordinates": [-87.6927945073, 41.7644341645]}, "properties": {"name": "ONESTI PIZZA INC", "address": "2755 W 71ST ST GROUND", "type": "Corner store / food mart", "ca_name": "CHICAGO LAWN", "placement_score": 3.1, "need": 3.1, "reach": 1.0, "recent_deaths_400m": 2, "nearest_nax_km": 2.14, "blight_score": 34.7, "hardship": 80, "transit_adjacent": false}}, {"type": "Feature", "geometry": {"type": "Point", "coordinates": [-87.7025173525, 41.7608061175]}, "properties": {"name": "GEORGE'S CARRYOUTS", "address": "7301 S KEDZIE AVE", "type": "Corner store / food mart", "ca_name": "CHICAGO LAWN", "placement_score": 3.1, "need": 3.1, "reach": 1.0, "recent_deaths_400m": 2, "nearest_nax_km": 2.24, "blight_score": 34.7, "hardship": 80, "transit_adjacent": false}}, {"type": "Feature", "geometry": {"type": "Point", "coordinates": [-87.6668464278, 41.7356291645]}, "properties": {"name": "EAT AND RUN INC", "address": "1733 W 87TH ST # 1ST", "type": "Corner store / food mart", "ca_name": "AUBURN GRESHAM", "placement_score": 3.1, "need": 3.1, "reach": 1.0, "recent_deaths_400m": 2, "nearest_nax_km": 0.83, "blight_score": 39.4, "hardship": 74, "transit_adjacent": false}}, {"type": "Feature", "geometry": {"type": "Point", "coordinates": [-87.6753579987, 41.7500941747]}, "properties": {"name": "NO SAUCE AZ SMOKE HOUSE", "address": "2055 W 79TH ST STOREFRONT", "type": "Corner store / food mart", "ca_name": "AUBURN GRESHAM", "placement_score": 3.1, "need": 3.1, "reach": 1.0, "recent_deaths_400m": 2, "nearest_nax_km": 1.92, "blight_score": 39.4, "hardship": 74, "transit_adjacent": false}}, {"type": "Feature", "geometry": {"type": "Point", "coordinates": [-87.6537811741, 41.7465947076]}, "properties": {"name": "SNK", "address": "8106 S RACINE AVE", "type": "Gas / filling station", "ca_name": "AUBURN GRESHAM", "placement_score": 3.1, "need": 3.1, "reach": 1.0, "recent_deaths_400m": 2, "nearest_nax_km": 1.2, "blight_score": 39.4, "hardship": 74, "transit_adjacent": false}}, {"type": "Feature", "geometry": {"type": "Point", "coordinates": [-87.6707807508, 41.7355782747]}, "properties": {"name": "JIM'S CHOP SUEY", "address": "1907 W 87TH ST 1ST", "type": "Corner store / food mart", "ca_name": "AUBURN GRESHAM", "placement_score": 3.1, "need": 3.1, "reach": 1.0, "recent_deaths_400m": 2, "nearest_nax_km": 1.13, "blight_score": 39.4, "hardship": 74, "transit_adjacent": false}}, {"type": "Feature", "geometry": {"type": "Point", "coordinates": [-87.6632941548, 41.7390568619]}, "properties": {"name": "NEW FAMOUS GRILL", "address": "8510 S ASHLAND AVE 1ST", "type": "Corner store / food mart", "ca_name": "AUBURN GRESHAM", "placement_score": 3.1, "need": 3.1, "reach": 1.0, "recent_deaths_400m": 2, "nearest_nax_km": 0.86, "blight_score": 39.4, "hardship": 74, "transit_adjacent": false}}, {"type": "Feature", "geometry": {"type": "Point", "coordinates": [-87.6629096842, 41.7354087026]}, "properties": {"name": "SUBWAY", "address": "8711 S ASHLAND AVE", "type": "Corner store / food mart", "ca_name": "AUBURN GRESHAM", "placement_score": 3.1, "need": 3.1, "reach": 1.0, "recent_deaths_400m": 2, "nearest_nax_km": 0.54, "blight_score": 39.4, "hardship": 74, "transit_adjacent": false}}, {"type": "Feature", "geometry": {"type": "Point", "coordinates": [-87.6894241359, 41.7647063376]}, "properties": {"name": "GRANNY B'S", "address": "2632 W 71ST ST", "type": "Corner store / food mart", "ca_name": "CHICAGO LAWN", "placement_score": 3.1, "need": 3.1, "reach": 1.0, "recent_deaths_400m": 2, "nearest_nax_km": 2.25, "blight_score": 34.7, "hardship": 80, "transit_adjacent": false}}, {"type": "Feature", "geometry": {"type": "Point", "coordinates": [-87.6441151316, 41.7481040556]}, "properties": {"name": "PRIME FISH", "address": "8022 S HALSTED ST 1ST", "type": "Corner store / food mart", "ca_name": "AUBURN GRESHAM", "placement_score": 3.1, "need": 3.1, "reach": 1.0, "recent_deaths_400m": 2, "nearest_nax_km": 1.34, "blight_score": 39.4, "hardship": 74, "transit_adjacent": false}}, {"type": "Feature", "geometry": {"type": "Point", "coordinates": [-87.6510242177, 41.7344670116]}, "properties": {"name": "CHARTWELLS THOMPSON HOSPITALITY", "address": "8748 S ABERDEEN ST 1ST", "type": "Corner store / food mart", "ca_name": "AUBURN GRESHAM", "placement_score": 3.1, "need": 3.1, "reach": 1.0, "recent_deaths_400m": 2, "nearest_nax_km": 0.6, "blight_score": 39.4, "hardship": 74, "transit_adjacent": false}}, {"type": "Feature", "geometry": {"type": "Point", "coordinates": [-87.6723964566, 41.7357668737]}, "properties": {"name": "GREAT SHARK", "address": "1950 W 87TH ST", "type": "Corner store / food mart", "ca_name": "AUBURN GRESHAM", "placement_score": 3.1, "need": 3.1, "reach": 1.0, "recent_deaths_400m": 2, "nearest_nax_km": 1.27, "blight_score": 39.4, "hardship": 74, "transit_adjacent": false}}, {"type": "Feature", "geometry": {"type": "Point", "coordinates": [-87.6534440444, 41.7449473458]}, "properties": {"name": "DOLLAR GENERAL #15472", "address": "8201 S RACINE AVE", "type": "Corner store / food mart", "ca_name": "AUBURN GRESHAM", "placement_score": 3.1, "need": 3.1, "reach": 1.0, "recent_deaths_400m": 2, "nearest_nax_km": 1.38, "blight_score": 39.4, "hardship": 74, "transit_adjacent": false}}, {"type": "Feature", "geometry": {"type": "Point", "coordinates": [-87.7248478277, 41.8493535742]}, "properties": {"name": "CRAWFORD SAUSAGE CO INC", "address": "2310 S PULASKI RD", "type": "Corner store / food mart", "ca_name": "NORTH LAWNDALE", "placement_score": 3.1, "need": 3.1, "reach": 1.0, "recent_deaths_400m": 4, "nearest_nax_km": 0.25, "blight_score": 31.5, "hardship": 87, "transit_adjacent": false}}, {"type": "Feature", "geometry": {"type": "Point", "coordinates": [-87.6952648292, 41.7862702761]}, "properties": {"name": "SANDRA'S FOOD INC.", "address": "2841 W 59TH ST", "type": "Corner store / food mart", "ca_name": "CHICAGO LAWN", "placement_score": 3.1, "need": 3.1, "reach": 1.0, "recent_deaths_400m": 2, "nearest_nax_km": 0.8, "blight_score": 34.7, "hardship": 80, "transit_adjacent": false}}, {"type": "Feature", "geometry": {"type": "Point", "coordinates": [-87.6517932422, 41.7504150376]}, "properties": {"name": "TRIPLE A SOULFOOD RESTAURANT", "address": "1111 W 79TH ST", "type": "Corner store / food mart", "ca_name": "AUBURN GRESHAM", "placement_score": 3.1, "need": 3.1, "reach": 1.0, "recent_deaths_400m": 2, "nearest_nax_km": 0.8, "blight_score": 39.4, "hardship": 74, "transit_adjacent": false}}, {"type": "Feature", "geometry": {"type": "Point", "coordinates": [-87.7019907812, 41.7642899714]}, "properties": {"name": "B'S TREATS", "address": "3141 W 71ST ST  B", "type": "Corner store / food mart", "ca_name": "CHICAGO LAWN", "placement_score": 3.1, "need": 3.1, "reach": 1.0, "recent_deaths_400m": 2, "nearest_nax_km": 1.97, "blight_score": 34.7, "hardship": 80, "transit_adjacent": false}}, {"type": "Feature", "geometry": {"type": "Point", "coordinates": [-87.6532097369, 41.7364803295]}, "properties": {"name": "SANDERS GROCERY", "address": "8643 S RACINE AVE", "type": "Corner store / food mart", "ca_name": "AUBURN GRESHAM", "placement_score": 3.1, "need": 3.1, "reach": 1.0, "recent_deaths_400m": 2, "nearest_nax_km": 0.58, "blight_score": 39.4, "hardship": 74, "transit_adjacent": false}}, {"type": "Feature", "geometry": {"type": "Point", "coordinates": [-87.6902792726, 41.7683331881]}, "properties": {"name": "JMJ Choice", "address": "2650 W 69TH ST FIRST", "type": "Corner store / food mart", "ca_name": "CHICAGO LAWN", "placement_score": 3.1, "need": 3.1, "reach": 1.0, "recent_deaths_400m": 2, "nearest_nax_km": 1.87, "blight_score": 34.7, "hardship": 80, "transit_adjacent": false}}, {"type": "Feature", "geometry": {"type": "Point", "coordinates": [-87.6522548944, 41.7459369888]}, "properties": {"name": "SODEXO AMERICA, LLC", "address": "8131 S MAY ST", "type": "Corner store / food mart", "ca_name": "AUBURN GRESHAM", "placement_score": 3.1, "need": 3.1, "reach": 1.0, "recent_deaths_400m": 2, "nearest_nax_km": 1.28, "blight_score": 39.4, "hardship": 74, "transit_adjacent": false}}, {"type": "Feature", "geometry": {"type": "Point", "coordinates": [-87.6633376611, 41.7407632023]}, "properties": {"name": "GRANNY'S FAMILY DINING", "address": "8414-8416 S ASHLAND AVE", "type": "Corner store / food mart", "ca_name": "AUBURN GRESHAM", "placement_score": 3.1, "need": 3.1, "reach": 1.0, "recent_deaths_400m": 2, "nearest_nax_km": 1.03, "blight_score": 39.4, "hardship": 74, "transit_adjacent": false}}, {"type": "Feature", "geometry": {"type": "Point", "coordinates": [-87.6182417299, 41.7071353216]}, "properties": {"name": "DOLLAR TREE #7261", "address": "209 E 103RD ST 1ST", "type": "Corner store / food mart", "ca_name": "ROSELAND", "placement_score": 3.0, "need": 3.0, "reach": 1.0, "recent_deaths_400m": 2, "nearest_nax_km": 1.42, "blight_score": 48.9, "hardship": 52, "transit_adjacent": false}}, {"type": "Feature", "geometry": {"type": "Point", "coordinates": [-87.6298197873, 41.7728093181]}, "properties": {"name": "FISHERMAN'S ISLAND", "address": "6659 S WENTWORTH AVE 1 B", "type": "Corner store / food mart", "ca_name": "GREATER GRAND CROSSING", "placement_score": 3.0, "need": 3.0, "reach": 1.0, "recent_deaths_400m": 2, "nearest_nax_km": 0.56, "blight_score": 35.0, "hardship": 66, "transit_adjacent": false}}, {"type": "Feature", "geometry": {"type": "Point", "coordinates": [-87.6119003141, 41.7074525678]}, "properties": {"name": "R & R MARATHON", "address": "446-452 E 103RD ST 1", "type": "Gas / filling station", "ca_name": "ROSELAND", "placement_score": 3.0, "need": 3.0, "reach": 1.0, "recent_deaths_400m": 2, "nearest_nax_km": 1.54, "blight_score": 48.9, "hardship": 52, "transit_adjacent": false}}, {"type": "Feature", "geometry": {"type": "Point", "coordinates": [-87.6421040142, 41.6882368343]}, "properties": {"name": "LITTLE PAPAS & LEMONADE INC", "address": "11315 S HALSTED ST", "type": "Corner store / food mart", "ca_name": "ROSELAND", "placement_score": 3.0, "need": 3.0, "reach": 1.0, "recent_deaths_400m": 2, "nearest_nax_km": 1.14, "blight_score": 48.9, "hardship": 52, "transit_adjacent": false}}, {"type": "Feature", "geometry": {"type": "Point", "coordinates": [-87.619960826, 41.7124749007]}, "properties": {"name": "TOWN & COUNTRY GAS & FOOD MART", "address": "10007 S MICHIGAN AVE 1ST", "type": "Corner store / food mart", "ca_name": "ROSELAND", "placement_score": 3.0, "need": 3.0, "reach": 1.0, "recent_deaths_400m": 2, "nearest_nax_km": 1.11, "blight_score": 48.9, "hardship": 52, "transit_adjacent": false}}, {"type": "Feature", "geometry": {"type": "Point", "coordinates": [-87.6265109473, 41.7578454213]}, "properties": {"name": "KENTUCKY FRIED CHICKEN 200 116", "address": "7508 S LAFAYETTE AVE  1ST", "type": "Corner store / food mart", "ca_name": "GREATER GRAND CROSSING", "placement_score": 3.0, "need": 3.0, "reach": 1.0, "recent_deaths_400m": 2, "nearest_nax_km": 1.26, "blight_score": 35.0, "hardship": 66, "transit_adjacent": false}}, {"type": "Feature", "geometry": {"type": "Point", "coordinates": [-87.6081828189, 41.7075095655]}, "properties": {"name": "POPEYE'S CHICKEN RESTAURANT", "address": "616 E 103RD ST", "type": "Corner store / food mart", "ca_name": "ROSELAND", "placement_score": 3.0, "need": 3.0, "reach": 1.0, "recent_deaths_400m": 2, "nearest_nax_km": 1.67, "blight_score": 48.9, "hardship": 52, "transit_adjacent": false}}, {"type": "Feature", "geometry": {"type": "Point", "coordinates": [-87.6420167738, 41.685458811]}, "properties": {"name": "Checkers #6361", "address": "11449 S HALSTED ST 1", "type": "Corner store / food mart", "ca_name": "ROSELAND", "placement_score": 3.0, "need": 3.0, "reach": 1.0, "recent_deaths_400m": 2, "nearest_nax_km": 0.83, "blight_score": 48.9, "hardship": 52, "transit_adjacent": false}}, {"type": "Feature", "geometry": {"type": "Point", "coordinates": [-87.6133719453, 41.7074317047]}, "properties": {"name": "PIZZA RIBS & THINGS", "address": "408 E 103RD ST", "type": "Corner store / food mart", "ca_name": "ROSELAND", "placement_score": 3.0, "need": 3.0, "reach": 1.0, "recent_deaths_400m": 2, "nearest_nax_km": 1.5, "blight_score": 48.9, "hardship": 52, "transit_adjacent": false}}, {"type": "Feature", "geometry": {"type": "Point", "coordinates": [-87.6300512996, 41.7707891496]}, "properties": {"name": "EUREST DINING SERVICES", "address": "6800 S WENTWORTH AVE", "type": "Corner store / food mart", "ca_name": "GREATER GRAND CROSSING", "placement_score": 3.0, "need": 3.0, "reach": 1.0, "recent_deaths_400m": 2, "nearest_nax_km": 0.78, "blight_score": 35.0, "hardship": 66, "transit_adjacent": false}}, {"type": "Feature", "geometry": {"type": "Point", "coordinates": [-87.7157767893, 41.9101148435]}, "properties": {"name": "WENCES HAIR STUDIO", "address": "3540 W NORTH AVE", "type": "Barbershop / salon", "ca_name": "HUMBOLDT PARK", "placement_score": 2.9, "need": 4.8, "reach": 0.6, "recent_deaths_400m": 3, "nearest_nax_km": 0.87, "blight_score": 34.9, "hardship": 85, "transit_adjacent": false}}, {"type": "Feature", "geometry": {"type": "Point", "coordinates": [-87.7364739875, 41.9091428747]}, "properties": {"name": "DOLLAR TREE #08796", "address": "1550 N KOSTNER AVE 1ST", "type": "Corner store / food mart", "ca_name": "HUMBOLDT PARK", "placement_score": 2.9, "need": 2.9, "reach": 1.0, "recent_deaths_400m": 4, "nearest_nax_km": 0.23, "blight_score": 34.9, "hardship": 85, "transit_adjacent": false}}, {"type": "Feature", "geometry": {"type": "Point", "coordinates": [-87.778467809, 41.9093279891]}, "properties": {"name": "UTOPIA UNISEX SALON", "address": "6118 W NORTH AVE 1ST", "type": "Barbershop / salon", "ca_name": "AUSTIN", "placement_score": 2.9, "need": 4.9, "reach": 0.6, "recent_deaths_400m": 3, "nearest_nax_km": 0.79, "blight_score": 50.4, "hardship": 73, "transit_adjacent": false}}, {"type": "Feature", "geometry": {"type": "Point", "coordinates": [-87.6695879252, 41.7792665935]}, "properties": {"name": "HEAVEN'S DELI DELIGHT", "address": "1811 W 63RD ST 1ST FLOOR 1", "type": "Corner store / food mart", "ca_name": "WEST ENGLEWOOD", "placement_score": 2.8, "need": 2.8, "reach": 1.0, "recent_deaths_400m": 5, "nearest_nax_km": 0.1, "blight_score": 80.9, "hardship": 89, "transit_adjacent": false}}, {"type": "Feature", "geometry": {"type": "Point", "coordinates": [-87.7106047774, 41.786024401]}, "properties": {"name": "CARNCIERIA JALPA II,INC", "address": "3459 W 59TH ST", "type": "Liquor / package goods", "ca_name": "CHICAGO LAWN", "placement_score": 2.8, "need": 3.1, "reach": 0.9, "recent_deaths_400m": 2, "nearest_nax_km": 0.74, "blight_score": 34.7, "hardship": 80, "transit_adjacent": false}}, {"type": "Feature", "geometry": {"type": "Point", "coordinates": [-87.6437820964, 41.7468533483]}, "properties": {"name": "SPIRITS BEVERAGE CENTER", "address": "8103-8107 S HALSTED ST", "type": "Liquor / package goods", "ca_name": "AUBURN GRESHAM", "placement_score": 2.8, "need": 3.1, "reach": 0.9, "recent_deaths_400m": 2, "nearest_nax_km": 1.46, "blight_score": 39.4, "hardship": 74, "transit_adjacent": false}}, {"type": "Feature", "geometry": {"type": "Point", "coordinates": [-87.591627676, 41.7799094938]}, "properties": {"name": "APOSTOLIC CHURCH OF GOD-DINING", "address": "6320 S DORCHESTER AVE  DININ", "type": "Corner store / food mart", "ca_name": "WOODLAWN", "placement_score": 2.8, "need": 2.8, "reach": 1.0, "recent_deaths_400m": 2, "nearest_nax_km": 1.26, "blight_score": 17.2, "hardship": 58, "transit_adjacent": false}}, {"type": "Feature", "geometry": {"type": "Point", "coordinates": [-87.6090122403, 41.7684788177]}, "properties": {"name": "PRIVILEGE", "address": "6947 S SOUTH CHICAGO AVE", "type": "Corner store / food mart", "ca_name": "WOODLAWN", "placement_score": 2.8, "need": 2.8, "reach": 1.0, "recent_deaths_400m": 2, "nearest_nax_km": 0.98, "blight_score": 17.2, "hardship": 58, "transit_adjacent": false}}, {"type": "Feature", "geometry": {"type": "Point", "coordinates": [-87.6092900632, 41.7321267055]}, "properties": {"name": "MAINLINE CONVENIENCE STORE", "address": "604 E 89TH PL", "type": "Corner store / food mart", "ca_name": "CHATHAM", "placement_score": 2.8, "need": 2.8, "reach": 1.0, "recent_deaths_400m": 2, "nearest_nax_km": 1.69, "blight_score": 20.3, "hardship": 60, "transit_adjacent": false}}, {"type": "Feature", "geometry": {"type": "Point", "coordinates": [-87.6532910507, 41.7394885084]}, "properties": {"name": "GRACIE'S HOUSE OF BEAUTY", "address": "8501 S RACINE AVE", "type": "Barbershop / salon", "ca_name": "AUBURN GRESHAM", "placement_score": 2.8, "need": 4.7, "reach": 0.6, "recent_deaths_400m": 3, "nearest_nax_km": 0.86, "blight_score": 39.4, "hardship": 74, "transit_adjacent": false}}, {"type": "Feature", "geometry": {"type": "Point", "coordinates": [-87.5878862695, 41.7807013135]}, "properties": {"name": "TRE'S ORIGINAL PANCAKE HOUSE", "address": "1528 E 63RD ST  1ST F", "type": "Corner store / food mart", "ca_name": "WOODLAWN", "placement_score": 2.8, "need": 2.8, "reach": 1.0, "recent_deaths_400m": 2, "nearest_nax_km": 1.57, "blight_score": 17.2, "hardship": 58, "transit_adjacent": false}}, {"type": "Feature", "geometry": {"type": "Point", "coordinates": [-87.5973148134, 41.7842655687]}, "properties": {"name": "WOODLAWN DINING COMMONS", "address": "1156 E 61ST ST", "type": "Corner store / food mart", "ca_name": "WOODLAWN", "placement_score": 2.8, "need": 2.8, "reach": 1.0, "recent_deaths_400m": 2, "nearest_nax_km": 0.91, "blight_score": 17.2, "hardship": 58, "transit_adjacent": false}}, {"type": "Feature", "geometry": {"type": "Point", "coordinates": [-87.636586103, 41.7506379302]}, "properties": {"name": "DOLLAR CENTRAL", "address": "457 W 79TH ST", "type": "Corner store / food mart", "ca_name": "CHATHAM", "placement_score": 2.8, "need": 2.8, "reach": 1.0, "recent_deaths_400m": 2, "nearest_nax_km": 1.66, "blight_score": 20.3, "hardship": 60, "transit_adjacent": false}}, {"type": "Feature", "geometry": {"type": "Point", "coordinates": [-87.5782941572, 41.7464108185]}, "properties": {"name": "Jamm Jackson's Hair Studio Chicago", "address": "8159 S SOUTH CHICAGO AVE 1ST", "type": "Barbershop / salon", "ca_name": "SOUTH CHICAGO", "placement_score": 2.8, "need": 4.7, "reach": 0.6, "recent_deaths_400m": 3, "nearest_nax_km": 0.66, "blight_score": 40.7, "hardship": 75, "transit_adjacent": false}}, {"type": "Feature", "geometry": {"type": "Point", "coordinates": [-87.7315572163, 41.9099252471]}, "properties": {"name": "CAFETERIA Y NEVERIA JIMENEZ", "address": "4204-4216 W NORTH AVE", "type": "Corner store / food mart", "ca_name": "HUMBOLDT PARK", "placement_score": 2.7, "need": 2.7, "reach": 1.0, "recent_deaths_400m": 4, "nearest_nax_km": 0.21, "blight_score": 34.9, "hardship": 85, "transit_adjacent": false}}, {"type": "Feature", "geometry": {"type": "Point", "coordinates": [-87.703189816, 41.7857776957]}, "properties": {"name": "LOS MANGOS", "address": "5915 S KEDZIE AVE 1ST", "type": "Corner store / food mart", "ca_name": "CHICAGO LAWN", "placement_score": 2.7, "need": 2.7, "reach": 1.0, "recent_deaths_400m": 2, "nearest_nax_km": 0.43, "blight_score": 34.7, "hardship": 80, "transit_adjacent": false}}, {"type": "Feature", "geometry": {"type": "Point", "coordinates": [-87.64038614, 41.6852130942]}, "properties": {"name": "JEST CUT BARBER SHOP", "address": "714 W 115TH ST  B", "type": "Barbershop / salon", "ca_name": "ROSELAND", "placement_score": 2.7, "need": 4.5, "reach": 0.6, "recent_deaths_400m": 3, "nearest_nax_km": 0.83, "blight_score": 48.9, "hardship": 52, "transit_adjacent": false}}, {"type": "Feature", "geometry": {"type": "Point", "coordinates": [-87.6345038155, 41.7563625272]}, "properties": {"name": "THE KINGS OF KUTZ INCORPORATED", "address": "400 W 76TH ST 2 216", "type": "Barbershop / salon", "ca_name": "GREATER GRAND CROSSING", "placement_score": 2.7, "need": 4.5, "reach": 0.6, "recent_deaths_400m": 3, "nearest_nax_km": 1.65, "blight_score": 35.0, "hardship": 66, "transit_adjacent": false}}, {"type": "Feature", "geometry": {"type": "Point", "coordinates": [-87.6424900926, 41.7005804775]}, "properties": {"name": "YOSHIMIS FULL SERVICE HAIR AND SPA", "address": "10629 S HALSTED ST 1", "type": "Barbershop / salon", "ca_name": "ROSELAND", "placement_score": 2.7, "need": 4.5, "reach": 0.6, "recent_deaths_400m": 3, "nearest_nax_km": 2.15, "blight_score": 48.9, "hardship": 52, "transit_adjacent": false}}, {"type": "Feature", "geometry": {"type": "Point", "coordinates": [-87.7679025054, 41.9131562231]}, "properties": {"name": "AH VENDING & FOOD SERVICE", "address": "1819 N MAJOR AVE", "type": "Corner store / food mart", "ca_name": "AUSTIN", "placement_score": 2.6, "need": 2.6, "reach": 1.0, "recent_deaths_400m": 2, "nearest_nax_km": 0.4, "blight_score": 50.4, "hardship": 73, "transit_adjacent": false}}, {"type": "Feature", "geometry": {"type": "Point", "coordinates": [-87.7351652568, 41.8661397658]}, "properties": {"name": "LEE RAYBON", "address": "4402-4416 W ROOSEVELT RD", "type": "Gas / filling station", "ca_name": "NORTH LAWNDALE", "placement_score": 2.6, "need": 2.6, "reach": 1.0, "recent_deaths_400m": 2, "nearest_nax_km": 0.4, "blight_score": 31.5, "hardship": 87, "transit_adjacent": false}}, {"type": "Feature", "geometry": {"type": "Point", "coordinates": [-87.6547926252, 41.7852078902]}, "properties": {"name": "SHARIF'S FOOD & LIQUORS INC.", "address": "5958 S RACINE AVE", "type": "Tobacco / vape", "ca_name": "WEST ENGLEWOOD", "placement_score": 2.6, "need": 3.7, "reach": 0.7, "recent_deaths_400m": 2, "nearest_nax_km": 1.07, "blight_score": 80.9, "hardship": 89, "transit_adjacent": false}}, {"type": "Feature", "geometry": {"type": "Point", "coordinates": [-87.5470813927, 41.7302613213]}, "properties": {"name": "HELLO CHICKEN", "address": "9056 S BRANDON AVE 1ST", "type": "Corner store / food mart", "ca_name": "SOUTH CHICAGO", "placement_score": 2.6, "need": 2.6, "reach": 1.0, "recent_deaths_400m": 4, "nearest_nax_km": 0.21, "blight_score": 40.7, "hardship": 75, "transit_adjacent": false}}, {"type": "Feature", "geometry": {"type": "Point", "coordinates": [-87.6094521054, 41.7364747289]}, "properties": {"name": "SHELTER LOUNGE", "address": "605 E 87TH ST", "type": "Liquor / package goods", "ca_name": "CHATHAM", "placement_score": 2.5, "need": 2.8, "reach": 0.9, "recent_deaths_400m": 2, "nearest_nax_km": 1.66, "blight_score": 20.3, "hardship": 60, "transit_adjacent": false}}, {"type": "Feature", "geometry": {"type": "Point", "coordinates": [-87.6550099829, 41.7937276923]}, "properties": {"name": "RACINE FOOD & GENERAL MERCHANDISE", "address": "5500 S RACINE AVE 1ST", "type": "Liquor / package goods", "ca_name": "WEST ENGLEWOOD", "placement_score": 2.5, "need": 2.8, "reach": 0.9, "recent_deaths_400m": 5, "nearest_nax_km": 0.12, "blight_score": 80.9, "hardship": 89, "transit_adjacent": false}}, {"type": "Feature", "geometry": {"type": "Point", "coordinates": [-87.5959529709, 41.7642034762]}, "properties": {"name": "ROB'S", "address": "7158 S WOODLAWN AVE 1ST", "type": "Corner store / food mart", "ca_name": "GREATER GRAND CROSSING", "placement_score": 2.5, "need": 2.5, "reach": 1.0, "recent_deaths_400m": 2, "nearest_nax_km": 0.41, "blight_score": 35.0, "hardship": 66, "transit_adjacent": false}}, {"type": "Feature", "geometry": {"type": "Point", "coordinates": [-87.6207337383, 41.6865678152]}, "properties": {"name": "JENNIFER'S GROCERY", "address": "11415 S MICHIGAN AVE 1ST", "type": "Corner store / food mart", "ca_name": "ROSELAND", "placement_score": 2.5, "need": 2.5, "reach": 1.0, "recent_deaths_400m": 3, "nearest_nax_km": 0.28, "blight_score": 48.9, "hardship": 52, "transit_adjacent": false}}, {"type": "Feature", "geometry": {"type": "Point", "coordinates": [-87.7032889382, 41.9120853999]}, "properties": {"name": "K & M FOOD MART INC", "address": "3022-3024 W WABANSIA AVE", "type": "Corner store / food mart", "ca_name": "HUMBOLDT PARK", "placement_score": 2.4, "need": 2.4, "reach": 1.0, "recent_deaths_400m": 3, "nearest_nax_km": 0.25, "blight_score": 34.9, "hardship": 85, "transit_adjacent": false}}, {"type": "Feature", "geometry": {"type": "Point", "coordinates": [-87.7469928545, 41.8948838442]}, "properties": {"name": "JOYE CHOP SUEY", "address": "4829 W CHICAGO AVE FRONT", "type": "Corner store / food mart", "ca_name": "AUSTIN", "placement_score": 2.4, "need": 2.4, "reach": 1.0, "recent_deaths_400m": 5, "nearest_nax_km": 0.08, "blight_score": 50.4, "hardship": 73, "transit_adjacent": false}}, {"type": "Feature", "geometry": {"type": "Point", "coordinates": [-87.8014310571, 41.79355997]}, "properties": {"name": "BIG 4'S CHOP SUEY", "address": "5411 S HARLEM AVE 1ST", "type": "Corner store / food mart", "ca_name": "GARFIELD RIDGE", "placement_score": 2.4, "need": 2.4, "reach": 1.0, "recent_deaths_400m": 2, "nearest_nax_km": 1.76, "blight_score": 6.9, "hardship": 32, "transit_adjacent": false}}, {"type": "Feature", "geometry": {"type": "Point", "coordinates": [-87.8008893081, 41.7918396025]}, "properties": {"name": "JOE & FRANK'S MARKET", "address": "7147 W ARCHER AVE", "type": "Corner store / food mart", "ca_name": "GARFIELD RIDGE", "placement_score": 2.4, "need": 2.4, "reach": 1.0, "recent_deaths_400m": 2, "nearest_nax_km": 1.72, "blight_score": 6.9, "hardship": 32, "transit_adjacent": false}}, {"type": "Feature", "geometry": {"type": "Point", "coordinates": [-87.7579177965, 41.7965179466]}, "properties": {"name": "VILLA ROSA PIZZA", "address": "5786 S ARCHER AVE", "type": "Corner store / food mart", "ca_name": "GARFIELD RIDGE", "placement_score": 2.4, "need": 2.4, "reach": 1.0, "recent_deaths_400m": 2, "nearest_nax_km": 1.89, "blight_score": 6.9, "hardship": 32, "transit_adjacent": false}}, {"type": "Feature", "geometry": {"type": "Point", "coordinates": [-87.7430034212, 41.8075334573]}, "properties": {"name": "STARBUCKS COFFEE #2372", "address": "4701 S CICERO AVE  1", "type": "Corner store / food mart", "ca_name": "GARFIELD RIDGE", "placement_score": 2.4, "need": 2.4, "reach": 1.0, "recent_deaths_400m": 2, "nearest_nax_km": 1.54, "blight_score": 6.9, "hardship": 32, "transit_adjacent": false}}, {"type": "Feature", "geometry": {"type": "Point", "coordinates": [-87.7516563703, 41.8074010211]}, "properties": {"name": "L & M REDHOTS", "address": "5125 W 47TH ST", "type": "Corner store / food mart", "ca_name": "GARFIELD RIDGE", "placement_score": 2.4, "need": 2.4, "reach": 1.0, "recent_deaths_400m": 2, "nearest_nax_km": 2.2, "blight_score": 6.9, "hardship": 32, "transit_adjacent": false}}, {"type": "Feature", "geometry": {"type": "Point", "coordinates": [-87.7030800222, 41.7821562988]}, "properties": {"name": "CARNICERIA LA CANADA, INC", "address": "6115 S KEDZIE AVE", "type": "Corner store / food mart", "ca_name": "CHICAGO LAWN", "placement_score": 2.4, "need": 2.4, "reach": 1.0, "recent_deaths_400m": 5, "nearest_nax_km": 0.05, "blight_score": 34.7, "hardship": 80, "transit_adjacent": false}}, {"type": "Feature", "geometry": {"type": "Point", "coordinates": [-87.7682578225, 41.794924777]}, "properties": {"name": "KENTUCKY FRIED CHICKEN Y200207", "address": "6040 S ARCHER AVE  1", "type": "Corner store / food mart", "ca_name": "GARFIELD RIDGE", "placement_score": 2.4, "need": 2.4, "reach": 1.0, "recent_deaths_400m": 2, "nearest_nax_km": 1.02, "blight_score": 6.9, "hardship": 32, "transit_adjacent": false}}, {"type": "Feature", "geometry": {"type": "Point", "coordinates": [-87.8012141122, 41.7880412682]}, "properties": {"name": "POTBELLY SANDWICH WORKS", "address": "5709 S HARLEM AVE", "type": "Corner store / food mart", "ca_name": "GARFIELD RIDGE", "placement_score": 2.4, "need": 2.4, "reach": 1.0, "recent_deaths_400m": 2, "nearest_nax_km": 1.82, "blight_score": 6.9, "hardship": 32, "transit_adjacent": false}}, {"type": "Feature", "geometry": {"type": "Point", "coordinates": [-87.7433237905, 41.8087301637]}, "properties": {"name": "GYROS & VIENNA BEEF, INC.", "address": "4622 S CICERO AVE", "type": "Corner store / food mart", "ca_name": "GARFIELD RIDGE", "placement_score": 2.4, "need": 2.4, "reach": 1.0, "recent_deaths_400m": 2, "nearest_nax_km": 1.64, "blight_score": 6.9, "hardship": 32, "transit_adjacent": false}}, {"type": "Feature", "geometry": {"type": "Point", "coordinates": [-87.7944407018, 41.7919925561]}, "properties": {"name": "BROWNS CHICKEN", "address": "6909 W ARCHER AVE  1ST", "type": "Corner store / food mart", "ca_name": "GARFIELD RIDGE", "placement_score": 2.4, "need": 2.4, "reach": 1.0, "recent_deaths_400m": 2, "nearest_nax_km": 1.18, "blight_score": 6.9, "hardship": 32, "transit_adjacent": false}}, {"type": "Feature", "geometry": {"type": "Point", "coordinates": [-87.7563961953, 41.7967521865]}, "properties": {"name": "TEQUILA CJ RESTAURANT", "address": "5750 S ARCHER AVE 1", "type": "Corner store / food mart", "ca_name": "GARFIELD RIDGE", "placement_score": 2.4, "need": 2.4, "reach": 1.0, "recent_deaths_400m": 2, "nearest_nax_km": 2.02, "blight_score": 6.9, "hardship": 32, "transit_adjacent": false}}, {"type": "Feature", "geometry": {"type": "Point", "coordinates": [-87.743177034, 41.8030289707]}, "properties": {"name": "TAQUERIA PUEBLO NUEVO, INC.", "address": "4930 S CICERO AVE 1", "type": "Corner store / food mart", "ca_name": "GARFIELD RIDGE", "placement_score": 2.4, "need": 2.4, "reach": 1.0, "recent_deaths_400m": 2, "nearest_nax_km": 1.39, "blight_score": 6.9, "hardship": 32, "transit_adjacent": false}}, {"type": "Feature", "geometry": {"type": "Point", "coordinates": [-87.7055088752, 41.8555283805]}, "properties": {"name": "BROADWAY FOOD MARKET INC", "address": "1876 S KEDZIE AVE", "type": "Corner store / food mart", "ca_name": "NORTH LAWNDALE", "placement_score": 2.4, "need": 1.6, "reach": 1.5, "recent_deaths_400m": 1, "nearest_nax_km": 0.66, "blight_score": 31.5, "hardship": 87, "transit_adjacent": true}}, {"type": "Feature", "geometry": {"type": "Point", "coordinates": [-87.7531834953, 41.7970202479]}, "properties": {"name": "WENDY'S #001110", "address": "5679 S ARCHER AVE", "type": "Corner store / food mart", "ca_name": "GARFIELD RIDGE", "placement_score": 2.4, "need": 2.4, "reach": 1.0, "recent_deaths_400m": 2, "nearest_nax_km": 2.15, "blight_score": 6.9, "hardship": 32, "transit_adjacent": false}}, {"type": "Feature", "geometry": {"type": "Point", "coordinates": [-87.796062228, 41.7921806053]}, "properties": {"name": "LA MICHOACANA Y MAS INC.", "address": "6950 W ARCHER AVE  2", "type": "Corner store / food mart", "ca_name": "GARFIELD RIDGE", "placement_score": 2.4, "need": 2.4, "reach": 1.0, "recent_deaths_400m": 2, "nearest_nax_km": 1.31, "blight_score": 6.9, "hardship": 32, "transit_adjacent": false}}, {"type": "Feature", "geometry": {"type": "Point", "coordinates": [-87.7475238016, 41.8131529009]}, "properties": {"name": "ACADEMY FOR GLOBAL CITIZENSHIP CHARTER SCHOOL", "address": "4942 W 44TH ST", "type": "Corner store / food mart", "ca_name": "GARFIELD RIDGE", "placement_score": 2.4, "need": 2.4, "reach": 1.0, "recent_deaths_400m": 2, "nearest_nax_km": 2.2, "blight_score": 6.9, "hardship": 32, "transit_adjacent": false}}, {"type": "Feature", "geometry": {"type": "Point", "coordinates": [-87.754931882, 41.7967524478]}, "properties": {"name": "TIN-KNOCKERS", "address": "5719 S ARCHER AVE 1ST", "type": "Corner store / food mart", "ca_name": "GARFIELD RIDGE", "placement_score": 2.4, "need": 2.4, "reach": 1.0, "recent_deaths_400m": 2, "nearest_nax_km": 2.14, "blight_score": 6.9, "hardship": 32, "transit_adjacent": false}}, {"type": "Feature", "geometry": {"type": "Point", "coordinates": [-87.6269802936, 41.751022503]}, "properties": {"name": "CHURCH'S CHICKEN # 982", "address": "58 W 79TH ST", "type": "Corner store / food mart", "ca_name": "GREATER GRAND CROSSING", "placement_score": 2.3, "need": 1.5, "reach": 1.5, "recent_deaths_400m": 1, "nearest_nax_km": 1.03, "blight_score": 35.0, "hardship": 66, "transit_adjacent": true}}, {"type": "Feature", "geometry": {"type": "Point", "coordinates": [-87.6289614545, 41.7509837901]}, "properties": {"name": "MORRISON'S SOUL FOOD", "address": "148 W 79TH ST", "type": "Corner store / food mart", "ca_name": "GREATER GRAND CROSSING", "placement_score": 2.3, "need": 1.5, "reach": 1.5, "recent_deaths_400m": 1, "nearest_nax_km": 1.2, "blight_score": 35.0, "hardship": 66, "transit_adjacent": true}}, {"type": "Feature", "geometry": {"type": "Point", "coordinates": [-87.5483285068, 41.7291081653]}, "properties": {"name": "SOUTH CHICAGO FISH COMPANY INC", "address": "9133 S BALTIMORE AVE  1", "type": "Corner store / food mart", "ca_name": "SOUTH CHICAGO", "placement_score": 2.2, "need": 2.2, "reach": 1.0, "recent_deaths_400m": 4, "nearest_nax_km": 0.17, "blight_score": 40.7, "hardship": 75, "transit_adjacent": false}}, {"type": "Feature", "geometry": {"type": "Point", "coordinates": [-87.7078143414, 41.9099949195]}, "properties": {"name": "CHEN'S GARDEN", "address": "3221 W NORTH AVE  1ST", "type": "Corner store / food mart", "ca_name": "HUMBOLDT PARK", "placement_score": 2.1, "need": 2.1, "reach": 1.0, "recent_deaths_400m": 3, "nearest_nax_km": 0.21, "blight_score": 34.9, "hardship": 85, "transit_adjacent": false}}, {"type": "Feature", "geometry": {"type": "Point", "coordinates": [-87.6272315646, 41.7363738203]}, "properties": {"name": "FIREHOUSE OF DAN RYAN, INC.", "address": "100 W 87TH ST", "type": "Corner store / food mart", "ca_name": "CHATHAM", "placement_score": 2.1, "need": 1.4, "reach": 1.5, "recent_deaths_400m": 1, "nearest_nax_km": 1.61, "blight_score": 20.3, "hardship": 60, "transit_adjacent": true}}, {"type": "Feature", "geometry": {"type": "Point", "coordinates": [-87.6240124453, 41.7362124202]}, "properties": {"name": "BP GAS STATION", "address": "8701 - 8709 S STATE ST", "type": "Gas / filling station", "ca_name": "CHATHAM", "placement_score": 2.1, "need": 1.4, "reach": 1.5, "recent_deaths_400m": 1, "nearest_nax_km": 1.59, "blight_score": 20.3, "hardship": 60, "transit_adjacent": true}}, {"type": "Feature", "geometry": {"type": "Point", "coordinates": [-87.6255519406, 41.734880619]}, "properties": {"name": "WENDY'S", "address": "8740 S LAFAYETTE AVE", "type": "Corner store / food mart", "ca_name": "CHATHAM", "placement_score": 2.1, "need": 1.4, "reach": 1.5, "recent_deaths_400m": 1, "nearest_nax_km": 1.45, "blight_score": 20.3, "hardship": 60, "transit_adjacent": true}}, {"type": "Feature", "geometry": {"type": "Point", "coordinates": [-87.6421832427, 41.6906872267]}, "properties": {"name": "TAP THAT ASH CIGAR BAR", "address": "11157 S HALSTED ST", "type": "Tobacco / vape", "ca_name": "ROSELAND", "placement_score": 2.1, "need": 3.0, "reach": 0.7, "recent_deaths_400m": 2, "nearest_nax_km": 1.41, "blight_score": 48.9, "hardship": 52, "transit_adjacent": false}}, {"type": "Feature", "geometry": {"type": "Point", "coordinates": [-87.6256213109, 41.7363760366]}, "properties": {"name": "BLOCKBUSTER VIDEO #17441", "address": "30 W 87TH ST  1ST", "type": "Corner store / food mart", "ca_name": "CHATHAM", "placement_score": 2.1, "need": 1.4, "reach": 1.5, "recent_deaths_400m": 1, "nearest_nax_km": 1.61, "blight_score": 20.3, "hardship": 60, "transit_adjacent": true}}, {"type": "Feature", "geometry": {"type": "Point", "coordinates": [-87.6102547254, 41.7072584093]}, "properties": {"name": "525 TOBACCO", "address": "525 E 103RD ST", "type": "Tobacco / vape", "ca_name": "ROSELAND", "placement_score": 2.1, "need": 3.0, "reach": 0.7, "recent_deaths_400m": 2, "nearest_nax_km": 1.57, "blight_score": 48.9, "hardship": 52, "transit_adjacent": false}}, {"type": "Feature", "geometry": {"type": "Point", "coordinates": [-87.6134677032, 41.6855336748]}, "properties": {"name": "TJ CUFFEY'S CARRYOUT CATERING, INC.", "address": "352 E 115TH ST 1ST", "type": "Corner store / food mart", "ca_name": "ROSELAND", "placement_score": 2.1, "need": 2.1, "reach": 1.0, "recent_deaths_400m": 2, "nearest_nax_km": 0.35, "blight_score": 48.9, "hardship": 52, "transit_adjacent": false}}, {"type": "Feature", "geometry": {"type": "Point", "coordinates": [-87.5502064784, 41.7301985384]}, "properties": {"name": "LA JEREZANA", "address": "3022 E 91ST ST  1SDT", "type": "Tobacco / vape", "ca_name": "SOUTH CHICAGO", "placement_score": 2.0, "need": 2.8, "reach": 0.7, "recent_deaths_400m": 6, "nearest_nax_km": 0.06, "blight_score": 40.7, "hardship": 75, "transit_adjacent": false}}, {"type": "Feature", "geometry": {"type": "Point", "coordinates": [-87.5908333798, 41.7622633788]}, "properties": {"name": "M & M GROCERIES & LIQUORS INC", "address": "1401 E 73RD ST # 1ST", "type": "Tobacco / vape", "ca_name": "SOUTH SHORE", "placement_score": 2.0, "need": 2.8, "reach": 0.7, "recent_deaths_400m": 2, "nearest_nax_km": 0.79, "blight_score": 26.8, "hardship": 55, "transit_adjacent": false}}, {"type": "Feature", "geometry": {"type": "Point", "coordinates": [-87.6613298079, 41.7357059939]}, "properties": {"name": "THE BEDDING STORE", "address": "1515 W 87TH ST  1", "type": "Tobacco / vape", "ca_name": "AUBURN GRESHAM", "placement_score": 2.0, "need": 2.9, "reach": 0.7, "recent_deaths_400m": 2, "nearest_nax_km": 0.46, "blight_score": 39.4, "hardship": 74, "transit_adjacent": false}}, {"type": "Feature", "geometry": {"type": "Point", "coordinates": [-87.7351582004, 41.9098808681]}, "properties": {"name": "MCDONALDS #5471", "address": "4338 W NORTH AVE", "type": "Corner store / food mart", "ca_name": "HUMBOLDT PARK", "placement_score": 1.9, "need": 1.9, "reach": 1.0, "recent_deaths_400m": 4, "nearest_nax_km": 0.1, "blight_score": 34.9, "hardship": 85, "transit_adjacent": false}}, {"type": "Feature", "geometry": {"type": "Point", "coordinates": [-87.6971788479, 41.7643589391]}, "properties": {"name": "QUALITY HAIR AND NAIL STUDIO  INC", "address": "2943 W 71ST ST FRONT", "type": "Barbershop / salon", "ca_name": "CHICAGO LAWN", "placement_score": 1.9, "need": 3.1, "reach": 0.6, "recent_deaths_400m": 2, "nearest_nax_km": 2.03, "blight_score": 34.7, "hardship": 80, "transit_adjacent": false}}, {"type": "Feature", "geometry": {"type": "Point", "coordinates": [-87.7073280025, 41.7860753742]}, "properties": {"name": "ESPINO FAMILY HAIR STUDIO", "address": "3339 W 59TH ST 1ST", "type": "Barbershop / salon", "ca_name": "CHICAGO LAWN", "placement_score": 1.9, "need": 3.1, "reach": 0.6, "recent_deaths_400m": 2, "nearest_nax_km": 0.56, "blight_score": 34.7, "hardship": 80, "transit_adjacent": false}}, {"type": "Feature", "geometry": {"type": "Point", "coordinates": [-87.7457063642, 41.8969046704]}, "properties": {"name": "RICHIES FAST FOOD INC", "address": "901 N CICERO AVE 1ST", "type": "Corner store / food mart", "ca_name": "AUSTIN", "placement_score": 1.8, "need": 1.8, "reach": 1.0, "recent_deaths_400m": 3, "nearest_nax_km": 0.18, "blight_score": 50.4, "hardship": 73, "transit_adjacent": false}}, {"type": "Feature", "geometry": {"type": "Point", "coordinates": [-87.7193289475, 41.8531945151]}, "properties": {"name": "GREEN TOMATO CAFE", "address": "3750 W OGDEN AVE 1ST", "type": "Corner store / food mart", "ca_name": "NORTH LAWNDALE", "placement_score": 1.8, "need": 1.2, "reach": 1.5, "recent_deaths_400m": 1, "nearest_nax_km": 0.38, "blight_score": 31.5, "hardship": 87, "transit_adjacent": true}}, {"type": "Feature", "geometry": {"type": "Point", "coordinates": [-87.631747196, 41.706949623]}, "properties": {"name": "CHAZAP INC.", "address": "325 W 103RD ST", "type": "Barbershop / salon", "ca_name": "ROSELAND", "placement_score": 1.8, "need": 3.0, "reach": 0.6, "recent_deaths_400m": 2, "nearest_nax_km": 1.69, "blight_score": 48.9, "hardship": 52, "transit_adjacent": false}}, {"type": "Feature", "geometry": {"type": "Point", "coordinates": [-87.7029485311, 41.9102780062]}, "properties": {"name": "ALL AMERICAN A HUMBLE BAR", "address": "3018 W NORTH AVE 1ST", "type": "Tobacco / vape", "ca_name": "HUMBOLDT PARK", "placement_score": 1.7, "need": 2.5, "reach": 0.7, "recent_deaths_400m": 4, "nearest_nax_km": 0.19, "blight_score": 34.9, "hardship": 85, "transit_adjacent": false}}, {"type": "Feature", "geometry": {"type": "Point", "coordinates": [-87.7429617024, 41.8058924065]}, "properties": {"name": "BP MIDWAY", "address": "4759 S CICERO AVE", "type": "Tobacco / vape", "ca_name": "GARFIELD RIDGE", "placement_score": 1.7, "need": 2.4, "reach": 0.7, "recent_deaths_400m": 2, "nearest_nax_km": 1.46, "blight_score": 6.9, "hardship": 32, "transit_adjacent": false}}, {"type": "Feature", "geometry": {"type": "Point", "coordinates": [-87.7404589449, 41.902331663]}, "properties": {"name": "Fruteria Lina", "address": "4545 W DIVISION ST  XX", "type": "Corner store / food mart", "ca_name": "HUMBOLDT PARK", "placement_score": 1.6, "need": 1.6, "reach": 1.0, "recent_deaths_400m": 1, "nearest_nax_km": 0.73, "blight_score": 34.9, "hardship": 85, "transit_adjacent": false}}, {"type": "Feature", "geometry": {"type": "Point", "coordinates": [-87.7952963454, 41.9091296711]}, "properties": {"name": "LINDA MICHIOCANA", "address": "6808 W NORTH AVE 1", "type": "Corner store / food mart", "ca_name": "AUSTIN", "placement_score": 1.6, "need": 1.6, "reach": 1.0, "recent_deaths_400m": 1, "nearest_nax_km": 2.18, "blight_score": 50.4, "hardship": 73, "transit_adjacent": false}}, {"type": "Feature", "geometry": {"type": "Point", "coordinates": [-87.7834981845, 41.9094260937]}, "properties": {"name": "WALGREENS #04152", "address": "1606 N MOBILE AVE 1ST", "type": "Corner store / food mart", "ca_name": "AUSTIN", "placement_score": 1.6, "need": 1.6, "reach": 1.0, "recent_deaths_400m": 1, "nearest_nax_km": 1.21, "blight_score": 50.4, "hardship": 73, "transit_adjacent": false}}, {"type": "Feature", "geometry": {"type": "Point", "coordinates": [-87.7644691324, 41.9151582604]}, "properties": {"name": "AMC THEATRES GALEWOOD 14", "address": "5530 W HOMER ST 1ST", "type": "Corner store / food mart", "ca_name": "AUSTIN", "placement_score": 1.6, "need": 1.6, "reach": 1.0, "recent_deaths_400m": 1, "nearest_nax_km": 0.72, "blight_score": 50.4, "hardship": 73, "transit_adjacent": false}}, {"type": "Feature", "geometry": {"type": "Point", "coordinates": [-87.7993386036, 41.9090757489]}, "properties": {"name": "FUE CITY CHINESE RESTUARANT", "address": "6954 W NORTH AVE", "type": "Corner store / food mart", "ca_name": "AUSTIN", "placement_score": 1.6, "need": 1.6, "reach": 1.0, "recent_deaths_400m": 1, "nearest_nax_km": 2.49, "blight_score": 50.4, "hardship": 73, "transit_adjacent": false}}, {"type": "Feature", "geometry": {"type": "Point", "coordinates": [-87.7948876154, 41.916910609]}, "properties": {"name": "GUCKENHEIMER ENTERPRISES, INC.", "address": "2019 N OAK PARK AVE", "type": "Corner store / food mart", "ca_name": "AUSTIN", "placement_score": 1.6, "need": 1.6, "reach": 1.0, "recent_deaths_400m": 1, "nearest_nax_km": 2.3, "blight_score": 50.4, "hardship": 73, "transit_adjacent": false}}, {"type": "Feature", "geometry": {"type": "Point", "coordinates": [-87.7970900667, 41.9091057856]}, "properties": {"name": "GRAND SLAM PIZZA", "address": "6856 W NORTH AVE", "type": "Corner store / food mart", "ca_name": "AUSTIN", "placement_score": 1.6, "need": 1.6, "reach": 1.0, "recent_deaths_400m": 1, "nearest_nax_km": 2.33, "blight_score": 50.4, "hardship": 73, "transit_adjacent": false}}, {"type": "Feature", "geometry": {"type": "Point", "coordinates": [-87.7573190308, 41.9132484245]}, "properties": {"name": "J & K  FAMILY GROCERY", "address": "5236 W BLOOMINGDALE AVE", "type": "Corner store / food mart", "ca_name": "AUSTIN", "placement_score": 1.6, "need": 1.6, "reach": 1.0, "recent_deaths_400m": 1, "nearest_nax_km": 1.04, "blight_score": 50.4, "hardship": 73, "transit_adjacent": false}}, {"type": "Feature", "geometry": {"type": "Point", "coordinates": [-87.6978177283, 41.7862289943]}, "properties": {"name": "PIZZA BY GENEO", "address": "2945 W 59TH ST 1ST", "type": "Corner store / food mart", "ca_name": "CHICAGO LAWN", "placement_score": 1.6, "need": 1.6, "reach": 1.0, "recent_deaths_400m": 1, "nearest_nax_km": 0.67, "blight_score": 34.7, "hardship": 80, "transit_adjacent": false}}, {"type": "Feature", "geometry": {"type": "Point", "coordinates": [-87.677489873, 41.7500659335]}, "properties": {"name": "FIRST CHURCH OF LOVE AND FAITH", "address": "2147 W 79TH ST", "type": "Corner store / food mart", "ca_name": "AUBURN GRESHAM", "placement_score": 1.6, "need": 1.6, "reach": 1.0, "recent_deaths_400m": 1, "nearest_nax_km": 2.08, "blight_score": 39.4, "hardship": 74, "transit_adjacent": false}}, {"type": "Feature", "geometry": {"type": "Point", "coordinates": [-87.5485393834, 41.725857253]}, "properties": {"name": "LAVISH LYFE STAFFING", "address": "9316 S BALTIMORE AVE", "type": "Corner store / food mart", "ca_name": "SOUTH CHICAGO", "placement_score": 1.6, "need": 1.6, "reach": 1.0, "recent_deaths_400m": 1, "nearest_nax_km": 0.51, "blight_score": 40.7, "hardship": 75, "transit_adjacent": false}}, {"type": "Feature", "geometry": {"type": "Point", "coordinates": [-87.6499608907, 41.7506626956]}, "properties": {"name": "COOKIE'S COCKTAIL LOUNGE", "address": "1024 W 79TH ST 1", "type": "Corner store / food mart", "ca_name": "AUBURN GRESHAM", "placement_score": 1.6, "need": 1.6, "reach": 1.0, "recent_deaths_400m": 1, "nearest_nax_km": 0.83, "blight_score": 39.4, "hardship": 74, "transit_adjacent": false}}, {"type": "Feature", "geometry": {"type": "Point", "coordinates": [-87.6561214383, 41.7503520182]}, "properties": {"name": "PAL DOLLAR, GROCERY & CELLULAR, INC.", "address": "1259 W 79TH ST GROUND", "type": "Corner store / food mart", "ca_name": "AUBURN GRESHAM", "placement_score": 1.6, "need": 1.6, "reach": 1.0, "recent_deaths_400m": 1, "nearest_nax_km": 0.79, "blight_score": 39.4, "hardship": 74, "transit_adjacent": false}}, {"type": "Feature", "geometry": {"type": "Point", "coordinates": [-87.6908413389, 41.7699292423]}, "properties": {"name": "HOLY CROSS HOSPITAL", "address": "2701 W 68TH ST", "type": "Corner store / food mart", "ca_name": "CHICAGO LAWN", "placement_score": 1.6, "need": 1.6, "reach": 1.0, "recent_deaths_400m": 1, "nearest_nax_km": 1.7, "blight_score": 34.7, "hardship": 80, "transit_adjacent": false}}, {"type": "Feature", "geometry": {"type": "Point", "coordinates": [-87.5598804816, 41.7371842585]}, "properties": {"name": "TIP TOP LAUNDRY & DRY CLEANERS", "address": "8700 S SAGINAW AVE", "type": "Corner store / food mart", "ca_name": "SOUTH CHICAGO", "placement_score": 1.6, "need": 1.6, "reach": 1.0, "recent_deaths_400m": 1, "nearest_nax_km": 1.03, "blight_score": 40.7, "hardship": 75, "transit_adjacent": false}}, {"type": "Feature", "geometry": {"type": "Point", "coordinates": [-87.6479959705, 41.7506912547]}, "properties": {"name": "CAPO STEAKS", "address": "938 W 79TH ST", "type": "Corner store / food mart", "ca_name": "AUBURN GRESHAM", "placement_score": 1.6, "need": 1.6, "reach": 1.0, "recent_deaths_400m": 1, "nearest_nax_km": 0.91, "blight_score": 39.4, "hardship": 74, "transit_adjacent": false}}, {"type": "Feature", "geometry": {"type": "Point", "coordinates": [-87.739700644, 41.909596143]}, "properties": {"name": "TACO BELL", "address": "4523 W NORTH AVE 1ST", "type": "Corner store / food mart", "ca_name": "HUMBOLDT PARK", "placement_score": 1.5, "need": 1.5, "reach": 1.0, "recent_deaths_400m": 1, "nearest_nax_km": 0.47, "blight_score": 34.9, "hardship": 85, "transit_adjacent": false}}, {"type": "Feature", "geometry": {"type": "Point", "coordinates": [-87.6426845876, 41.706828646]}, "properties": {"name": "MARATHON", "address": "10301 S HALSTED ST", "type": "Gas / filling station", "ca_name": "ROSELAND", "placement_score": 1.5, "need": 1.5, "reach": 1.0, "recent_deaths_400m": 1, "nearest_nax_km": 1.57, "blight_score": 48.9, "hardship": 52, "transit_adjacent": false}}, {"type": "Feature", "geometry": {"type": "Point", "coordinates": [-87.6422257096, 41.6920977161]}, "properties": {"name": "BLOCKBUSTER VIDEO #17446", "address": "11107 S HALSTED ST 1ST", "type": "Corner store / food mart", "ca_name": "ROSELAND", "placement_score": 1.5, "need": 1.5, "reach": 1.0, "recent_deaths_400m": 1, "nearest_nax_km": 1.56, "blight_score": 48.9, "hardship": 52, "transit_adjacent": false}}, {"type": "Feature", "geometry": {"type": "Point", "coordinates": [-87.634299107, 41.7508890686]}, "properties": {"name": "VINCENNES FOOD", "address": "400 W 79TH ST", "type": "Corner store / food mart", "ca_name": "GREATER GRAND CROSSING", "placement_score": 1.5, "need": 1.5, "reach": 1.0, "recent_deaths_400m": 1, "nearest_nax_km": 1.64, "blight_score": 35.0, "hardship": 66, "transit_adjacent": false}}, {"type": "Feature", "geometry": {"type": "Point", "coordinates": [-87.6052040371, 41.7221517854]}, "properties": {"name": "FANFARES CATERING", "address": "742 E 95TH ST", "type": "Corner store / food mart", "ca_name": "ROSELAND", "placement_score": 1.5, "need": 1.5, "reach": 1.0, "recent_deaths_400m": 1, "nearest_nax_km": 1.59, "blight_score": 48.9, "hardship": 52, "transit_adjacent": false}}, {"type": "Feature", "geometry": {"type": "Point", "coordinates": [-87.642650312, 41.7056975486]}, "properties": {"name": "CHOICE CHINA WOK, INC.", "address": "10341 S HALSTED ST", "type": "Corner store / food mart", "ca_name": "ROSELAND", "placement_score": 1.5, "need": 1.5, "reach": 1.0, "recent_deaths_400m": 1, "nearest_nax_km": 1.69, "blight_score": 48.9, "hardship": 52, "transit_adjacent": false}}, {"type": "Feature", "geometry": {"type": "Point", "coordinates": [-87.6351958981, 41.6923343638]}, "properties": {"name": "M AND Z FOOD MARKET INC.", "address": "501 W 111TH ST", "type": "Corner store / food mart", "ca_name": "ROSELAND", "placement_score": 1.5, "need": 1.5, "reach": 1.0, "recent_deaths_400m": 1, "nearest_nax_km": 1.45, "blight_score": 48.9, "hardship": 52, "transit_adjacent": false}}, {"type": "Feature", "geometry": {"type": "Point", "coordinates": [-87.6422774341, 41.6938063943]}, "properties": {"name": "TRI-M NUT COMPANY", "address": "11011 S HALSTED ST", "type": "Corner store / food mart", "ca_name": "ROSELAND", "placement_score": 1.5, "need": 1.5, "reach": 1.0, "recent_deaths_400m": 1, "nearest_nax_km": 1.75, "blight_score": 48.9, "hardship": 52, "transit_adjacent": false}}, {"type": "Feature", "geometry": {"type": "Point", "coordinates": [-87.706063138, 41.9102314434]}, "properties": {"name": "NORTH AVE BP", "address": "3138-3150 W NORTH AVE", "type": "Gas / filling station", "ca_name": "HUMBOLDT PARK", "placement_score": 1.4, "need": 1.4, "reach": 1.0, "recent_deaths_400m": 3, "nearest_nax_km": 0.07, "blight_score": 34.9, "hardship": 85, "transit_adjacent": false}}, {"type": "Feature", "geometry": {"type": "Point", "coordinates": [-87.6320192852, 41.7507112587]}, "properties": {"name": "LEGENDS CHICKEN & FISH CAFE", "address": "303 W 79TH ST", "type": "Corner store / food mart", "ca_name": "CHATHAM", "placement_score": 1.4, "need": 1.4, "reach": 1.0, "recent_deaths_400m": 1, "nearest_nax_km": 1.45, "blight_score": 20.3, "hardship": 60, "transit_adjacent": false}}, {"type": "Feature", "geometry": {"type": "Point", "coordinates": [-87.6354206668, 41.7467335559]}, "properties": {"name": "ORIGINAL PIZZA BY GENEO'S", "address": "8112 S VINCENNES AVE", "type": "Corner store / food mart", "ca_name": "CHATHAM", "placement_score": 1.4, "need": 1.4, "reach": 1.0, "recent_deaths_400m": 1, "nearest_nax_km": 1.8, "blight_score": 20.3, "hardship": 60, "transit_adjacent": false}}, {"type": "Feature", "geometry": {"type": "Point", "coordinates": [-87.624074424, 41.7394651314]}, "properties": {"name": "THE NATURAL CONNECTION", "address": "8517 S STATE ST", "type": "Corner store / food mart", "ca_name": "CHATHAM", "placement_score": 1.4, "need": 1.4, "reach": 1.0, "recent_deaths_400m": 1, "nearest_nax_km": 1.5, "blight_score": 20.3, "hardship": 60, "transit_adjacent": false}}, {"type": "Feature", "geometry": {"type": "Point", "coordinates": [-87.6130757851, 41.7366337615]}, "properties": {"name": "RIB JOINT INC", "address": "432 E 87TH ST # 1ST", "type": "Corner store / food mart", "ca_name": "CHATHAM", "placement_score": 1.4, "need": 1.4, "reach": 1.0, "recent_deaths_400m": 1, "nearest_nax_km": 1.59, "blight_score": 20.3, "hardship": 60, "transit_adjacent": false}}, {"type": "Feature", "geometry": {"type": "Point", "coordinates": [-87.592561207, 41.7733806909]}, "properties": {"name": "MIDWAY FOOD & LIQUORS NO. 2", "address": "1344 E 67TH ST 1", "type": "Corner store / food mart", "ca_name": "WOODLAWN", "placement_score": 1.4, "need": 1.4, "reach": 1.0, "recent_deaths_400m": 1, "nearest_nax_km": 1.37, "blight_score": 17.2, "hardship": 58, "transit_adjacent": false}}, {"type": "Feature", "geometry": {"type": "Point", "coordinates": [-87.5951856988, 41.7859521867]}, "properties": {"name": "THE STUDY AT UNIVERSITY OF CHICAGO/TRUTH BE TOLD", "address": "1227 E 60TH ST 1-12", "type": "Corner store / food mart", "ca_name": "WOODLAWN", "placement_score": 1.4, "need": 1.4, "reach": 1.0, "recent_deaths_400m": 1, "nearest_nax_km": 1.16, "blight_score": 17.2, "hardship": 58, "transit_adjacent": false}}, {"type": "Feature", "geometry": {"type": "Point", "coordinates": [-87.6256838706, 41.7392330025]}, "properties": {"name": "SOFT SHEEN/CARSON", "address": "8522 S LAFAYETTE AVE", "type": "Corner store / food mart", "ca_name": "CHATHAM", "placement_score": 1.4, "need": 1.4, "reach": 1.0, "recent_deaths_400m": 1, "nearest_nax_km": 1.59, "blight_score": 20.3, "hardship": 60, "transit_adjacent": false}}, {"type": "Feature", "geometry": {"type": "Point", "coordinates": [-87.5904451229, 41.7840936225]}, "properties": {"name": "B' GABS GOODIES, LLC", "address": "6100 S BLACKSTONE AVE 1ST", "type": "Corner store / food mart", "ca_name": "WOODLAWN", "placement_score": 1.4, "need": 1.4, "reach": 1.0, "recent_deaths_400m": 1, "nearest_nax_km": 1.43, "blight_score": 17.2, "hardship": 58, "transit_adjacent": false}}, {"type": "Feature", "geometry": {"type": "Point", "coordinates": [-87.5973785212, 41.7858573361]}, "properties": {"name": "1155 CAFE", "address": "1155 E 60TH ST 1ST", "type": "Corner store / food mart", "ca_name": "WOODLAWN", "placement_score": 1.4, "need": 1.4, "reach": 1.0, "recent_deaths_400m": 1, "nearest_nax_km": 1.01, "blight_score": 17.2, "hardship": 58, "transit_adjacent": false}}, {"type": "Feature", "geometry": {"type": "Point", "coordinates": [-87.6338918971, 41.7408592277]}, "properties": {"name": "WALMART #5781", "address": "8431 S STEWART AVE", "type": "Corner store / food mart", "ca_name": "CHATHAM", "placement_score": 1.4, "need": 1.4, "reach": 1.0, "recent_deaths_400m": 1, "nearest_nax_km": 1.96, "blight_score": 20.3, "hardship": 60, "transit_adjacent": false}}, {"type": "Feature", "geometry": {"type": "Point", "coordinates": [-87.5990682238, 41.7858403021]}, "properties": {"name": "UNIVERSITY OF CHICAGO", "address": "1111 E 60TH ST 1ST", "type": "Corner store / food mart", "ca_name": "WOODLAWN", "placement_score": 1.4, "need": 1.4, "reach": 1.0, "recent_deaths_400m": 1, "nearest_nax_km": 0.9, "blight_score": 17.2, "hardship": 58, "transit_adjacent": false}}, {"type": "Feature", "geometry": {"type": "Point", "coordinates": [-87.6010221214, 41.7849935307]}, "properties": {"name": "The University of Chicago", "address": "6031 S ELLIS AVE 1ST", "type": "Corner store / food mart", "ca_name": "WOODLAWN", "placement_score": 1.4, "need": 1.4, "reach": 1.0, "recent_deaths_400m": 1, "nearest_nax_km": 0.72, "blight_score": 17.2, "hardship": 58, "transit_adjacent": false}}, {"type": "Feature", "geometry": {"type": "Point", "coordinates": [-87.6339369307, 41.7425776173]}, "properties": {"name": "J & A GRILL, INC.", "address": "8331 S STEWART AVE 1ST", "type": "Corner store / food mart", "ca_name": "CHATHAM", "placement_score": 1.4, "need": 1.4, "reach": 1.0, "recent_deaths_400m": 1, "nearest_nax_km": 1.86, "blight_score": 20.3, "hardship": 60, "transit_adjacent": false}}, {"type": "Feature", "geometry": {"type": "Point", "coordinates": [-87.5865913664, 41.77966308]}, "properties": {"name": "FRESH 2 U CAFE", "address": "6330 S STONY ISLAND AVE 1ST", "type": "Corner store / food mart", "ca_name": "WOODLAWN", "placement_score": 1.4, "need": 1.4, "reach": 1.0, "recent_deaths_400m": 1, "nearest_nax_km": 1.68, "blight_score": 17.2, "hardship": 58, "transit_adjacent": false}}, {"type": "Feature", "geometry": {"type": "Point", "coordinates": [-87.5863786917, 41.783149448]}, "properties": {"name": "OBAMA PRESIDENTIAL CENTER - HOME COURT", "address": "6121 S STONY ISLAND AVE LL-2", "type": "Corner store / food mart", "ca_name": "WOODLAWN", "placement_score": 1.4, "need": 1.4, "reach": 1.0, "recent_deaths_400m": 1, "nearest_nax_km": 1.73, "blight_score": 17.2, "hardship": 58, "transit_adjacent": false}}, {"type": "Feature", "geometry": {"type": "Point", "coordinates": [-87.6020108469, 41.7640703191]}, "properties": {"name": "GARY COMER YOUTH CENTER", "address": "7200 S INGLESIDE AVE", "type": "Corner store / food mart", "ca_name": "GREATER GRAND CROSSING", "placement_score": 1.3, "need": 1.3, "reach": 1.0, "recent_deaths_400m": 2, "nearest_nax_km": 0.22, "blight_score": 35.0, "hardship": 66, "transit_adjacent": false}}, {"type": "Feature", "geometry": {"type": "Point", "coordinates": [-87.7741473714, 41.794017543]}, "properties": {"name": "FAMILY DOLLAR # 8532", "address": "6190 S ARCHER AVE 1ST", "type": "Corner store / food mart", "ca_name": "GARFIELD RIDGE", "placement_score": 1.2, "need": 1.2, "reach": 1.0, "recent_deaths_400m": 1, "nearest_nax_km": 0.52, "blight_score": 6.9, "hardship": 32, "transit_adjacent": false}}, {"type": "Feature", "geometry": {"type": "Point", "coordinates": [-87.8011633047, 41.7868701488]}, "properties": {"name": "BEEFY'S", "address": "5749 S HARLEM AVE 1", "type": "Corner store / food mart", "ca_name": "GARFIELD RIDGE", "placement_score": 1.2, "need": 1.2, "reach": 1.0, "recent_deaths_400m": 1, "nearest_nax_km": 1.86, "blight_score": 6.9, "hardship": 32, "transit_adjacent": false}}, {"type": "Feature", "geometry": {"type": "Point", "coordinates": [-87.7631235064, 41.7954855208]}, "properties": {"name": "BLOCKBUSTER VIDEO #17320", "address": "5907 S ARCHER AVE", "type": "Corner store / food mart", "ca_name": "GARFIELD RIDGE", "placement_score": 1.2, "need": 1.2, "reach": 1.0, "recent_deaths_400m": 1, "nearest_nax_km": 1.45, "blight_score": 6.9, "hardship": 32, "transit_adjacent": false}}, {"type": "Feature", "geometry": {"type": "Point", "coordinates": [-87.7416456442, 41.7893293233]}, "properties": {"name": "HARRY CARAY'S SEVENTH INNING STRETCH", "address": "5700 S CICERO AVE TC19", "type": "Corner store / food mart", "ca_name": "GARFIELD RIDGE", "placement_score": 1.2, "need": 1.2, "reach": 1.0, "recent_deaths_400m": 1, "nearest_nax_km": 1.24, "blight_score": 6.9, "hardship": 32, "transit_adjacent": false}}, {"type": "Feature", "geometry": {"type": "Point", "coordinates": [-87.7719877401, 41.7943524668]}, "properties": {"name": "NICKY'S ON ARCHER, INC.", "address": "6142 S ARCHER AVE 1ST", "type": "Corner store / food mart", "ca_name": "GARFIELD RIDGE", "placement_score": 1.2, "need": 1.2, "reach": 1.0, "recent_deaths_400m": 1, "nearest_nax_km": 0.7, "blight_score": 6.9, "hardship": 32, "transit_adjacent": false}}, {"type": "Feature", "geometry": {"type": "Point", "coordinates": [-87.7705271521, 41.7943548532]}, "properties": {"name": "AFC SUSHI @ JEWEL OSCO #3721", "address": "6107 S ARCHER AVE", "type": "Corner store / food mart", "ca_name": "GARFIELD RIDGE", "placement_score": 1.2, "need": 1.2, "reach": 1.0, "recent_deaths_400m": 1, "nearest_nax_km": 0.82, "blight_score": 6.9, "hardship": 32, "transit_adjacent": false}}, {"type": "Feature", "geometry": {"type": "Point", "coordinates": [-87.7615702496, 41.7928567649]}, "properties": {"name": "SAMMYS COUNTRY KITCHEN", "address": "5542 W 55TH ST 1ST", "type": "Corner store / food mart", "ca_name": "GARFIELD RIDGE", "placement_score": 1.2, "need": 1.2, "reach": 1.0, "recent_deaths_400m": 1, "nearest_nax_km": 1.55, "blight_score": 6.9, "hardship": 32, "transit_adjacent": false}}, {"type": "Feature", "geometry": {"type": "Point", "coordinates": [-87.8010712637, 41.7847332001]}, "properties": {"name": "ROSA'S II", "address": "5859 S HARLEM AVE", "type": "Corner store / food mart", "ca_name": "GARFIELD RIDGE", "placement_score": 1.2, "need": 1.2, "reach": 1.0, "recent_deaths_400m": 1, "nearest_nax_km": 1.81, "blight_score": 6.9, "hardship": 32, "transit_adjacent": false}}, {"type": "Feature", "geometry": {"type": "Point", "coordinates": [-87.7593837007, 41.7928908089]}, "properties": {"name": "KEAN BROS INC", "address": "5448 W 55TH ST", "type": "Gas / filling station", "ca_name": "GARFIELD RIDGE", "placement_score": 1.2, "need": 1.2, "reach": 1.0, "recent_deaths_400m": 1, "nearest_nax_km": 1.73, "blight_score": 6.9, "hardship": 32, "transit_adjacent": false}}, {"type": "Feature", "geometry": {"type": "Point", "coordinates": [-87.7646934879, 41.7928002984]}, "properties": {"name": "WONDER HOSTESS", "address": "5702 W 55TH ST  1ST", "type": "Corner store / food mart", "ca_name": "GARFIELD RIDGE", "placement_score": 1.2, "need": 1.2, "reach": 1.0, "recent_deaths_400m": 1, "nearest_nax_km": 1.29, "blight_score": 6.9, "hardship": 32, "transit_adjacent": false}}, {"type": "Feature", "geometry": {"type": "Point", "coordinates": [-87.7432173676, 41.8042867132]}, "properties": {"name": "FAMILY DOLLAR #1938", "address": "4850 S CICERO AVE 1ST #", "type": "Corner store / food mart", "ca_name": "GARFIELD RIDGE", "placement_score": 1.2, "need": 1.2, "reach": 1.0, "recent_deaths_400m": 1, "nearest_nax_km": 1.43, "blight_score": 6.9, "hardship": 32, "transit_adjacent": false}}, {"type": "Feature", "geometry": {"type": "Point", "coordinates": [-87.76581798, 41.7952981996]}, "properties": {"name": "AJ'S SPORT BAR & GRILL", "address": "5978 S ARCHER AVE", "type": "Corner store / food mart", "ca_name": "GARFIELD RIDGE", "placement_score": 1.2, "need": 1.2, "reach": 1.0, "recent_deaths_400m": 1, "nearest_nax_km": 1.22, "blight_score": 6.9, "hardship": 32, "transit_adjacent": false}}, {"type": "Feature", "geometry": {"type": "Point", "coordinates": [-87.7647088708, 41.7964762424]}, "properties": {"name": "GLORIA DEI LUTHERAN CHURCH", "address": "5259 S MAJOR AVE", "type": "Corner store / food mart", "ca_name": "GARFIELD RIDGE", "placement_score": 1.2, "need": 1.2, "reach": 1.0, "recent_deaths_400m": 1, "nearest_nax_km": 1.35, "blight_score": 6.9, "hardship": 32, "transit_adjacent": false}}, {"type": "Feature", "geometry": {"type": "Point", "coordinates": [-87.742077343, 41.7929108835]}, "properties": {"name": "NUTS ON CLARK MIDWAY", "address": "5500 S CICERO AVE  CA11", "type": "Corner store / food mart", "ca_name": "GARFIELD RIDGE", "placement_score": 1.2, "need": 1.2, "reach": 1.0, "recent_deaths_400m": 1, "nearest_nax_km": 1.19, "blight_score": 6.9, "hardship": 32, "transit_adjacent": false}}, {"type": "Feature", "geometry": {"type": "Point", "coordinates": [-87.7616099989, 41.7959447587]}, "properties": {"name": "TONY O'S STUDIO 31 LOUNGE PT 2", "address": "5870 S ARCHER AVE  1", "type": "Corner store / food mart", "ca_name": "GARFIELD RIDGE", "placement_score": 1.2, "need": 1.2, "reach": 1.0, "recent_deaths_400m": 1, "nearest_nax_km": 1.58, "blight_score": 6.9, "hardship": 32, "transit_adjacent": false}}, {"type": "Feature", "geometry": {"type": "Point", "coordinates": [-87.7034164407, 41.783712063]}, "properties": {"name": "LOS PICOSITOS", "address": "6022 S KEDZIE AVE 1ST", "type": "Corner store / food mart", "ca_name": "CHICAGO LAWN", "placement_score": 1.2, "need": 1.2, "reach": 1.0, "recent_deaths_400m": 2, "nearest_nax_km": 0.2, "blight_score": 34.7, "hardship": 80, "transit_adjacent": false}}, {"type": "Feature", "geometry": {"type": "Point", "coordinates": [-87.639441864, 41.7402264112]}, "properties": {"name": "KERFOOT FOOD AND LIQUOR", "address": "8462 S VINCENNES AVE  1", "type": "Tobacco / vape", "ca_name": "AUBURN GRESHAM", "placement_score": 1.1, "need": 1.6, "reach": 0.7, "recent_deaths_400m": 1, "nearest_nax_km": 1.74, "blight_score": 39.4, "hardship": 74, "transit_adjacent": false}}, {"type": "Feature", "geometry": {"type": "Point", "coordinates": [-87.6528408777, 41.7412920601]}, "properties": {"name": "N & A FOOD MARKET", "address": "1145 W 84TH ST 1", "type": "Tobacco / vape", "ca_name": "AUBURN GRESHAM", "placement_score": 1.1, "need": 1.6, "reach": 0.7, "recent_deaths_400m": 1, "nearest_nax_km": 1.06, "blight_score": 39.4, "hardship": 74, "transit_adjacent": false}}, {"type": "Feature", "geometry": {"type": "Point", "coordinates": [-87.5978377062, 41.7565131748]}, "properties": {"name": "COLE IMPORTS, LTD.", "address": "7614 S GREENWOOD AVE", "type": "Tobacco / vape", "ca_name": "GREATER GRAND CROSSING", "placement_score": 1.1, "need": 1.5, "reach": 0.7, "recent_deaths_400m": 1, "nearest_nax_km": 0.7, "blight_score": 35.0, "hardship": 66, "transit_adjacent": false}}, {"type": "Feature", "geometry": {"type": "Point", "coordinates": [-87.6009862771, 41.7627310922]}, "properties": {"name": "CITGO", "address": "7283 S SOUTH CHICAGO AVE", "type": "Gas / filling station", "ca_name": "GREATER GRAND CROSSING", "placement_score": 0.9, "need": 0.9, "reach": 1.0, "recent_deaths_400m": 2, "nearest_nax_km": 0.06, "blight_score": 35.0, "hardship": 66, "transit_adjacent": false}}, {"type": "Feature", "geometry": {"type": "Point", "coordinates": [-87.7431568223, 41.8951637653]}, "properties": {"name": "THE ORIGINAL G & T MARGIE'S MAXWELL STREET", "address": "4646 W CHICAGO AVE", "type": "Corner store / food mart", "ca_name": "AUSTIN", "placement_score": 0.8, "need": 0.8, "reach": 1.0, "recent_deaths_400m": 1, "nearest_nax_km": 0.25, "blight_score": 50.4, "hardship": 73, "transit_adjacent": false}}, {"type": "Feature", "geometry": {"type": "Point", "coordinates": [-87.7765360295, 41.793424749]}, "properties": {"name": "VAUNT FITNESS, LLC", "address": "6255 S ARCHER AVE 1ST & BASEMENT", "type": "Corner store / food mart", "ca_name": "GARFIELD RIDGE", "placement_score": 0.7, "need": 0.7, "reach": 1.0, "recent_deaths_400m": 1, "nearest_nax_km": 0.31, "blight_score": 6.9, "hardship": 32, "transit_adjacent": false}}, {"type": "Feature", "geometry": {"type": "Point", "coordinates": [-87.5979239678, 41.7605301647]}, "properties": {"name": "LEE'S UNLEADED BLUES CLUB", "address": "7401 S SOUTH CHICAGO AVE", "type": "Tobacco / vape", "ca_name": "GREATER GRAND CROSSING", "placement_score": 0.6, "need": 0.9, "reach": 0.7, "recent_deaths_400m": 1, "nearest_nax_km": 0.3, "blight_score": 35.0, "hardship": 66, "transit_adjacent": false}}, {"type": "Feature", "geometry": {"type": "Point", "coordinates": [-87.6164084236, 41.685499133]}, "properties": {"name": "BOSE HAIR STUDIO", "address": "240 E 115TH ST 1ST", "type": "Barbershop / salon", "ca_name": "ROSELAND", "placement_score": 0.5, "need": 0.9, "reach": 0.6, "recent_deaths_400m": 2, "nearest_nax_km": 0.1, "blight_score": 48.9, "hardship": 52, "transit_adjacent": false}}, {"type": "Feature", "geometry": {"type": "Point", "coordinates": [-87.805727027, 41.9120473552]}, "properties": {"name": "AMATO'S PIZZERIA INC", "address": "1745-1747 N HARLEM AVE  3", "type": "Corner store / food mart", "ca_name": "AUSTIN", "placement_score": 0.0, "need": 0.0, "reach": 1.0, "recent_deaths_400m": 0, "nearest_nax_km": 2.81, "blight_score": 50.4, "hardship": 73, "transit_adjacent": false}}, {"type": "Feature", "geometry": {"type": "Point", "coordinates": [-87.8026219616, 41.909040116]}, "properties": {"name": "STARBUCKS COFFEE #2949", "address": "7112 W NORTH AVE", "type": "Corner store / food mart", "ca_name": "AUSTIN", "placement_score": 0.0, "need": 0.0, "reach": 1.0, "recent_deaths_400m": 0, "nearest_nax_km": 2.47, "blight_score": 50.4, "hardship": 73, "transit_adjacent": false}}, {"type": "Feature", "geometry": {"type": "Point", "coordinates": [-87.8058086701, 41.914568495]}, "properties": {"name": "MARIA'S MEXICAN RESTAURANT", "address": "1905 N HARLEM AVE 1ST", "type": "Corner store / food mart", "ca_name": "AUSTIN", "placement_score": 0.0, "need": 0.0, "reach": 1.0, "recent_deaths_400m": 0, "nearest_nax_km": 2.85, "blight_score": 50.4, "hardship": 73, "transit_adjacent": false}}, {"type": "Feature", "geometry": {"type": "Point", "coordinates": [-87.766331133, 41.8656785103]}, "properties": {"name": "FIREHOUSE AND CAPTAIN HOOKS", "address": "5648 W ROOSEVELT RD 1", "type": "Corner store / food mart", "ca_name": "AUSTIN", "placement_score": 0.0, "need": 0.0, "reach": 1.0, "recent_deaths_400m": 0, "nearest_nax_km": 1.6, "blight_score": 50.4, "hardship": 73, "transit_adjacent": false}}, {"type": "Feature", "geometry": {"type": "Point", "coordinates": [-87.8045303802, 41.9228035932]}, "properties": {"name": "HOW YOU DOIN' CAFE", "address": "2360 N NEVA AVE", "type": "Corner store / food mart", "ca_name": "AUSTIN", "placement_score": 0.0, "need": 0.0, "reach": 1.0, "recent_deaths_400m": 0, "nearest_nax_km": 2.17, "blight_score": 50.4, "hardship": 73, "transit_adjacent": false}}, {"type": "Feature", "geometry": {"type": "Point", "coordinates": [-87.8057628322, 41.9131372731]}, "properties": {"name": "OSCO DRUG #5540", "address": "1819 N HARLEM AVE 1", "type": "Tobacco / vape", "ca_name": "AUSTIN", "placement_score": 0.0, "need": 0.0, "reach": 0.7, "recent_deaths_400m": 0, "nearest_nax_km": 2.86, "blight_score": 50.4, "hardship": 73, "transit_adjacent": false}}, {"type": "Feature", "geometry": {"type": "Point", "coordinates": [-87.765597943, 41.8673156479]}, "properties": {"name": "ALDI INC STORE 14", "address": "5629 W FILLMORE ST", "type": "Liquor / package goods", "ca_name": "AUSTIN", "placement_score": 0.0, "need": 0.0, "reach": 0.9, "recent_deaths_400m": 0, "nearest_nax_km": 1.6, "blight_score": 50.4, "hardship": 73, "transit_adjacent": false}}, {"type": "Feature", "geometry": {"type": "Point", "coordinates": [-87.7910746003, 41.9091857783]}, "properties": {"name": "AJ STYLES SALON", "address": "6624 W NORTH AVE 1", "type": "Barbershop / salon", "ca_name": "AUSTIN", "placement_score": 0.0, "need": 0.0, "reach": 0.6, "recent_deaths_400m": 0, "nearest_nax_km": 1.84, "blight_score": 50.4, "hardship": 73, "transit_adjacent": false}}, {"type": "Feature", "geometry": {"type": "Point", "coordinates": [-87.8010472754, 41.9090533626]}, "properties": {"name": "LEMME GET UMMM", "address": "7016 W NORTH AVE 1ST", "type": "Corner store / food mart", "ca_name": "AUSTIN", "placement_score": 0.0, "need": 0.0, "reach": 1.0, "recent_deaths_400m": 0, "nearest_nax_km": 2.47, "blight_score": 50.4, "hardship": 73, "transit_adjacent": false}}, {"type": "Feature", "geometry": {"type": "Point", "coordinates": [-87.8056869751, 41.9109136929]}, "properties": {"name": "OSCO DRUG STORE #5512", "address": "1705 N HARLEM AVE", "type": "Liquor / package goods", "ca_name": "AUSTIN", "placement_score": 0.0, "need": 0.0, "reach": 0.9, "recent_deaths_400m": 0, "nearest_nax_km": 2.68, "blight_score": 50.4, "hardship": 73, "transit_adjacent": false}}, {"type": "Feature", "geometry": {"type": "Point", "coordinates": [-87.8055359933, 41.9160856233]}, "properties": {"name": "DOG DAY AFTERNOON", "address": "7183 W ARMITAGE AVE 1ST", "type": "Corner store / food mart", "ca_name": "AUSTIN", "placement_score": 0.0, "need": 0.0, "reach": 1.0, "recent_deaths_400m": 0, "nearest_nax_km": 2.8, "blight_score": 50.4, "hardship": 73, "transit_adjacent": false}}, {"type": "Feature", "geometry": {"type": "Point", "coordinates": [-87.7895215405, 41.9092047324]}, "properties": {"name": "Sarpino's Pizza", "address": "6526 W NORTH AVE 1", "type": "Corner store / food mart", "ca_name": "AUSTIN", "placement_score": 0.0, "need": 0.0, "reach": 1.0, "recent_deaths_400m": 0, "nearest_nax_km": 1.71, "blight_score": 50.4, "hardship": 73, "transit_adjacent": false}}, {"type": "Feature", "geometry": {"type": "Point", "coordinates": [-87.7598817238, 41.8657812464]}, "properties": {"name": "DOOR TO DOOR ORGANICS OF ILLINOIS, LLC", "address": "5412 W ROOSEVELT RD 1 1", "type": "Corner store / food mart", "ca_name": "AUSTIN", "placement_score": 0.0, "need": 0.0, "reach": 1.0, "recent_deaths_400m": 0, "nearest_nax_km": 1.09, "blight_score": 50.4, "hardship": 73, "transit_adjacent": false}}, {"type": "Feature", "geometry": {"type": "Point", "coordinates": [-87.7871288207, 41.909229895]}, "properties": {"name": "SERRELLI'S FOODS", "address": "6454 W NORTH AVE 1ST", "type": "Corner store / food mart", "ca_name": "AUSTIN", "placement_score": 0.0, "need": 0.0, "reach": 1.0, "recent_deaths_400m": 0, "nearest_nax_km": 1.51, "blight_score": 50.4, "hardship": 73, "transit_adjacent": false}}, {"type": "Feature", "geometry": {"type": "Point", "coordinates": [-87.7906721081, 41.7922841428]}, "properties": {"name": "DUNKIN DONUTS", "address": "6738 W ARCHER AVE", "type": "Corner store / food mart", "ca_name": "GARFIELD RIDGE", "placement_score": 0.0, "need": 0.0, "reach": 1.0, "recent_deaths_400m": 0, "nearest_nax_km": 0.87, "blight_score": 6.9, "hardship": 32, "transit_adjacent": false}}, {"type": "Feature", "geometry": {"type": "Point", "coordinates": [-87.7816338469, 41.7916325114]}, "properties": {"name": "JOHN PTICEK", "address": "5523 S NARRAGANSETT AVE", "type": "Corner store / food mart", "ca_name": "GARFIELD RIDGE", "placement_score": 0.0, "need": 0.0, "reach": 1.0, "recent_deaths_400m": 0, "nearest_nax_km": 0.19, "blight_score": 6.9, "hardship": 32, "transit_adjacent": false}}, {"type": "Feature", "geometry": {"type": "Point", "coordinates": [-87.7209689598, 41.8517063314]}, "properties": {"name": "DOWNING'S GROCERY", "address": "3828 W CERMAK RD  1ST", "type": "Tobacco / vape", "ca_name": "NORTH LAWNDALE", "placement_score": 0.0, "need": 0.0, "reach": 1.05, "recent_deaths_400m": 0, "nearest_nax_km": 0.56, "blight_score": 31.5, "hardship": 87, "transit_adjacent": true}}, {"type": "Feature", "geometry": {"type": "Point", "coordinates": [-87.7924853194, 41.7922482217]}, "properties": {"name": "BLUSH STUDIO & SPA", "address": "6820 W ARCHER AVE GROUND", "type": "Barbershop / salon", "ca_name": "GARFIELD RIDGE", "placement_score": 0.0, "need": 0.0, "reach": 0.6, "recent_deaths_400m": 0, "nearest_nax_km": 1.02, "blight_score": 6.9, "hardship": 32, "transit_adjacent": false}}, {"type": "Feature", "geometry": {"type": "Point", "coordinates": [-87.7889906878, 41.7923154759]}, "properties": {"name": "Edible Arrangements", "address": "6656 W ARCHER AVE 1", "type": "Corner store / food mart", "ca_name": "GARFIELD RIDGE", "placement_score": 0.0, "need": 0.0, "reach": 1.0, "recent_deaths_400m": 0, "nearest_nax_km": 0.73, "blight_score": 6.9, "hardship": 32, "transit_adjacent": false}}, {"type": "Feature", "geometry": {"type": "Point", "coordinates": [-87.7860843234, 41.7923707627]}, "properties": {"name": "LINDY'S/CHILI", "address": "6544-6546 W ARCHER AVE # 1ST", "type": "Corner store / food mart", "ca_name": "GARFIELD RIDGE", "placement_score": 0.0, "need": 0.0, "reach": 1.0, "recent_deaths_400m": 0, "nearest_nax_km": 0.49, "blight_score": 6.9, "hardship": 32, "transit_adjacent": false}}, {"type": "Feature", "geometry": {"type": "Point", "coordinates": [-87.6264055736, 41.7072364433]}, "properties": {"name": "NEW BEGINNINGS BAR-B-Q, INC", "address": "108 W 103RD ST 1", "type": "Corner store / food mart", "ca_name": "ROSELAND", "placement_score": 0.0, "need": 0.0, "reach": 1.0, "recent_deaths_400m": 0, "nearest_nax_km": 1.59, "blight_score": 48.9, "hardship": 52, "transit_adjacent": false}}, {"type": "Feature", "geometry": {"type": "Point", "coordinates": [-87.5605530338, 41.733646449]}, "properties": {"name": "Citgo", "address": "8903 S SOUTH CHICAGO AVE 1ST", "type": "Tobacco / vape", "ca_name": "SOUTH CHICAGO", "placement_score": 0.0, "need": 0.0, "reach": 0.7, "recent_deaths_400m": 0, "nearest_nax_km": 0.75, "blight_score": 40.7, "hardship": 75, "transit_adjacent": false}}, {"type": "Feature", "geometry": {"type": "Point", "coordinates": [-87.6151284906, 41.7219848299]}, "properties": {"name": "FRESH FAMILY FOODS", "address": "336 E 95TH ST 1ST FL", "type": "Corner store / food mart", "ca_name": "ROSELAND", "placement_score": 0.0, "need": 0.0, "reach": 1.0, "recent_deaths_400m": 0, "nearest_nax_km": 0.76, "blight_score": 48.9, "hardship": 52, "transit_adjacent": false}}, {"type": "Feature", "geometry": {"type": "Point", "coordinates": [-87.6423527773, 41.6962007605]}, "properties": {"name": "HOT SPOT ON HALSTED INC", "address": "10857 S HALSTED ST", "type": "Tobacco / vape", "ca_name": "ROSELAND", "placement_score": 0.0, "need": 0.0, "reach": 0.7, "recent_deaths_400m": 0, "nearest_nax_km": 2.02, "blight_score": 48.9, "hardship": 52, "transit_adjacent": false}}, {"type": "Feature", "geometry": {"type": "Point", "coordinates": [-87.6151742906, 41.7366034542]}, "properties": {"name": "FAMILY DOLLAR STORE #6642", "address": "364 E 87TH ST 1", "type": "Corner store / food mart", "ca_name": "CHATHAM", "placement_score": 0.0, "need": 0.0, "reach": 1.0, "recent_deaths_400m": 0, "nearest_nax_km": 1.59, "blight_score": 20.3, "hardship": 60, "transit_adjacent": false}}, {"type": "Feature", "geometry": {"type": "Point", "coordinates": [-87.6281539427, 41.7069927091]}, "properties": {"name": "DISCOUNT FOOD MART", "address": "157 W 103RD ST 1", "type": "Corner store / food mart", "ca_name": "ROSELAND", "placement_score": 0.0, "need": 0.0, "reach": 1.0, "recent_deaths_400m": 0, "nearest_nax_km": 1.64, "blight_score": 48.9, "hardship": 52, "transit_adjacent": false}}, {"type": "Feature", "geometry": {"type": "Point", "coordinates": [-87.653594638, 41.7506082933]}, "properties": {"name": "BJ'S MARKET & BAKERY", "address": "1156 W 79TH ST", "type": "Corner store / food mart", "ca_name": "AUBURN GRESHAM", "placement_score": 0.0, "need": 0.0, "reach": 1.0, "recent_deaths_400m": 0, "nearest_nax_km": 0.76, "blight_score": 39.4, "hardship": 74, "transit_adjacent": false}}, {"type": "Feature", "geometry": {"type": "Point", "coordinates": [-87.7819745616, 41.7930059855]}, "properties": {"name": "TINA'S", "address": "5440 S NARRAGANSETT AVE", "type": "Corner store / food mart", "ca_name": "GARFIELD RIDGE", "placement_score": 0.0, "need": 0.0, "reach": 1.0, "recent_deaths_400m": 0, "nearest_nax_km": 0.14, "blight_score": 6.9, "hardship": 32, "transit_adjacent": false}}, {"type": "Feature", "geometry": {"type": "Point", "coordinates": [-87.6320890652, 41.7398967056]}, "properties": {"name": "ALDI #88", "address": "8500 S HOLLAND RD 1", "type": "Liquor / package goods", "ca_name": "CHATHAM", "placement_score": 0.0, "need": 0.0, "reach": 0.9, "recent_deaths_400m": 0, "nearest_nax_km": 1.9, "blight_score": 20.3, "hardship": 60, "transit_adjacent": false}}, {"type": "Feature", "geometry": {"type": "Point", "coordinates": [-87.6126879142, 41.70013279]}, "properties": {"name": "T & J  FOOD MARKET, INC.", "address": "418 E 107TH ST", "type": "Corner store / food mart", "ca_name": "ROSELAND", "placement_score": 0.0, "need": 0.0, "reach": 1.0, "recent_deaths_400m": 0, "nearest_nax_km": 0.77, "blight_score": 48.9, "hardship": 52, "transit_adjacent": false}}, {"type": "Feature", "geometry": {"type": "Point", "coordinates": [-87.7432136499, 41.815346681]}, "properties": {"name": "KANWAL JIWANI CORP", "address": "4247 S CICERO AVE", "type": "Corner store / food mart", "ca_name": "GARFIELD RIDGE", "placement_score": 0.0, "need": 0.0, "reach": 1.0, "recent_deaths_400m": 0, "nearest_nax_km": 2.12, "blight_score": 6.9, "hardship": 32, "transit_adjacent": false}}, {"type": "Feature", "geometry": {"type": "Point", "coordinates": [-87.7829606098, 41.7922108012]}, "properties": {"name": "UNION FADES", "address": "6425 W ARCHER AVE", "type": "Barbershop / salon", "ca_name": "GARFIELD RIDGE", "placement_score": 0.0, "need": 0.0, "reach": 0.6, "recent_deaths_400m": 0, "nearest_nax_km": 0.24, "blight_score": 6.9, "hardship": 32, "transit_adjacent": false}}, {"type": "Feature", "geometry": {"type": "Point", "coordinates": [-87.5903968934, 41.7859954094]}, "properties": {"name": "MIDWAY GARDEN CAFE", "address": "1427 E 60TH ST 1ST", "type": "Corner store / food mart", "ca_name": "WOODLAWN", "placement_score": 0.0, "need": 0.0, "reach": 1.0, "recent_deaths_400m": 0, "nearest_nax_km": 1.51, "blight_score": 17.2, "hardship": 58, "transit_adjacent": false}}, {"type": "Feature", "geometry": {"type": "Point", "coordinates": [-87.5960764382, 41.7368817781]}, "properties": {"name": "BLU SALON / CUT", "address": "1140 E 87TH ST 1ST", "type": "Barbershop / salon", "ca_name": "CHATHAM", "placement_score": 0.0, "need": 0.0, "reach": 0.6, "recent_deaths_400m": 0, "nearest_nax_km": 1.33, "blight_score": 20.3, "hardship": 60, "transit_adjacent": false}}, {"type": "Feature", "geometry": {"type": "Point", "coordinates": [-87.632181132, 41.7434273331]}, "properties": {"name": "J & J FISH AND CHICKEN", "address": "8300 S HOLLAND RD", "type": "Corner store / food mart", "ca_name": "CHATHAM", "placement_score": 0.0, "need": 0.0, "reach": 1.0, "recent_deaths_400m": 0, "nearest_nax_km": 1.68, "blight_score": 20.3, "hardship": 60, "transit_adjacent": false}}, {"type": "Feature", "geometry": {"type": "Point", "coordinates": [-87.5708246098, 41.7766536724]}, "properties": {"name": "LA RABIDA CHILDREN'S HOSPITAL", "address": "6501 S PROMONTORY DR", "type": "Corner store / food mart", "ca_name": "WOODLAWN", "placement_score": 0.0, "need": 0.0, "reach": 1.0, "recent_deaths_400m": 0, "nearest_nax_km": 1.69, "blight_score": 17.2, "hardship": 58, "transit_adjacent": false}}, {"type": "Feature", "geometry": {"type": "Point", "coordinates": [-87.7782194243, 41.7933912143]}, "properties": {"name": "PATRICK'S TAVERN", "address": "6296 S ARCHER AVE 1ST", "type": "Tobacco / vape", "ca_name": "GARFIELD RIDGE", "placement_score": 0.0, "need": 0.0, "reach": 0.7, "recent_deaths_400m": 0, "nearest_nax_km": 0.17, "blight_score": 6.9, "hardship": 32, "transit_adjacent": false}}, {"type": "Feature", "geometry": {"type": "Point", "coordinates": [-87.6206071899, 41.7157097149]}, "properties": {"name": "JONES FOOD MART", "address": "9818 S MICHIGAN AVE 1ST", "type": "Corner store / food mart", "ca_name": "ROSELAND", "placement_score": 0.0, "need": 0.0, "reach": 1.0, "recent_deaths_400m": 0, "nearest_nax_km": 0.75, "blight_score": 48.9, "hardship": 52, "transit_adjacent": false}}, {"type": "Feature", "geometry": {"type": "Point", "coordinates": [-87.6405999249, 41.692266163]}, "properties": {"name": "VENUS AND MARS", "address": "715 W 111TH ST", "type": "Barbershop / salon", "ca_name": "ROSELAND", "placement_score": 0.0, "need": 0.0, "reach": 0.6, "recent_deaths_400m": 0, "nearest_nax_km": 1.59, "blight_score": 48.9, "hardship": 52, "transit_adjacent": false}}, {"type": "Feature", "geometry": {"type": "Point", "coordinates": [-87.7395569502, 41.8154915249]}, "properties": {"name": "ALTOM TRANSPORT", "address": "4243 S KNOX AVE 1ST", "type": "Gas / filling station", "ca_name": "GARFIELD RIDGE", "placement_score": 0.0, "need": 0.0, "reach": 1.0, "recent_deaths_400m": 0, "nearest_nax_km": 1.95, "blight_score": 6.9, "hardship": 32, "transit_adjacent": false}}, {"type": "Feature", "geometry": {"type": "Point", "coordinates": [-87.579399991, 41.7786621133]}, "properties": {"name": "JACKSON PARK GOLF COURSE", "address": "6401 S RICHARDS DR 1ST", "type": "Corner store / food mart", "ca_name": "WOODLAWN", "placement_score": 0.0, "need": 0.0, "reach": 1.0, "recent_deaths_400m": 0, "nearest_nax_km": 2.22, "blight_score": 17.2, "hardship": 58, "transit_adjacent": false}}, {"type": "Feature", "geometry": {"type": "Point", "coordinates": [-87.7667534323, 41.785192674]}, "properties": {"name": "SSP AMERICA, INC.", "address": "5757 W 59TH ST 1", "type": "Corner store / food mart", "ca_name": "GARFIELD RIDGE", "placement_score": 0.0, "need": 0.0, "reach": 1.0, "recent_deaths_400m": 0, "nearest_nax_km": 1.42, "blight_score": 6.9, "hardship": 32, "transit_adjacent": false}}, {"type": "Feature", "geometry": {"type": "Point", "coordinates": [-87.6169534219, 41.7217351733]}, "properties": {"name": "ZOE VENDING", "address": "251 E 95TH ST", "type": "Corner store / food mart", "ca_name": "ROSELAND", "placement_score": 0.0, "need": 0.0, "reach": 1.0, "recent_deaths_400m": 0, "nearest_nax_km": 0.61, "blight_score": 48.9, "hardship": 52, "transit_adjacent": false}}, {"type": "Feature", "geometry": {"type": "Point", "coordinates": [-87.575451405, 41.7786362496]}, "properties": {"name": "MARINA CAFE", "address": "6401 S COAST GUARD DR", "type": "Corner store / food mart", "ca_name": "WOODLAWN", "placement_score": 0.0, "need": 0.0, "reach": 1.0, "recent_deaths_400m": 0, "nearest_nax_km": 2.05, "blight_score": 17.2, "hardship": 58, "transit_adjacent": false}}, {"type": "Feature", "geometry": {"type": "Point", "coordinates": [-87.7845819076, 41.792180655]}, "properties": {"name": "SYMPHONY", "address": "6507 W ARCHER AVE 1ST", "type": "Tobacco / vape", "ca_name": "GARFIELD RIDGE", "placement_score": 0.0, "need": 0.0, "reach": 0.7, "recent_deaths_400m": 0, "nearest_nax_km": 0.37, "blight_score": 6.9, "hardship": 32, "transit_adjacent": false}}, {"type": "Feature", "geometry": {"type": "Point", "coordinates": [-87.6321202266, 41.7387472345]}, "properties": {"name": "MOTEL SLEEPERS, INC.", "address": "8538 S HOLLAND RD 1-2", "type": "Corner store / food mart", "ca_name": "CHATHAM", "placement_score": 0.0, "need": 0.0, "reach": 1.0, "recent_deaths_400m": 0, "nearest_nax_km": 1.88, "blight_score": 20.3, "hardship": 60, "transit_adjacent": false}}, {"type": "Feature", "geometry": {"type": "Point", "coordinates": [-87.7798269304, 41.7929997908]}, "properties": {"name": "WHITE HEATHER COIFFURES INC", "address": "6340 S ARCHER AVE 1ST", "type": "Barbershop / salon", "ca_name": "GARFIELD RIDGE", "placement_score": 0.0, "need": 0.0, "reach": 0.6, "recent_deaths_400m": 0, "nearest_nax_km": 0.04, "blight_score": 6.9, "hardship": 32, "transit_adjacent": false}}, {"type": "Feature", "geometry": {"type": "Point", "coordinates": [-87.7397697261, 41.8660719371]}, "properties": {"name": "EL CENTENARIO SPORTS BAR & GRILL", "address": "4556 W ROOSEVELT RD 1ST", "type": "Corner store / food mart", "ca_name": "NORTH LAWNDALE", "placement_score": 0.0, "need": 0.0, "reach": 1.0, "recent_deaths_400m": 0, "nearest_nax_km": 0.78, "blight_score": 31.5, "hardship": 87, "transit_adjacent": false}}, {"type": "Feature", "geometry": {"type": "Point", "coordinates": [-87.7382161157, 41.8658750179]}, "properties": {"name": "PEORIA PACKING, LTD.", "address": "4521 W ROOSEVELT RD", "type": "Corner store / food mart", "ca_name": "NORTH LAWNDALE", "placement_score": 0.0, "need": 0.0, "reach": 1.0, "recent_deaths_400m": 0, "nearest_nax_km": 0.66, "blight_score": 31.5, "hardship": 87, "transit_adjacent": false}}, {"type": "Feature", "geometry": {"type": "Point", "coordinates": [-87.5864382807, 41.7857488127]}, "properties": {"name": "BON APPETIT AT OBAMA PRESIDENTIAL CENTER", "address": "6011 S STONY ISLAND AVE GARDEN LEVEL NORTH", "type": "Corner store / food mart", "ca_name": "WOODLAWN", "placement_score": 0.0, "need": 0.0, "reach": 1.0, "recent_deaths_400m": 0, "nearest_nax_km": 1.8, "blight_score": 17.2, "hardship": 58, "transit_adjacent": false}}, {"type": "Feature", "geometry": {"type": "Point", "coordinates": [-87.5747327124, 41.7812796986]}, "properties": {"name": "REGGIES ON THE BEACH", "address": "6245 S LAKE SHORE DR 1 & 2", "type": "Corner store / food mart", "ca_name": "WOODLAWN", "placement_score": 0.0, "need": 0.0, "reach": 1.0, "recent_deaths_400m": 0, "nearest_nax_km": 2.28, "blight_score": 17.2, "hardship": 58, "transit_adjacent": false}}]}